Component_ID,Temperature,Voltage,Current,Power,Time
C0001,70.938,5.004,0.2001,1.0014,10
C0001,69.989,5.0,0.1918,0.959,20
C0001,70.902,5.018,0.1961,0.9842,30
C0001,70.075,5.002,0.1994,0.9975,40
C0001,69.048,5.003,0.2046,1.0238,50
C0001,71.868,5.014,0.2027,1.0163,60
C0001,70.023,5.004,0.206,1.0308,70
C0001,70.507,5.003,0.1981,0.9914,80
C0001,70.235,5.004,0.2022,1.0119,90
C0001,70.195,5.013,0.1972,0.9885,100
C0002,74.081,4.962,0.2011,0.9979,10
C0002,73.457,4.945,0.1987,0.9826,20
C0002,73.362,4.971,0.2029,1.0088,30
C0002,72.58,4.963,0.2,0.9929,40
C0002,73.232,4.966,0.2057,1.0216,50
C0002,74.197,4.952,0.2003,0.992,60
C0002,73.837,4.97,0.1997,0.9923,70
C0002,73.527,4.949,0.1968,0.9739,80
C0002,74.126,4.974,0.2013,1.0011,90
C0002,74.24,4.964,0.199,0.9878,100
C0003,73.691,5.006,0.2267,1.1351,10
C0003,73.392,5.021,0.2306,1.1577,20
C0003,74.255,5.005,0.221,1.1061,30
C0003,73.77,5.018,0.2261,1.1346,40
C0003,73.987,5.015,0.2316,1.1616,50
C0003,74.397,5.013,0.2325,1.1654,60
C0003,74.348,5.007,0.2297,1.15,70
C0003,74.089,5.006,0.2321,1.1619,80
C0003,74.068,4.984,0.2284,1.1381,90
C0003,74.006,5.007,0.2288,1.1456,100
C0004,71.905,5.056,0.1937,0.9794,10
C0004,71.735,5.057,0.2112,1.0683,20
C0004,71.635,5.06,0.2013,1.0183,30
C0004,71.05,5.068,0.2044,1.0359,40
C0004,72.226,5.047,0.207,1.0449,50
C0004,70.91,5.062,0.2102,1.0639,60
C0004,71.157,5.051,0.2018,1.0193,70
C0004,71.449,5.041,0.2017,1.0166,80
C0004,71.114,5.061,0.1977,1.0007,90
C0004,72.681,5.049,0.2001,1.0103,100
C0005,71.781,5.03,0.2185,1.0992,10
C0005,71.27,5.015,0.2026,1.0159,20
C0005,72.179,5.03,0.2049,1.0305,30
C0005,71.835,5.029,0.2093,1.0523,40
C0005,71.973,5.018,0.2035,1.0212,50
C0005,72.094,5.03,0.2113,1.0628,60
C0005,70.892,5.009,0.2038,1.021,70
C0005,71.927,5.029,0.21,1.0564,80
C0005,72.029,5.008,0.2089,1.0463,90
C0005,70.643,5.009,0.2119,1.0612,100
C0006,71.482,5.028,0.2141,1.0766,10
C0006,71.126,4.99,0.2136,1.0656,20
C0006,71.507,5.008,0.2135,1.0692,30
C0006,71.597,4.992,0.2056,1.0262,40
C0006,71.373,5.009,0.2125,1.0643,50
C0006,70.893,5.002,0.2132,1.0663,60
C0006,71.11,5.002,0.2119,1.0597,70
C0006,70.955,5.004,0.2139,1.0702,80
C0006,72.29,5.011,0.2061,1.0328,90
C0006,71.078,5.006,0.2137,1.0696,100
C0007,72.04,5.039,0.2155,1.0858,10
C0007,72.175,5.028,0.2069,1.0402,20
C0007,71.135,5.028,0.2081,1.0462,30
C0007,72.012,5.021,0.2043,1.026,40
C0007,72.25,5.022,0.2118,1.0638,50
C0007,71.5,5.023,0.2177,1.0937,60
C0007,72.113,5.032,0.2064,1.0386,70
C0007,73.469,5.045,0.217,1.0944,80
C0007,72.533,5.026,0.2133,1.0719,90
C0007,72.665,5.02,0.2097,1.0528,100
C0008,73.923,5.06,0.23,1.1639,10
C0008,79.073,5.085,0.2369,1.2046,20
C0008,79.685,5.109,0.2458,1.2562,30
C0008,82.231,5.11,0.2637,1.3475,40
C0008,80.916,5.135,0.259,1.3296,50
C0008,82.715,5.141,0.2885,1.4829,60
C0008,84.396,5.172,0.2977,1.5398,70
C0008,89.056,5.189,0.298,1.5464,80
C0008,89.43,5.201,0.3122,1.6238,90
C0008,90.327,5.232,0.3283,1.7174,100
C0009,72.965,4.997,0.2043,1.0212,10
C0009,73.561,4.997,0.201,1.0046,20
C0009,72.817,5.012,0.2093,1.0491,30
C0009,73.247,5.008,0.201,1.0066,40
C0009,73.556,5.008,0.2007,1.0049,50
C0009,71.958,4.99,0.2008,1.0022,60
C0009,73.727,5.018,0.2018,1.0123,70
C0009,72.786,5.005,0.2036,1.0188,80
C0009,73.589,4.997,0.2073,1.0359,90
C0009,72.887,5.011,0.2024,1.0143,100
C0010,70.589,5.024,0.2007,1.0085,10
C0010,70.352,5.014,0.2079,1.0427,20
C0010,71.455,5.009,0.2047,1.0254,30
C0010,70.542,5.004,0.2021,1.011,40
C0010,71.665,5.001,0.2015,1.0076,50
C0010,70.888,5.007,0.2025,1.014,60
C0010,70.587,5.005,0.2057,1.0298,70
C0010,70.776,4.998,0.2057,1.0281,80
C0010,70.212,4.989,0.2019,1.0072,90
C0010,70.952,5.006,0.2107,1.0546,100
C0011,71.518,5.013,0.1976,0.9906,10
C0011,71.842,5.001,0.1888,0.9439,20
C0011,71.04,4.996,0.1964,0.9812,30
C0011,71.588,5.01,0.1964,0.9841,40
C0011,71.579,5.023,0.1962,0.9853,50
C0011,71.287,5.018,0.1993,1.0004,60
C0011,72.636,4.999,0.1984,0.992,70
C0011,70.675,5.008,0.1939,0.971,80
C0011,70.733,5.01,0.1873,0.9384,90
C0011,70.399,5.003,0.1968,0.9848,100
C0012,74.163,4.956,0.2078,1.0298,10
C0012,74.268,4.959,0.2196,1.0891,20
C0012,72.499,4.954,0.2147,1.0636,30
C0012,73.484,4.956,0.2171,1.0761,40
C0012,72.815,4.959,0.2151,1.0668,50
C0012,73.764,4.968,0.2102,1.0439,60
C0012,72.535,4.973,0.216,1.0741,70
C0012,73.007,4.976,0.2151,1.0704,80
C0012,74.163,4.961,0.2229,1.1058,90
C0012,74.509,4.958,0.2185,1.0835,100
C0013,74.028,5.009,0.2023,1.0134,10
C0013,74.765,5.025,0.1973,0.9916,20
C0013,72.931,5.021,0.2019,1.0137,30
C0013,74.822,5.03,0.1965,0.9882,40
C0013,74.711,5.024,0.1899,0.9538,50
C0013,74.23,5.03,0.201,1.0112,60
C0013,73.369,5.025,0.1962,0.9861,70
C0013,73.573,5.031,0.1995,1.0038,80
C0013,74.059,5.047,0.1953,0.9854,90
C0013,73.966,5.022,0.1933,0.9705,100
C0014,70.829,4.985,0.1996,0.9949,10
C0014,71.183,4.99,0.1926,0.9609,20
C0014,71.094,4.995,0.1942,0.9698,30
C0014,71.616,4.991,0.1894,0.9455,40
C0014,70.996,4.974,0.1857,0.9234,50
C0014,71.982,5.013,0.1907,0.9561,60
C0014,71.507,5.0,0.204,1.0201,70
C0014,71.833,4.996,0.1879,0.9386,80
C0014,70.198,4.999,0.1887,0.9432,90
C0014,70.308,4.99,0.1874,0.9351,100
C0015,72.72,5.019,0.2084,1.046,10
C0015,73.752,5.037,0.2067,1.0411,20
C0015,73.277,5.023,0.2058,1.0337,30
C0015,73.165,5.014,0.2008,1.0068,40
C0015,72.892,5.028,0.209,1.0505,50
C0015,72.11,5.025,0.2066,1.0382,60
C0015,71.952,5.023,0.2068,1.0388,70
C0015,71.83,5.022,0.1984,0.9965,80
C0015,72.738,5.031,0.2081,1.047,90
C0015,72.47,5.03,0.2055,1.0339,100
C0016,70.199,5.008,0.2034,1.0185,10
C0016,71.543,4.995,0.1988,0.993,20
C0016,70.225,5.003,0.207,1.036,30
C0016,70.659,5.009,0.1994,0.9987,40
C0016,71.161,4.991,0.2034,1.0152,50
C0016,71.23,4.994,0.2045,1.0212,60
C0016,71.805,4.997,0.2094,1.0462,70
C0016,70.523,5.008,0.2118,1.0606,80
C0016,69.718,4.995,0.2083,1.0406,90
C0016,71.079,5.007,0.2036,1.0193,100
C0017,72.8,5.041,0.2014,1.0153,10
C0017,72.541,5.044,0.2012,1.015,20
C0017,73.353,5.025,0.2005,1.0075,30
C0017,72.57,5.057,0.198,1.0015,40
C0017,73.513,5.041,0.1901,0.9583,50
C0017,73.363,5.039,0.1927,0.9711,60
C0017,72.742,5.045,0.2023,1.0208,70
C0017,73.268,5.048,0.1955,0.987,80
C0017,72.904,5.049,0.2013,1.0165,90
C0017,72.207,5.043,0.2011,1.0141,100
C0018,73.595,4.997,0.2053,1.0259,10
C0018,73.357,5.006,0.2001,1.0016,20
C0018,74.158,5.009,0.2061,1.0325,30
C0018,73.565,5.003,0.1981,0.9909,40
C0018,73.604,5.009,0.205,1.027,50
C0018,73.318,5.014,0.2074,1.04,60
C0018,74.119,5.024,0.1989,0.9993,70
C0018,73.124,4.988,0.208,1.0373,80
C0018,74.264,5.005,0.2031,1.0165,90
C0018,73.196,5.03,0.2025,1.0186,100
C0019,79.397,5.068,0.2222,1.126,10
C0019,83.315,5.086,0.2371,1.206,20
C0019,83.954,5.127,0.2488,1.2758,30
C0019,86.645,5.13,0.2544,1.3052,40
C0019,87.551,5.135,0.2692,1.3827,50
C0019,87.857,5.141,0.2757,1.4172,60
C0019,91.988,5.174,0.2815,1.4562,70
C0019,91.962,5.203,0.2894,1.5054,80
C0019,95.184,5.202,0.3061,1.5921,90
C0019,95.986,5.221,0.3173,1.6568,100
C0020,72.992,4.977,0.1928,0.9595,10
C0020,73.075,4.98,0.2016,1.0042,20
C0020,71.421,4.994,0.2006,1.0018,30
C0020,71.767,4.979,0.1941,0.9667,40
C0020,72.167,4.975,0.1912,0.9511,50
C0020,74.063,4.992,0.2007,1.002,60
C0020,73.444,4.971,0.1935,0.9621,70
C0020,73.305,4.971,0.1985,0.9865,80
C0020,72.867,4.979,0.1985,0.9882,90
C0020,73.278,4.979,0.2003,0.9971,100
C0021,72.073,4.959,0.1834,0.9094,10
C0021,71.804,4.954,0.1897,0.9397,20
C0021,70.166,4.984,0.178,0.887,30
C0021,69.962,4.966,0.1905,0.9462,40
C0021,70.996,4.969,0.192,0.9541,50
C0021,72.307,4.979,0.1842,0.9168,60
C0021,70.763,4.959,0.187,0.9276,70
C0021,70.036,4.977,0.1947,0.9689,80
C0021,71.445,4.967,0.1887,0.9376,90
C0021,71.986,4.988,0.1826,0.9109,100
C0022,72.391,4.945,0.1918,0.9486,10
C0022,72.33,4.947,0.1867,0.9237,20
C0022,72.399,4.931,0.1861,0.9175,30
C0022,71.954,4.935,0.194,0.9573,40
C0022,72.196,4.971,0.1917,0.9531,50
C0022,72.876,4.936,0.1926,0.9505,60
C0022,72.42,4.946,0.2,0.9892,70
C0022,72.708,4.956,0.187,0.9266,80
C0022,72.744,4.962,0.1873,0.9293,90
C0022,73.853,4.952,0.1875,0.9285,100
C0023,71.055,5.015,0.185,0.9277,10
C0023,71.007,5.029,0.1892,0.9513,20
C0023,70.74,5.041,0.1901,0.9585,30
C0023,70.096,5.034,0.1798,0.9051,40
C0023,70.334,5.036,0.1864,0.9389,50
C0023,70.636,5.026,0.1904,0.957,60
C0023,70.32,5.023,0.1894,0.9516,70
C0023,69.525,5.033,0.1817,0.9146,80
C0023,71.135,5.025,0.1864,0.9369,90
C0023,70.616,5.009,0.1833,0.918,100
C0024,73.615,5.019,0.205,1.0291,10
C0024,74.411,5.031,0.2057,1.0347,20
C0024,73.298,5.023,0.2134,1.072,30
C0024,73.252,5.004,0.206,1.0307,40
C0024,72.759,4.999,0.2031,1.0153,50
C0024,73.105,5.008,0.2081,1.0419,60
C0024,74.496,4.998,0.2111,1.0549,70
C0024,73.437,5.008,0.2098,1.0507,80
C0024,72.892,5.012,0.2078,1.0414,90
C0024,73.861,5.011,0.2169,1.0871,100
C0025,70.85,4.977,0.2038,1.0142,10
C0025,71.0,4.97,0.2076,1.032,20
C0025,71.853,4.985,0.2029,1.0117,30
C0025,70.801,4.975,0.2139,1.064,40
C0025,71.786,4.974,0.2051,1.0201,50
C0025,71.006,4.988,0.2066,1.0306,60
C0025,71.874,4.974,0.2049,1.0189,70
C0025,70.175,4.969,0.208,1.0335,80
C0025,70.653,4.974,0.2044,1.0167,90
C0025,71.641,4.971,0.1905,0.9472,100
C0026,71.104,5.004,0.2107,1.0542,10
C0026,70.479,4.991,0.2128,1.0621,20
C0026,71.187,4.99,0.2126,1.0611,30
C0026,71.396,4.999,0.2109,1.0546,40
C0026,70.594,4.987,0.2132,1.0631,50
C0026,70.205,4.989,0.2068,1.0316,60
C0026,70.712,4.998,0.2091,1.0452,70
C0026,70.723,4.972,0.2113,1.0507,80
C0026,71.082,5.007,0.2071,1.0371,90
C0026,70.826,4.988,0.2147,1.0707,100
C0027,74.059,4.955,0.1998,0.9899,10
C0027,73.596,4.959,0.1942,0.9628,20
C0027,74.392,4.952,0.2019,0.9999,30
C0027,74.034,4.951,0.2009,0.9947,40
C0027,72.592,4.964,0.2057,1.0212,50
C0027,72.793,4.953,0.1965,0.9731,60
C0027,73.707,4.963,0.2054,1.0192,70
C0027,74.487,4.97,0.2005,0.9965,80
C0027,73.125,4.956,0.2039,1.0106,90
C0027,73.077,4.973,0.205,1.0195,100
C0028,71.641,4.974,0.2129,1.059,10
C0028,71.964,4.968,0.2133,1.0599,20
C0028,72.076,4.976,0.2123,1.0565,30
C0028,72.116,4.962,0.2173,1.0782,40
C0028,71.284,4.98,0.2114,1.0528,50
C0028,70.832,4.964,0.2088,1.0366,60
C0028,72.195,4.956,0.2098,1.0396,70
C0028,70.556,4.958,0.2019,1.0008,80
C0028,70.74,4.97,0.2147,1.067,90
C0028,71.945,4.953,0.2114,1.0468,100
C0029,76.672,4.991,0.2043,1.0198,10
C0029,75.442,4.998,0.2035,1.0171,20
C0029,75.164,5.001,0.1999,1.0,30
C0029,76.196,5.006,0.2022,1.0122,40
C0029,75.336,5.002,0.201,1.0054,50
C0029,76.69,5.003,0.2058,1.0295,60
C0029,76.012,4.994,0.2086,1.0414,70
C0029,75.672,5.009,0.2034,1.0188,80
C0029,76.393,5.003,0.2129,1.0654,90
C0029,75.381,5.001,0.2001,1.0006,100
C0030,72.243,5.004,0.2173,1.0872,10
C0030,71.278,5.005,0.213,1.0664,20
C0030,71.052,4.983,0.2187,1.0899,30
C0030,71.594,4.994,0.2234,1.1159,40
C0030,70.471,4.985,0.218,1.0868,50
C0030,71.834,5.016,0.2153,1.08,60
C0030,71.853,4.999,0.2164,1.082,70
C0030,71.736,5.006,0.2108,1.0554,80
C0030,72.092,5.013,0.2146,1.076,90
C0030,71.444,5.004,0.2182,1.0918,100
C0031,72.455,4.99,0.191,0.9533,10
C0031,71.145,4.994,0.1822,0.9097,20
C0031,72.677,4.995,0.1864,0.9313,30
C0031,72.97,4.979,0.1912,0.9521,40
C0031,72.061,4.976,0.1857,0.924,50
C0031,71.229,4.994,0.1858,0.9276,60
C0031,73.226,4.998,0.1812,0.9057,70
C0031,71.983,4.996,0.1902,0.9502,80
C0031,73.219,5.003,0.1864,0.9328,90
C0031,72.703,5.004,0.1856,0.9287,100
C0032,73.006,4.998,0.2026,1.0128,10
C0032,72.521,4.999,0.1917,0.9583,20
C0032,73.119,5.001,0.2037,1.0187,30
C0032,70.832,5.019,0.1991,0.9995,40
C0032,73.234,4.987,0.2022,1.0082,50
C0032,71.938,4.992,0.2074,1.0351,60
C0032,72.455,5.0,0.2032,1.0159,70
C0032,72.867,4.999,0.2012,1.0057,80
C0032,74.012,4.997,0.2005,1.002,90
C0032,73.2,5.009,0.2045,1.0241,100
C0033,70.544,5.059,0.1928,0.9755,10
C0033,70.57,5.063,0.1961,0.9928,20
C0033,70.579,5.032,0.1901,0.9566,30
C0033,70.994,5.055,0.1967,0.9943,40
C0033,70.747,5.062,0.1928,0.9758,50
C0033,70.438,5.039,0.1887,0.9509,60
C0033,69.379,5.04,0.2,1.0082,70
C0033,69.434,5.046,0.1887,0.9519,80
C0033,70.005,5.051,0.191,0.9648,90
C0033,71.019,5.064,0.1848,0.936,100
C0034,70.142,4.909,0.2224,1.0918,10
C0034,72.439,4.939,0.2206,1.0894,20
C0034,71.332,4.934,0.2214,1.0921,30
C0034,71.144,4.926,0.2181,1.0743,40
C0034,70.523,4.922,0.2116,1.0413,50
C0034,70.917,4.915,0.2139,1.0514,60
C0034,71.083,4.939,0.222,1.0964,70
C0034,70.033,4.915,0.2221,1.0916,80
C0034,70.386,4.923,0.2205,1.0856,90
C0034,70.395,4.926,0.213,1.0492,100
C0035,72.196,4.966,0.2114,1.05,10
C0035,72.524,4.973,0.216,1.0742,20
C0035,72.471,4.969,0.2128,1.0573,30
C0035,72.54,4.959,0.2158,1.07,40
C0035,72.06,4.969,0.2142,1.0643,50
C0035,72.689,4.965,0.2144,1.0644,60
C0035,71.904,4.99,0.2079,1.0373,70
C0035,72.384,4.964,0.2201,1.0924,80
C0035,71.498,4.977,0.2082,1.0364,90
C0035,72.028,4.976,0.2161,1.0753,100
C0036,74.382,5.009,0.1858,0.9308,10
C0036,75.419,5.0,0.1868,0.9341,20
C0036,74.776,5.0,0.1875,0.9375,30
C0036,74.313,4.977,0.185,0.9207,40
C0036,74.046,4.971,0.1892,0.9404,50
C0036,73.973,4.986,0.1828,0.9115,60
C0036,74.634,4.992,0.1811,0.9038,70
C0036,74.66,4.996,0.1842,0.9202,80
C0036,75.439,4.987,0.1862,0.9288,90
C0036,74.402,4.989,0.1893,0.9446,100
C0037,70.563,5.035,0.1915,0.9639,10
C0037,71.302,5.007,0.1905,0.954,20
C0037,69.67,5.02,0.1958,0.9828,30
C0037,70.559,5.031,0.1897,0.9543,40
C0037,70.649,5.014,0.1941,0.9733,50
C0037,70.816,5.025,0.1884,0.9466,60
C0037,69.98,5.012,0.1917,0.9609,70
C0037,70.566,5.026,0.1893,0.9514,80
C0037,69.553,5.04,0.1882,0.9484,90
C0037,71.016,5.019,0.1937,0.9721,100
C0038,72.549,5.0,0.2003,1.0013,10
C0038,72.191,4.996,0.2032,1.015,20
C0038,71.893,4.995,0.2014,1.0057,30
C0038,71.459,5.003,0.1992,0.9964,40
C0038,72.649,5.007,0.1991,0.997,50
C0038,72.488,5.016,0.2014,1.0105,60
C0038,72.004,4.989,0.1949,0.9727,70
C0038,71.815,4.996,0.1985,0.9916,80
C0038,72.032,5.008,0.1989,0.9962,90
C0038,72.29,5.003,0.1913,0.9571,100
C0039,71.655,4.967,0.206,1.0231,10
C0039,72.012,4.976,0.2021,1.0054,20
C0039,72.178,4.973,0.2015,1.0019,30
C0039,72.606,4.97,0.2044,1.0158,40
C0039,71.988,4.961,0.208,1.0317,50
C0039,72.725,4.999,0.2001,1.0005,60
C0039,72.3,4.975,0.2083,1.0362,70
C0039,72.121,4.964,0.2092,1.0383,80
C0039,72.235,4.985,0.2074,1.0337,90
C0039,72.407,4.974,0.2028,1.0086,100
C0040,71.09,4.985,0.2031,1.0124,10
C0040,72.325,4.985,0.1992,0.9932,20
C0040,72.695,4.982,0.203,1.0115,30
C0040,71.417,4.979,0.1996,0.9938,40
C0040,71.873,5.001,0.1976,0.9884,50
C0040,71.009,4.998,0.2023,1.0111,60
C0040,71.576,4.994,0.2007,1.0024,70
C0040,73.073,4.99,0.2012,1.004,80
C0040,73.272,4.978,0.2061,1.0259,90
C0040,72.157,4.997,0.2094,1.0462,100
C0041,77.283,5.048,0.2261,1.1411,10
C0041,76.559,5.06,0.2409,1.2189,20
C0041,78.365,5.093,0.2503,1.2749,30
C0041,80.37,5.107,0.2529,1.2914,40
C0041,82.488,5.128,0.271,1.3894,50
C0041,85.353,5.143,0.272,1.3988,60
C0041,89.003,5.152,0.2859,1.4728,70
C0041,88.839,5.183,0.2981,1.5451,80
C0041,90.034,5.199,0.3049,1.5851,90
C0041,92.024,5.195,0.3079,1.5995,100
C0042,72.406,5.002,0.2012,1.0064,10
C0042,71.872,4.992,0.1989,0.9929,20
C0042,72.072,5.009,0.1997,1.0006,30
C0042,72.662,5.0,0.2025,1.0124,40
C0042,72.33,4.98,0.1994,0.993,50
C0042,71.831,4.988,0.2001,0.9983,60
C0042,72.965,4.994,0.199,0.9938,70
C0042,73.243,4.996,0.2082,1.0401,80
C0042,72.561,4.976,0.2008,0.9991,90
C0042,72.45,5.006,0.2005,1.0036,100
C0043,71.068,5.012,0.2049,1.0272,10
C0043,71.781,4.985,0.2095,1.0445,20
C0043,72.492,4.994,0.2022,1.0098,30
C0043,71.791,5.014,0.2008,1.0069,40
C0043,70.961,4.995,0.2033,1.0157,50
C0043,71.134,4.978,0.209,1.0404,60
C0043,71.828,4.982,0.2125,1.0585,70
C0043,72.633,4.992,0.2113,1.0548,80
C0043,71.28,5.001,0.2033,1.0167,90
C0043,72.953,4.996,0.2071,1.0349,100
C0044,71.583,5.068,0.2128,1.0783,10
C0044,70.637,5.054,0.2097,1.0595,20
C0044,70.866,5.057,0.2125,1.0744,30
C0044,71.541,5.063,0.2156,1.0914,40
C0044,70.283,5.06,0.2068,1.0464,50
C0044,69.848,5.061,0.2092,1.0587,60
C0044,71.876,5.068,0.2056,1.0419,70
C0044,72.081,5.074,0.212,1.0757,80
C0044,70.832,5.052,0.2082,1.0518,90
C0044,71.621,5.081,0.2158,1.0966,100
C0045,70.347,4.946,0.1965,0.9716,10
C0045,70.504,4.963,0.1943,0.9643,20
C0045,70.125,4.963,0.2013,0.9992,30
C0045,69.217,4.964,0.1966,0.976,40
C0045,69.657,4.936,0.1951,0.9632,50
C0045,70.424,4.973,0.1972,0.9806,60
C0045,69.225,4.969,0.1935,0.9614,70
C0045,70.096,4.966,0.1919,0.9528,80
C0045,69.348,4.968,0.1949,0.9683,90
C0045,69.38,4.956,0.1946,0.9642,100
C0046,72.898,5.008,0.197,0.9865,10
C0046,74.183,5.0,0.1961,0.9804,20
C0046,73.415,4.994,0.1972,0.9848,30
C0046,73.6,5.002,0.1886,0.9434,40
C0046,74.632,4.999,0.1876,0.9376,50
C0046,75.051,4.992,0.1908,0.9524,60
C0046,74.472,5.011,0.19,0.9519,70
C0046,74.389,5.004,0.1968,0.9847,80
C0046,74.458,4.996,0.1907,0.9527,90
C0046,74.404,4.989,0.1823,0.9096,100
C0047,70.707,5.053,0.2145,1.0837,10
C0047,72.166,5.061,0.2116,1.0707,20
C0047,71.292,5.054,0.2166,1.0945,30
C0047,70.902,5.055,0.2188,1.1061,40
C0047,70.866,5.046,0.2145,1.0825,50
C0047,71.111,5.065,0.2154,1.0912,60
C0047,71.308,5.06,0.2112,1.0687,70
C0047,71.377,5.069,0.2103,1.0659,80
C0047,71.324,5.071,0.2162,1.0962,90
C0047,72.113,5.055,0.2068,1.0455,100
C0048,72.033,5.069,0.2089,1.059,10
C0048,72.813,5.061,0.2053,1.0388,20
C0048,71.915,5.066,0.2073,1.0503,30
C0048,72.059,5.047,0.2103,1.0615,40
C0048,73.538,5.046,0.2087,1.0532,50
C0048,73.148,5.055,0.2104,1.0639,60
C0048,71.664,5.06,0.2079,1.052,70
C0048,72.892,5.068,0.219,1.1099,80
C0048,72.649,5.059,0.2094,1.0595,90
C0048,72.089,5.06,0.2075,1.0497,100
C0049,73.539,5.009,0.2028,1.0158,10
C0049,74.657,4.988,0.1956,0.9756,20
C0049,75.307,5.016,0.1942,0.9742,30
C0049,74.373,5.006,0.1949,0.9758,40
C0049,73.494,5.018,0.2026,1.0167,50
C0049,73.801,5.023,0.1972,0.9903,60
C0049,75.447,5.011,0.1981,0.9927,70
C0049,74.935,5.003,0.2023,1.0123,80
C0049,74.039,5.007,0.1997,0.9996,90
C0049,74.406,5.018,0.2031,1.0191,100
C0050,73.827,4.972,0.196,0.9744,10
C0050,73.812,4.976,0.199,0.9904,20
C0050,73.765,4.968,0.1973,0.9799,30
C0050,74.659,4.969,0.1907,0.9474,40
C0050,74.183,4.969,0.1859,0.9236,50
C0050,74.027,4.965,0.1942,0.9642,60
C0050,73.718,4.972,0.1974,0.9815,70
C0050,73.258,4.975,0.1935,0.9629,80
C0050,73.962,4.976,0.1908,0.9496,90
C0050,74.17,4.965,0.1978,0.9821,100
C0051,72.564,4.962,0.1915,0.9503,10
C0051,71.545,4.988,0.1969,0.9823,20
C0051,71.991,4.985,0.1963,0.9786,30
C0051,73.051,4.983,0.1957,0.9749,40
C0051,72.12,4.981,0.1908,0.9507,50
C0051,72.069,4.981,0.1941,0.9668,60
C0051,73.207,4.983,0.1953,0.9731,70
C0051,72.901,5.008,0.1855,0.9288,80
C0051,72.097,4.995,0.1913,0.9556,90
C0051,73.041,4.983,0.2011,1.0022,100
C0052,70.376,5.033,0.205,1.0316,10
C0052,69.824,5.071,0.2052,1.0407,20
C0052,70.404,5.055,0.2061,1.0418,30
C0052,71.347,5.043,0.2067,1.0425,40
C0052,69.885,5.036,0.2035,1.0248,50
C0052,70.308,5.045,0.2032,1.025,60
C0052,69.487,5.048,0.1999,1.0093,70
C0052,70.786,5.05,0.2001,1.0105,80
C0052,70.145,5.042,0.2072,1.0447,90
C0052,71.135,5.03,0.2064,1.0383,100
C0053,70.992,4.995,0.1843,0.9204,10
C0053,70.82,5.005,0.1913,0.9575,20
C0053,70.44,4.98,0.1855,0.9238,30
C0053,71.33,4.992,0.196,0.9785,40
C0053,71.75,5.003,0.1907,0.9543,50
C0053,70.918,4.988,0.1901,0.9481,60
C0053,71.037,4.986,0.1841,0.9178,70
C0053,70.298,4.991,0.199,0.9932,80
C0053,70.537,4.999,0.1922,0.961,90
C0053,71.567,5.006,0.1976,0.9892,100
C0054,76.132,5.072,0.2244,1.1383,10
C0054,76.105,5.088,0.2367,1.2046,20
C0054,78.815,5.086,0.2447,1.2445,30
C0054,79.829,5.113,0.2619,1.3392,40
C0054,84.756,5.146,0.2643,1.3599,50
C0054,82.812,5.168,0.2809,1.4516,60
C0054,87.095,5.175,0.288,1.4904,70
C0054,85.97,5.203,0.3,1.5612,80
C0054,91.508,5.197,0.311,1.6161,90
C0054,90.53,5.227,0.3124,1.6332,100
C0055,70.457,4.973,0.2052,1.0207,10
C0055,70.463,4.98,0.2048,1.0201,20
C0055,69.843,4.971,0.2055,1.0214,30
C0055,71.688,4.982,0.2002,0.9976,40
C0055,69.865,4.987,0.1985,0.9899,50
C0055,70.492,4.991,0.196,0.9783,60
C0055,70.336,4.969,0.199,0.9887,70
C0055,70.497,4.989,0.2014,1.0046,80
C0055,71.096,4.972,0.1945,0.9668,90
C0055,70.871,4.967,0.2011,0.999,100
C0056,69.149,5.014,0.2009,1.007,10
C0056,69.857,5.017,0.2021,1.0141,20
C0056,69.042,5.027,0.1997,1.0039,30
C0056,70.373,5.04,0.2003,1.0096,40
C0056,68.711,5.016,0.2084,1.0454,50
C0056,71.405,5.007,0.206,1.0314,60
C0056,69.95,5.018,0.2146,1.0768,70
C0056,69.328,5.022,0.2059,1.0339,80
C0056,70.881,5.02,0.2052,1.0303,90
C0056,69.995,5.022,0.2026,1.0176,100
C0057,72.047,4.967,0.2041,1.0137,10
C0057,70.944,4.956,0.2025,1.0034,20
C0057,71.378,4.967,0.1902,0.9448,30
C0057,73.443,4.962,0.2047,1.0156,40
C0057,71.611,4.969,0.2059,1.0229,50
C0057,72.513,4.963,0.1994,0.9893,60
C0057,72.415,4.988,0.2007,1.0009,70
C0057,72.987,4.962,0.2037,1.0108,80
C0057,72.474,4.961,0.1969,0.9768,90
C0057,72.5,4.96,0.1963,0.9736,100
C0058,71.409,5.034,0.2015,1.0145,10
C0058,71.233,5.037,0.2071,1.0432,20
C0058,71.687,5.036,0.2055,1.0349,30
C0058,71.616,5.028,0.2006,1.0086,40
C0058,70.876,5.021,0.2014,1.0113,50
C0058,70.887,5.021,0.2029,1.0186,60
C0058,69.838,5.031,0.2041,1.0268,70
C0058,70.484,5.035,0.2079,1.0466,80
C0058,70.01,5.021,0.201,1.0094,90
C0058,70.41,5.037,0.2033,1.0241,100
C0059,69.703,4.979,0.2054,1.023,10
C0059,69.176,4.999,0.2007,1.0032,20
C0059,70.291,5.018,0.1955,0.9808,30
C0059,69.299,4.998,0.1962,0.9806,40
C0059,70.158,5.004,0.2029,1.0152,50
C0059,69.831,5.01,0.196,0.9819,60
C0059,69.728,4.989,0.2042,1.0186,70
C0059,68.589,4.996,0.202,1.009,80
C0059,69.12,4.99,0.2007,1.0014,90
C0059,70.262,4.986,0.1972,0.9832,100
C0060,73.403,4.968,0.1945,0.9663,10
C0060,73.805,4.968,0.1929,0.9583,20
C0060,73.923,4.959,0.1945,0.9645,30
C0060,73.339,4.935,0.1929,0.9521,40
C0060,74.542,4.969,0.1973,0.9804,50
C0060,74.43,4.961,0.1942,0.9635,60
C0060,73.318,4.956,0.1959,0.971,70
C0060,74.411,4.958,0.1916,0.9502,80
C0060,73.689,4.966,0.1877,0.9319,90
C0060,72.311,4.954,0.1886,0.9342,100
C0061,74.142,4.987,0.2052,1.0235,10
C0061,73.689,4.994,0.2007,1.0024,20
C0061,74.814,4.983,0.1952,0.9725,30
C0061,74.617,4.998,0.2011,1.0053,40
C0061,73.031,5.006,0.1938,0.97,50
C0061,73.968,4.989,0.1933,0.9644,60
C0061,73.005,4.973,0.1973,0.9812,70
C0061,72.937,4.979,0.196,0.9757,80
C0061,72.269,4.998,0.1872,0.9356,90
C0061,73.806,4.991,0.199,0.993,100
C0062,72.367,4.972,0.2107,1.0474,10
C0062,71.949,4.971,0.2113,1.0503,20
C0062,71.725,4.959,0.2093,1.038,30
C0062,72.867,4.952,0.203,1.0055,40
C0062,72.036,4.965,0.2096,1.0407,50
C0062,72.084,4.962,0.2149,1.0663,60
C0062,70.977,4.956,0.2085,1.0334,70
C0062,70.952,4.963,0.2156,1.0698,80
C0062,71.95,4.967,0.2039,1.0126,90
C0062,71.568,4.961,0.2076,1.0301,100
C0063,72.368,5.029,0.2089,1.0507,10
C0063,71.888,5.051,0.2052,1.0362,20
C0063,72.448,5.04,0.1953,0.9841,30
C0063,72.788,5.049,0.1982,1.0009,40
C0063,72.496,5.043,0.2049,1.0335,50
C0063,72.592,5.026,0.2005,1.0077,60
C0063,72.725,5.051,0.2001,1.0108,70
C0063,73.902,5.023,0.2004,1.0065,80
C0063,72.54,5.04,0.1977,0.9964,90
C0063,72.859,5.046,0.2028,1.0233,100
C0064,72.612,5.054,0.1908,0.9643,10
C0064,72.509,5.054,0.191,0.9656,20
C0064,73.58,5.059,0.192,0.9712,30
C0064,71.722,5.051,0.191,0.9647,40
C0064,73.388,5.064,0.1878,0.9513,50
C0064,72.497,5.048,0.1915,0.9668,60
C0064,73.027,5.056,0.1872,0.9466,70
C0064,72.657,5.056,0.1888,0.9548,80
C0064,73.758,5.058,0.1877,0.9492,90
C0064,72.109,5.068,0.1884,0.9547,100
C0065,70.074,4.953,0.2043,1.012,10
C0065,70.699,4.946,0.2036,1.007,20
C0065,69.036,4.966,0.197,0.9782,30
C0065,69.558,4.946,0.1959,0.9688,40
C0065,70.003,4.954,0.2012,0.9969,50
C0065,69.06,4.972,0.2042,1.0151,60
C0065,71.564,4.944,0.2058,1.0175,70
C0065,70.451,4.949,0.2076,1.0275,80
C0065,69.741,4.948,0.1881,0.9307,90
C0065,70.229,4.939,0.1998,0.9866,100
C0066,70.723,4.926,0.2065,1.0174,10
C0066,69.818,4.929,0.2064,1.0171,20
C0066,69.394,4.925,0.1996,0.9829,30
C0066,70.412,4.925,0.1996,0.9833,40
C0066,70.055,4.922,0.1972,0.9709,50
C0066,69.809,4.929,0.197,0.9709,60
C0066,70.86,4.926,0.1947,0.9591,70
C0066,70.054,4.934,0.1977,0.9753,80
C0066,70.182,4.926,0.2047,1.0086,90
C0066,70.31,4.916,0.2073,1.019,100
C0067,71.332,5.012,0.2121,1.0632,10
C0067,71.443,5.008,0.2081,1.042,20
C0067,71.578,5.017,0.2176,1.0918,30
C0067,71.122,4.997,0.2052,1.0253,40
C0067,71.197,5.018,0.2184,1.0959,50
C0067,71.592,5.006,0.2188,1.0952,60
C0067,71.657,5.003,0.2171,1.0862,70
C0067,70.781,5.012,0.2092,1.0487,80
C0067,70.369,5.017,0.2182,1.0946,90
C0067,71.483,5.008,0.2049,1.0258,100
C0068,71.711,5.02,0.2007,1.0077,10
C0068,71.673,5.03,0.2091,1.0517,20
C0068,72.188,5.021,0.2068,1.0385,30
C0068,71.491,5.028,0.2085,1.0482,40
C0068,72.183,5.016,0.1982,0.994,50
C0068,72.546,5.016,0.2033,1.02,60
C0068,72.304,5.017,0.211,1.0587,70
C0068,72.258,5.028,0.2013,1.0122,80
C0068,72.615,5.023,0.2053,1.0314,90
C0068,71.974,5.003,0.2084,1.0428,100
C0069,73.354,4.948,0.2091,1.0347,10
C0069,73.452,4.964,0.217,1.0771,20
C0069,73.48,4.95,0.2091,1.035,30
C0069,74.199,4.953,0.2153,1.0663,40
C0069,74.563,4.943,0.2118,1.047,50
C0069,74.787,4.95,0.2086,1.0323,60
C0069,73.558,4.949,0.2031,1.0051,70
C0069,73.078,4.955,0.2158,1.0693,80
C0069,73.507,4.948,0.2165,1.0715,90
C0069,73.21,4.938,0.2064,1.0193,100
C0070,71.13,4.973,0.1891,0.9403,10
C0070,71.112,4.967,0.1909,0.9481,20
C0070,72.01,4.986,0.1868,0.9312,30
C0070,71.504,4.98,0.1874,0.9332,40
C0070,71.497,4.988,0.1875,0.9351,50
C0070,70.455,4.983,0.1931,0.9619,60
C0070,71.337,4.976,0.1935,0.963,70
C0070,70.21,4.983,0.1966,0.9799,80
C0070,70.868,4.972,0.1858,0.924,90
C0070,71.314,4.978,0.1917,0.9544,100
C0071,71.337,5.016,0.1938,0.9723,10
C0071,70.459,5.008,0.1998,1.0006,20
C0071,71.126,5.013,0.1927,0.9662,30
C0071,72.363,5.026,0.1963,0.9866,40
C0071,70.838,5.016,0.1954,0.9799,50
C0071,71.003,5.004,0.1999,1.0003,60
C0071,71.241,5.029,0.1971,0.991,70
C0071,71.667,5.017,0.1875,0.9406,80
C0071,71.546,5.027,0.1958,0.9843,90
C0071,71.515,5.03,0.1923,0.9674,100
C0072,70.599,5.018,0.2201,1.1047,10
C0072,71.504,5.03,0.2247,1.1303,20
C0072,70.268,5.039,0.2165,1.0909,30
C0072,72.102,5.052,0.2158,1.0905,40
C0072,70.741,5.041,0.2174,1.0957,50
C0072,71.043,5.032,0.2112,1.063,60
C0072,71.062,5.025,0.2169,1.0902,70
C0072,71.937,5.02,0.2222,1.1152,80
C0072,70.903,5.029,0.2221,1.1169,90
C0072,71.275,5.038,0.2228,1.1224,100
C0073,69.492,4.945,0.2029,1.0035,10
C0073,71.118,4.962,0.1981,0.9831,20
C0073,71.092,4.955,0.1953,0.9679,30
C0073,70.913,4.967,0.2051,1.0184,40
C0073,69.204,4.952,0.2009,0.9947,50
C0073,70.739,4.975,0.2015,1.0024,60
C0073,70.587,4.963,0.2072,1.0281,70
C0073,69.826,4.97,0.1968,0.9783,80
C0073,70.809,4.956,0.2038,1.0099,90
C0073,70.556,4.984,0.1997,0.9952,100
C0074,74.093,4.998,0.192,0.9597,10
C0074,72.299,5.004,0.2059,1.0302,20
C0074,71.686,4.975,0.205,1.0199,30
C0074,72.871,4.985,0.1997,0.9953,40
C0074,71.056,4.994,0.1988,0.9929,50
C0074,73.192,4.983,0.1979,0.9861,60
C0074,72.082,4.996,0.194,0.969,70
C0074,72.393,4.984,0.2001,0.9974,80
C0074,73.153,4.991,0.1977,0.9867,90
C0074,71.768,4.99,0.1973,0.9848,100
C0075,72.507,4.966,0.2196,1.0905,10
C0075,72.678,4.978,0.2177,1.0837,20
C0075,72.134,4.956,0.2155,1.068,30
C0075,71.788,4.991,0.2176,1.0859,40
C0075,71.753,4.976,0.2203,1.0964,50
C0075,71.821,4.97,0.2151,1.0692,60
C0075,72.496,4.982,0.2164,1.0781,70
C0075,72.046,4.971,0.2155,1.0711,80
C0075,71.533,4.974,0.2216,1.1023,90
C0075,71.285,4.97,0.2112,1.0498,100
C0076,74.994,5.043,0.21,1.0588,10
C0076,77.941,5.048,0.2198,1.1093,20
C0076,80.209,5.067,0.2292,1.1612,30
C0076,82.827,5.092,0.2377,1.2103,40
C0076,83.737,5.093,0.253,1.2884,50
C0076,84.791,5.115,0.2585,1.3225,60
C0076,87.584,5.141,0.2742,1.4094,70
C0076,88.706,5.165,0.2732,1.4113,80
C0076,90.427,5.172,0.284,1.4686,90
C0076,89.734,5.184,0.2959,1.5338,100
C0077,69.654,5.012,0.2001,1.003,10
C0077,70.606,5.007,0.2055,1.0288,20
C0077,69.282,5.002,0.2016,1.0082,30
C0077,69.088,5.012,0.1985,0.9949,40
C0077,69.576,4.991,0.2046,1.021,50
C0077,69.026,5.007,0.206,1.0312,60
C0077,70.264,5.008,0.2048,1.0257,70
C0077,69.372,5.015,0.1999,1.0027,80
C0077,69.902,4.998,0.2037,1.0182,90
C0077,69.619,5.002,0.1968,0.9845,100
C0078,73.948,4.993,0.2077,1.0373,10
C0078,72.826,4.998,0.2083,1.041,20
C0078,73.137,4.988,0.2057,1.026,30
C0078,73.666,4.993,0.2116,1.0565,40
C0078,74.396,4.977,0.2083,1.0369,50
C0078,74.544,4.994,0.2102,1.0498,60
C0078,74.954,5.0,0.2069,1.0343,70
C0078,74.374,4.992,0.206,1.028,80
C0078,73.536,5.006,0.2026,1.0141,90
C0078,74.666,4.995,0.2003,1.0003,100
C0079,71.775,5.028,0.1904,0.9575,10
C0079,72.105,5.033,0.188,0.946,20
C0079,71.298,5.029,0.1929,0.9701,30
C0079,72.025,5.015,0.1882,0.9441,40
C0079,70.924,5.028,0.1925,0.9681,50
C0079,70.903,5.025,0.1898,0.9541,60
C0079,71.077,5.005,0.1897,0.9495,70
C0079,71.452,5.035,0.192,0.9669,80
C0079,71.974,5.022,0.1936,0.9721,90
C0079,72.198,5.022,0.1843,0.9256,100
C0080,76.825,5.005,0.1978,0.9901,10
C0080,77.537,5.003,0.1902,0.9514,20
C0080,76.549,5.003,0.1916,0.9584,30
C0080,76.138,4.996,0.1933,0.9656,40
C0080,76.971,4.999,0.1944,0.9717,50
C0080,76.214,5.01,0.1941,0.9723,60
C0080,76.573,5.012,0.1887,0.9459,70
C0080,76.475,5.005,0.1878,0.94,80
C0080,76.487,4.992,0.1888,0.9426,90
C0080,76.422,5.005,0.1898,0.95,100
C0081,70.078,4.976,0.1921,0.9557,10
C0081,69.218,4.98,0.2006,0.9989,20
C0081,68.764,4.982,0.1964,0.9787,30
C0081,69.975,4.982,0.1874,0.9338,40
C0081,69.357,5.0,0.1962,0.9811,50
C0081,69.589,4.975,0.1904,0.9475,60
C0081,69.458,4.972,0.1982,0.9855,70
C0081,68.939,4.986,0.1876,0.9351,80
C0081,69.21,4.974,0.1858,0.9243,90
C0081,69.772,5.003,0.1996,0.9986,100
C0082,72.855,5.02,0.1844,0.9257,10
C0082,72.179,5.011,0.1914,0.9591,20
C0082,73.771,5.011,0.1884,0.944,30
C0082,72.803,4.995,0.1809,0.9035,40
C0082,73.96,5.009,0.1836,0.9197,50
C0082,72.843,5.031,0.1911,0.9613,60
C0082,74.354,5.01,0.1858,0.9307,70
C0082,72.113,5.027,0.1799,0.9043,80
C0082,73.153,5.001,0.1822,0.9113,90
C0082,72.52,5.006,0.1824,0.9132,100
C0083,72.838,4.991,0.1966,0.981,10
C0083,72.251,5.006,0.201,1.0063,20
C0083,72.064,4.998,0.2024,1.0117,30
C0083,72.883,4.984,0.1978,0.986,40
C0083,72.164,4.991,0.2027,1.0116,50
C0083,72.748,4.998,0.206,1.0294,60
C0083,72.984,4.993,0.1958,0.9776,70
C0083,72.142,4.992,0.2039,1.0176,80
C0083,72.554,4.988,0.1976,0.9856,90
C0083,72.529,5.003,0.2069,1.0352,100
C0084,71.376,4.931,0.1945,0.959,10
C0084,71.921,4.919,0.1875,0.9222,20
C0084,72.152,4.92,0.198,0.9743,30
C0084,74.047,4.897,0.2029,0.9936,40
C0084,71.519,4.92,0.1958,0.9635,50
C0084,71.437,4.912,0.1973,0.9692,60
C0084,70.781,4.925,0.1943,0.9571,70
C0084,71.013,4.913,0.201,0.9877,80
C0084,71.37,4.921,0.1931,0.9502,90
C0084,72.146,4.924,0.2034,1.0016,100
C0085,71.123,4.988,0.2075,1.0348,10
C0085,71.343,4.997,0.2151,1.0746,20
C0085,70.163,4.983,0.2169,1.0807,30
C0085,71.239,5.0,0.2084,1.0422,40
C0085,70.451,5.005,0.2164,1.0832,50
C0085,70.387,4.982,0.2118,1.0554,60
C0085,70.56,4.987,0.2073,1.0336,70
C0085,70.759,4.983,0.2079,1.036,80
C0085,71.219,4.994,0.2142,1.0699,90
C0085,70.051,4.995,0.2206,1.1018,100
C0086,70.872,5.031,0.2159,1.0863,10
C0086,71.3,5.025,0.2077,1.044,20
C0086,70.947,5.008,0.2101,1.0519,30
C0086,70.808,5.026,0.2111,1.0612,40
C0086,71.653,5.008,0.2049,1.0261,50
C0086,71.604,4.995,0.2119,1.0584,60
C0086,70.621,5.034,0.2158,1.0864,70
C0086,71.505,5.027,0.2088,1.0495,80
C0086,71.768,5.016,0.2132,1.0695,90
C0086,72.205,5.021,0.2133,1.0712,100
C0087,72.153,5.005,0.201,1.0061,10
C0087,72.789,5.008,0.2031,1.0173,20
C0087,73.949,4.998,0.2037,1.0183,30
C0087,72.66,5.02,0.1997,1.0024,40
C0087,72.612,5.016,0.2002,1.0044,50
C0087,71.788,5.013,0.1958,0.9813,60
C0087,73.092,4.997,0.2055,1.0269,70
C0087,72.958,5.02,0.1928,0.9676,80
C0087,72.503,5.027,0.1993,1.002,90
C0087,72.053,5.009,0.2011,1.0075,100
C0088,71.443,4.982,0.2028,1.0102,10
C0088,71.415,4.968,0.2029,1.0078,20
C0088,70.837,4.991,0.2024,1.01,30
C0088,70.744,4.962,0.2018,1.0012,40
C0088,70.995,4.977,0.2046,1.0185,50
C0088,70.991,4.983,0.2051,1.022,60
C0088,70.145,4.984,0.2069,1.031,70
C0088,70.817,4.981,0.2053,1.0226,80
C0088,71.152,4.966,0.2091,1.0381,90
C0088,70.521,4.991,0.2092,1.0441,100
C0089,70.23,5.003,0.1966,0.9835,10
C0089,71.203,4.985,0.1899,0.9468,20
C0089,71.092,4.979,0.1903,0.9475,30
C0089,71.394,5.002,0.1915,0.9578,40
C0089,70.356,4.995,0.1904,0.9511,50
C0089,72.124,5.006,0.1973,0.9876,60
C0089,70.965,5.011,0.1928,0.9664,70
C0089,72.278,4.986,0.1903,0.9487,80
C0089,71.467,4.993,0.1965,0.9809,90
C0089,71.163,5.003,0.1944,0.9725,100
C0090,70.509,5.0,0.2025,1.0123,10
C0090,72.136,4.997,0.2114,1.0566,20
C0090,71.162,5.011,0.2139,1.072,30
C0090,72.03,4.997,0.2121,1.0597,40
C0090,71.256,5.007,0.2163,1.0832,50
C0090,72.322,4.991,0.2112,1.0541,60
C0090,70.904,5.004,0.2116,1.0586,70
C0090,70.558,4.987,0.2086,1.0403,80
C0090,71.499,4.986,0.2113,1.0536,90
C0090,71.831,4.996,0.2067,1.0329,100
C0091,69.997,5.004,0.1966,0.9838,10
C0091,70.351,5.005,0.1956,0.9789,20
C0091,70.252,5.009,0.1971,0.9874,30
C0091,69.895,5.02,0.1974,0.991,40
C0091,69.999,5.014,0.1967,0.9863,50
C0091,69.261,5.014,0.1929,0.9673,60
C0091,70.862,5.008,0.2001,1.0022,70
C0091,69.923,5.011,0.2019,1.0115,80
C0091,70.14,5.004,0.1996,0.999,90
C0091,70.682,5.005,0.1891,0.9463,100
C0092,70.462,4.896,0.1921,0.9404,10
C0092,71.151,4.926,0.1983,0.9766,20
C0092,70.721,4.917,0.1952,0.9597,30
C0092,70.668,4.901,0.19,0.9312,40
C0092,70.851,4.914,0.1966,0.9662,50
C0092,70.835,4.903,0.1994,0.9779,60
C0092,70.295,4.921,0.193,0.9496,70
C0092,70.634,4.898,0.195,0.9551,80
C0092,71.67,4.918,0.2009,0.9881,90
C0092,71.398,4.902,0.1957,0.9592,100
C0093,73.978,4.972,0.2014,1.0016,10
C0093,74.734,4.968,0.1959,0.9731,20
C0093,73.007,4.953,0.2041,1.0106,30
C0093,73.001,4.958,0.2016,0.9993,40
C0093,74.228,4.975,0.1992,0.9908,50
C0093,74.984,4.969,0.1996,0.992,60
C0093,73.668,4.972,0.1954,0.9715,70
C0093,73.83,4.975,0.2006,0.9979,80
C0093,75.115,4.982,0.2007,0.9997,90
C0093,73.07,4.984,0.2007,1.0001,100
C0094,71.674,4.975,0.2072,1.0309,10
C0094,70.258,4.96,0.2111,1.0469,20
C0094,71.319,4.968,0.2044,1.0154,30
C0094,69.636,4.958,0.2137,1.0595,40
C0094,70.083,4.97,0.2101,1.0442,50
C0094,70.098,4.97,0.2098,1.0428,60
C0094,70.859,4.997,0.1994,0.9964,70
C0094,71.486,4.967,0.2091,1.0388,80
C0094,71.116,4.961,0.207,1.0268,90
C0094,69.736,4.975,0.2073,1.031,100
C0095,73.925,5.041,0.1945,0.9807,10
C0095,74.501,5.052,0.2037,1.0293,20
C0095,73.026,5.015,0.2019,1.0126,30
C0095,73.317,5.038,0.2052,1.0338,40
C0095,73.379,5.031,0.2002,1.0071,50
C0095,72.995,5.027,0.1992,1.0013,60
C0095,73.593,5.041,0.2101,1.0593,70
C0095,73.833,5.026,0.2047,1.0291,80
C0095,72.82,5.021,0.1967,0.9876,90
C0095,73.604,5.029,0.1989,1.0004,100
C0096,71.688,5.028,0.2094,1.0528,10
C0096,71.845,5.027,0.2073,1.0418,20
C0096,72.615,5.029,0.2036,1.0237,30
C0096,71.797,5.049,0.2069,1.045,40
C0096,72.731,5.042,0.2097,1.0575,50
C0096,72.412,5.026,0.2045,1.0279,60
C0096,73.664,5.028,0.2013,1.012,70
C0096,72.662,5.038,0.1988,1.0014,80
C0096,73.085,5.062,0.2035,1.03,90
C0096,71.87,5.023,0.2037,1.0233,100
C0097,74.309,5.008,0.1943,0.9728,10
C0097,75.163,5.012,0.1901,0.9528,20
C0097,75.776,4.994,0.202,1.0086,30
C0097,75.316,4.99,0.1852,0.9242,40
C0097,75.442,4.996,0.1927,0.9625,50
C0097,75.416,5.01,0.1982,0.9929,60
C0097,74.251,5.014,0.191,0.9575,70
C0097,73.603,4.988,0.1942,0.9685,80
C0097,74.369,4.999,0.1947,0.973,90
C0097,74.847,4.994,0.1883,0.9404,100
C0098,70.957,4.952,0.1837,0.9095,10
C0098,73.205,4.96,0.1872,0.9286,20
C0098,72.273,4.967,0.1862,0.9248,30
C0098,71.316,4.98,0.1937,0.9648,40
C0098,71.023,4.955,0.1854,0.9186,50
C0098,71.454,4.97,0.1836,0.9125,60
C0098,73.332,4.977,0.1874,0.9325,70
C0098,72.649,4.976,0.1842,0.9169,80
C0098,71.543,4.966,0.1899,0.9433,90
C0098,72.116,4.95,0.1833,0.9072,100
C0099,71.771,4.978,0.1952,0.9717,10
C0099,71.64,4.957,0.1983,0.9832,20
C0099,71.928,4.958,0.1975,0.9795,30
C0099,72.003,4.957,0.1935,0.9595,40
C0099,71.372,4.992,0.1961,0.9788,50
C0099,71.78,4.97,0.1995,0.9914,60
C0099,71.617,4.96,0.1973,0.9787,70
C0099,71.563,4.955,0.1889,0.9359,80
C0099,72.585,4.967,0.1916,0.9516,90
C0099,71.527,4.974,0.1928,0.9588,100
C0100,75.945,5.071,0.2294,1.1632,10
C0100,79.039,5.09,0.2402,1.2226,20
C0100,80.428,5.096,0.2574,1.3118,30
C0100,81.663,5.102,0.2532,1.2918,40
C0100,84.502,5.127,0.2689,1.3786,50
C0100,84.238,5.139,0.2779,1.4282,60
C0100,84.938,5.165,0.2864,1.4793,70
C0100,90.202,5.181,0.2866,1.4851,80
C0100,89.507,5.201,0.3084,1.6041,90
C0100,93.867,5.242,0.319,1.672,100
C0101,75.648,5.002,0.1966,0.9832,10
C0101,75.347,5.019,0.1948,0.9775,20
C0101,74.548,5.01,0.1965,0.9845,30
C0101,74.487,5.036,0.1855,0.9343,40
C0101,74.961,5.019,0.1981,0.9944,50
C0101,74.606,5.029,0.1905,0.9582,60
C0101,74.816,5.024,0.2003,1.0061,70
C0101,74.313,5.044,0.1925,0.9711,80
C0101,74.368,5.023,0.1947,0.978,90
C0101,74.858,5.024,0.19,0.9545,100
C0102,70.179,5.006,0.2026,1.0142,10
C0102,68.398,5.019,0.1976,0.992,20
C0102,68.969,5.019,0.2008,1.0081,30
C0102,68.117,5.02,0.1858,0.9325,40
C0102,68.867,5.031,0.1934,0.9731,50
C0102,68.742,5.013,0.204,1.0227,60
C0102,68.348,5.004,0.2017,1.0095,70
C0102,70.561,5.014,0.1908,0.9565,80
C0102,70.704,5.031,0.1984,0.9984,90
C0102,68.959,5.015,0.1951,0.9783,100
C0103,70.635,5.02,0.2082,1.0452,10
C0103,69.411,5.037,0.2033,1.0242,20
C0103,69.201,5.031,0.199,1.0013,30
C0103,68.459,5.014,0.2049,1.0275,40
C0103,69.431,5.023,0.2013,1.011,50
C0103,69.606,5.009,0.2014,1.0087,60
C0103,69.531,5.022,0.2134,1.0716,70
C0103,69.916,4.988,0.2048,1.0214,80
C0103,69.598,5.022,0.2057,1.0329,90
C0103,70.32,5.017,0.2112,1.0593,100
C0104,70.843,4.956,0.199,0.9863,10
C0104,70.702,4.983,0.2076,1.0346,20
C0104,72.494,4.95,0.2026,1.0027,30
C0104,70.566,4.955,0.1986,0.9842,40
C0104,72.086,4.958,0.2066,1.0242,50
C0104,71.704,4.985,0.1964,0.9789,60
C0104,72.097,4.973,0.1984,0.9867,70
C0104,71.946,4.965,0.2014,0.9999,80
C0104,70.848,4.955,0.2105,1.0429,90
C0104,71.342,4.97,0.1991,0.9896,100
C0105,70.902,4.959,0.2017,1.0002,10
C0105,71.246,4.96,0.2041,1.0123,20
C0105,71.04,4.953,0.2012,0.9965,30
C0105,71.109,4.965,0.2046,1.0158,40
C0105,69.913,4.942,0.1974,0.9754,50
C0105,71.564,4.957,0.2025,1.0036,60
C0105,69.939,4.941,0.2019,0.9977,70
C0105,70.856,4.95,0.2098,1.0387,80
C0105,70.374,4.934,0.1998,0.9861,90
C0105,70.776,4.942,0.2033,1.0047,100
C0106,71.789,5.003,0.2033,1.0174,10
C0106,71.649,5.012,0.1984,0.9944,20
C0106,71.409,5.011,0.2017,1.011,30
C0106,70.067,5.009,0.2106,1.0547,40
C0106,71.103,5.0,0.2032,1.0161,50
C0106,71.506,5.02,0.1967,0.9872,60
C0106,71.758,5.014,0.2011,1.0084,70
C0106,71.522,5.018,0.2052,1.0297,80
C0106,70.633,5.016,0.2014,1.0104,90
C0106,71.363,5.008,0.2011,1.0072,100
C0107,71.273,5.018,0.2036,1.0215,10
C0107,71.529,5.05,0.1993,1.0062,20
C0107,72.851,5.035,0.2042,1.0283,30
C0107,71.118,5.035,0.2046,1.0301,40
C0107,72.036,5.022,0.2083,1.0462,50
C0107,71.691,5.038,0.2018,1.0167,60
C0107,70.917,5.032,0.2035,1.0239,70
C0107,70.643,5.039,0.2067,1.0416,80
C0107,71.036,5.021,0.2015,1.0118,90
C0107,71.488,5.029,0.2025,1.0182,100
C0108,72.94,5.007,0.1959,0.9809,10
C0108,73.717,5.007,0.1825,0.9138,20
C0108,72.93,5.025,0.1764,0.8864,30
C0108,71.26,5.002,0.1853,0.9268,40
C0108,72.63,5.019,0.1781,0.8941,50
C0108,70.943,5.017,0.1796,0.9012,60
C0108,71.121,5.01,0.1861,0.9324,70
C0108,72.259,5.004,0.1823,0.9122,80
C0108,72.11,4.995,0.1801,0.8995,90
C0108,72.645,5.012,0.1836,0.9202,100
C0109,71.157,4.983,0.1934,0.9636,10
C0109,71.987,4.964,0.1878,0.9325,20
C0109,72.707,4.988,0.1877,0.9363,30
C0109,72.734,4.969,0.1893,0.9405,40
C0109,72.953,4.969,0.1913,0.9506,50
C0109,72.2,4.952,0.1913,0.9473,60
C0109,71.713,4.955,0.1881,0.9318,70
C0109,71.736,4.979,0.1859,0.9255,80
C0109,71.577,4.971,0.1848,0.9188,90
C0109,71.655,4.952,0.1938,0.9598,100
C0110,71.458,4.934,0.1951,0.9629,10
C0110,70.845,4.942,0.1971,0.9742,20
C0110,71.738,4.929,0.2,0.986,30
C0110,72.33,4.944,0.1977,0.9772,40
C0110,71.702,4.935,0.1993,0.9838,50
C0110,71.353,4.936,0.2002,0.988,60
C0110,70.952,4.928,0.1938,0.9548,70
C0110,70.588,4.926,0.1999,0.9849,80
C0110,71.012,4.943,0.1995,0.9859,90
C0110,70.367,4.944,0.2026,1.0015,100
C0111,71.8,4.959,0.1979,0.9812,10
C0111,72.165,4.968,0.2005,0.996,20
C0111,72.165,4.968,0.196,0.9739,30
C0111,73.034,4.958,0.203,1.0067,40
C0111,71.359,4.96,0.1969,0.9767,50
C0111,72.413,4.973,0.1932,0.9609,60
C0111,71.58,4.95,0.2035,1.0074,70
C0111,72.424,4.953,0.1965,0.9731,80
C0111,72.954,4.961,0.1969,0.9768,90
C0111,71.776,4.954,0.203,1.0055,100
C0112,74.421,5.018,0.1942,0.9746,10
C0112,74.807,5.046,0.1919,0.9681,20
C0112,74.292,5.031,0.1907,0.9595,30
C0112,74.866,5.025,0.1955,0.9826,40
C0112,74.24,5.025,0.1963,0.9862,50
C0112,74.381,5.029,0.1934,0.9725,60
C0112,74.703,5.049,0.1969,0.994,70
C0112,75.109,5.019,0.1969,0.9883,80
C0112,73.852,5.018,0.1933,0.9702,90
C0112,75.226,5.042,0.1973,0.9947,100
C0113,77.237,4.996,0.2341,1.1697,10
C0113,79.877,5.01,0.2294,1.1491,20
C0113,80.347,5.049,0.2525,1.2751,30
C0113,84.673,5.063,0.2601,1.3169,40
C0113,85.091,5.072,0.2732,1.3857,50
C0113,86.688,5.085,0.2853,1.4508,60
C0113,87.156,5.1,0.2987,1.5235,70
C0113,91.112,5.113,0.3029,1.5486,80
C0113,92.696,5.135,0.3072,1.5777,90
C0113,94.698,5.151,0.3106,1.5999,100
C0114,73.267,4.986,0.1909,0.9521,10
C0114,73.702,4.978,0.1878,0.9348,20
C0114,73.827,5.005,0.1907,0.9542,30
C0114,73.881,4.99,0.1887,0.9415,40
C0114,74.174,4.976,0.1857,0.9241,50
C0114,72.961,4.993,0.192,0.9589,60
C0114,73.066,4.966,0.1855,0.9209,70
C0114,73.972,4.995,0.1888,0.9432,80
C0114,73.256,4.977,0.1892,0.9415,90
C0114,72.924,5.011,0.1894,0.9491,100
C0115,73.473,4.95,0.2029,1.0045,10
C0115,73.145,4.945,0.1965,0.9719,20
C0115,73.061,4.94,0.2005,0.9903,30
C0115,74.436,4.956,0.1987,0.9847,40
C0115,73.153,4.958,0.1973,0.9783,50
C0115,72.991,4.945,0.1982,0.98,60
C0115,73.173,4.955,0.2093,1.0371,70
C0115,72.796,4.969,0.1951,0.9692,80
C0115,73.159,4.93,0.2036,1.0039,90
C0115,72.632,4.949,0.2028,1.0035,100
C0116,69.576,4.957,0.188,0.9317,10
C0116,70.778,4.929,0.1949,0.9608,20
C0116,71.747,4.953,0.1928,0.9548,30
C0116,70.742,4.95,0.1981,0.9806,40
C0116,69.941,4.955,0.1854,0.9188,50
C0116,70.383,4.944,0.1988,0.9828,60
C0116,70.775,4.935,0.1923,0.949,70
C0116,70.88,4.949,0.1939,0.9596,80
C0116,70.473,4.956,0.1942,0.9623,90
C0116,70.708,4.971,0.1905,0.9472,100
C0117,69.657,4.969,0.1965,0.9762,10
C0117,70.315,4.976,0.1935,0.9631,20
C0117,70.744,4.959,0.2064,1.0235,30
C0117,71.12,4.965,0.1939,0.9629,40
C0117,69.454,4.975,0.1977,0.9834,50
C0117,70.703,4.988,0.1947,0.9713,60
C0117,69.409,4.968,0.2024,1.0054,70
C0117,69.583,4.967,0.2033,1.0096,80
C0117,69.167,4.969,0.1956,0.972,90
C0117,70.222,4.973,0.1987,0.9881,100
C0118,70.935,5.032,0.1943,0.9777,10
C0118,70.676,5.019,0.1956,0.9816,20
C0118,70.598,5.032,0.1933,0.9729,30
C0118,71.117,5.035,0.1953,0.9832,40
C0118,69.562,5.027,0.1963,0.987,50
C0118,70.553,5.025,0.1901,0.9552,60
C0118,70.252,5.026,0.2006,1.0084,70
C0118,70.066,5.046,0.1905,0.961,80
C0118,71.271,5.027,0.2015,1.0131,90
C0118,70.533,5.04,0.1966,0.9907,100
C0119,72.146,5.003,0.1996,0.9987,10
C0119,72.861,5.02,0.2071,1.0395,20
C0119,72.737,5.011,0.202,1.0121,30
C0119,71.662,5.002,0.2093,1.0469,40
C0119,71.955,5.023,0.2037,1.0233,50
C0119,71.845,5.002,0.2021,1.0109,60
C0119,73.101,5.002,0.2129,1.065,70
C0119,71.746,5.02,0.2039,1.0235,80
C0119,72.058,5.0,0.2041,1.0203,90
C0119,71.556,4.996,0.2049,1.0239,100
C0120,70.518,5.027,0.1883,0.9466,10
C0120,72.041,5.007,0.1912,0.9575,20
C0120,71.689,5.022,0.1908,0.9582,30
C0120,70.814,5.009,0.1926,0.9646,40
C0120,71.582,5.009,0.1937,0.9704,50
C0120,72.03,5.013,0.1925,0.9649,60
C0120,70.136,4.983,0.1928,0.9607,70
C0120,70.99,5.004,0.1922,0.9618,80
C0120,71.011,5.021,0.1916,0.9618,90
C0120,70.599,5.019,0.1904,0.9555,100
C0121,72.402,5.049,0.1847,0.9327,10
C0121,71.764,5.032,0.1835,0.9235,20
C0121,71.902,5.036,0.1911,0.9626,30
C0121,71.976,5.033,0.1869,0.9409,40
C0121,72.23,5.025,0.1849,0.9288,50
C0121,72.275,5.048,0.1812,0.9147,60
C0121,72.924,5.037,0.1807,0.91,70
C0121,71.549,5.057,0.1845,0.9329,80
C0121,72.897,5.021,0.1957,0.9823,90
C0121,72.871,5.035,0.1839,0.9259,100
C0122,73.248,4.899,0.2006,0.9828,10
C0122,72.52,4.911,0.2021,0.9923,20
C0122,73.398,4.881,0.2011,0.9818,30
C0122,72.426,4.907,0.2024,0.9933,40
C0122,73.581,4.891,0.2048,1.0015,50
C0122,73.437,4.928,0.2026,0.9987,60
C0122,73.297,4.892,0.195,0.9539,70
C0122,73.609,4.91,0.2093,1.0275,80
C0122,72.278,4.915,0.212,1.0422,90
C0122,73.354,4.913,0.2046,1.0051,100
C0123,73.251,4.973,0.1892,0.9409,10
C0123,73.879,4.997,0.1983,0.9906,20
C0123,74.75,4.992,0.1946,0.9717,30
C0123,73.474,4.974,0.19,0.945,40
C0123,73.949,4.953,0.1992,0.9865,50
C0123,73.973,4.986,0.2011,1.0026,60
C0123,74.049,4.998,0.1993,0.9962,70
C0123,73.476,4.979,0.1878,0.935,80
C0123,73.389,4.978,0.199,0.9907,90
C0123,73.48,4.969,0.1893,0.9406,100
C0124,71.026,4.961,0.202,1.0022,10
C0124,70.458,4.946,0.207,1.024,20
C0124,70.746,4.957,0.2072,1.0268,30
C0124,71.324,4.987,0.2014,1.0044,40
C0124,71.801,4.976,0.2043,1.0167,50
C0124,71.227,4.962,0.2082,1.0329,60
C0124,72.011,4.972,0.2095,1.0416,70
C0124,70.847,4.952,0.2066,1.023,80
C0124,71.829,4.951,0.2032,1.0061,90
C0124,71.181,4.957,0.2043,1.0124,100
C0125,73.73,4.981,0.195,0.9716,10
C0125,73.792,4.97,0.2014,1.0011,20
C0125,74.494,4.979,0.1957,0.9747,30
C0125,75.311,4.968,0.1937,0.9625,40
C0125,74.373,4.961,0.1917,0.9508,50
C0125,75.103,4.986,0.1991,0.9926,60
C0125,74.121,4.974,0.1882,0.9359,70
C0125,75.034,4.989,0.1997,0.9962,80
C0125,75.437,4.983,0.2015,1.0042,90
C0125,74.354,4.961,0.1988,0.986,100
C0126,68.902,5.059,0.208,1.0523,10
C0126,68.345,5.049,0.206,1.0399,20
C0126,68.072,5.059,0.2072,1.0482,30
C0126,68.29,5.062,0.2111,1.0685,40
C0126,69.43,5.055,0.2106,1.0645,50
C0126,69.702,5.062,0.2049,1.0371,60
C0126,69.46,5.07,0.2058,1.0436,70
C0126,70.553,5.053,0.2083,1.0527,80
C0126,68.891,5.061,0.2012,1.0184,90
C0126,68.967,5.048,0.2087,1.0536,100
C0127,71.882,5.003,0.2003,1.0022,10
C0127,71.783,5.017,0.2023,1.0151,20
C0127,71.914,5.009,0.1982,0.9926,30
C0127,71.595,5.012,0.2051,1.028,40
C0127,71.471,5.007,0.202,1.0113,50
C0127,70.708,5.023,0.195,0.9796,60
C0127,71.983,5.016,0.2,1.0031,70
C0127,71.707,5.018,0.206,1.0335,80
C0127,72.042,5.017,0.1971,0.989,90
C0127,70.925,5.012,0.205,1.0273,100
C0128,70.68,4.955,0.2003,0.9925,10
C0128,71.681,4.983,0.1917,0.9552,20
C0128,71.105,4.958,0.205,1.0163,30
C0128,70.664,4.993,0.2033,1.015,40
C0128,70.775,4.969,0.2009,0.9983,50
C0128,70.809,4.981,0.1976,0.9841,60
C0128,70.247,4.958,0.2004,0.9936,70
C0128,70.978,4.974,0.2023,1.0063,80
C0128,72.019,4.977,0.1981,0.9862,90
C0128,71.616,4.966,0.2004,0.9953,100
C0129,70.467,5.037,0.2035,1.0251,10
C0129,70.917,5.039,0.2028,1.0219,20
C0129,71.39,5.037,0.2023,1.0188,30
C0129,71.739,5.029,0.2026,1.0191,40
C0129,72.277,5.046,0.1979,0.9989,50
C0129,72.129,5.049,0.211,1.0654,60
C0129,71.993,5.025,0.2073,1.0416,70
C0129,71.16,5.032,0.2063,1.0381,80
C0129,71.198,5.024,0.2066,1.0381,90
C0129,72.802,5.048,0.2076,1.0479,100
C0130,72.632,4.997,0.2013,1.0057,10
C0130,73.64,4.978,0.2083,1.0367,20
C0130,73.448,4.97,0.2077,1.0325,30
C0130,73.122,4.995,0.2061,1.0293,40
C0130,73.706,4.977,0.2037,1.0137,50
C0130,73.194,4.995,0.2128,1.0627,60
C0130,72.986,4.997,0.1974,0.9863,70
C0130,72.752,4.977,0.2006,0.9985,80
C0130,72.519,4.99,0.2052,1.024,90
C0130,73.696,4.993,0.2071,1.0341,100
C0131,72.154,5.005,0.1988,0.9953,10
C0131,71.582,5.012,0.2066,1.0357,20
C0131,71.714,5.003,0.2034,1.0175,30
C0131,72.734,5.002,0.2091,1.0459,40
C0131,72.175,5.025,0.2071,1.0406,50
C0131,72.51,5.014,0.2061,1.0332,60
C0131,72.079,5.026,0.206,1.0353,70
C0131,71.272,5.023,0.2005,1.0069,80
C0131,72.009,5.016,0.2016,1.011,90
C0131,72.84,5.001,0.1943,0.9718,100
C0132,69.04,5.011,0.2063,1.0338,10
C0132,68.961,5.025,0.208,1.0454,20
C0132,69.624,5.001,0.2044,1.0221,30
C0132,68.92,5.001,0.2061,1.0308,40
C0132,68.777,5.018,0.2004,1.0055,50
C0132,70.131,5.002,0.2056,1.0282,60
C0132,69.575,5.005,0.2081,1.0415,70
C0132,68.363,5.026,0.2047,1.0289,80
C0132,68.742,5.008,0.2079,1.0412,90
C0132,68.749,5.004,0.2038,1.0197,100
C0133,71.863,5.0,0.1898,0.949,10
C0133,72.477,5.004,0.1954,0.978,20
C0133,72.035,5.021,0.1887,0.9472,30
C0133,71.58,5.009,0.196,0.9815,40
C0133,71.215,5.001,0.1881,0.9405,50
C0133,72.128,5.003,0.1959,0.9801,60
C0133,71.977,5.017,0.1892,0.9494,70
C0133,72.598,5.005,0.1974,0.9882,80
C0133,71.156,4.991,0.1978,0.9875,90
C0133,71.602,4.996,0.187,0.9343,100
C0134,73.756,5.04,0.2005,1.0105,10
C0134,72.02,5.043,0.1955,0.9858,20
C0134,73.45,5.061,0.1924,0.9734,30
C0134,74.186,5.047,0.2009,1.0141,40
C0134,73.322,5.036,0.2003,1.0086,50
C0134,73.978,5.028,0.1937,0.9741,60
C0134,73.954,5.052,0.1932,0.9759,70
C0134,71.974,5.048,0.191,0.9644,80
C0134,72.512,5.015,0.1992,0.9988,90
C0134,73.8,5.041,0.2015,1.0155,100
C0135,70.825,5.082,0.198,1.0063,10
C0135,71.87,5.078,0.2076,1.054,20
C0135,71.984,5.068,0.1992,1.0097,30
C0135,71.17,5.077,0.1951,0.9903,40
C0135,72.914,5.072,0.2015,1.0219,50
C0135,71.456,5.068,0.1995,1.011,60
C0135,71.89,5.085,0.1882,0.9571,70
C0135,70.909,5.089,0.195,0.9924,80
C0135,71.771,5.067,0.2016,1.0216,90
C0135,72.208,5.086,0.2028,1.0317,100
C0136,75.228,4.986,0.1912,0.9535,10
C0136,74.745,4.985,0.1916,0.9551,20
C0136,73.48,4.988,0.1951,0.973,30
C0136,74.492,5.003,0.1975,0.988,40
C0136,74.231,4.991,0.1974,0.9854,50
C0136,75.109,4.994,0.1935,0.9665,60
C0136,73.75,4.979,0.1981,0.986,70
C0136,74.693,4.999,0.1949,0.9741,80
C0136,75.19,4.988,0.1992,0.9937,90
C0136,74.323,4.987,0.1978,0.9862,100
C0137,70.599,5.042,0.2049,1.0332,10
C0137,71.328,5.02,0.2018,1.0131,20
C0137,71.616,5.003,0.2095,1.0479,30
C0137,70.831,5.023,0.2012,1.0104,40
C0137,72.503,5.022,0.2074,1.0414,50
C0137,71.549,5.013,0.2016,1.0105,60
C0137,71.234,5.012,0.2024,1.0147,70
C0137,71.318,5.029,0.2018,1.0147,80
C0137,70.914,5.031,0.1985,0.9987,90
C0137,69.445,5.024,0.1988,0.9988,100
C0138,73.236,4.971,0.1998,0.9935,10
C0138,72.329,4.969,0.202,1.0035,20
C0138,71.675,4.987,0.1981,0.988,30
C0138,73.006,4.961,0.2035,1.0094,40
C0138,72.976,4.978,0.1968,0.9797,50
C0138,72.723,4.962,0.1998,0.9913,60
C0138,73.191,4.982,0.2008,1.0006,70
C0138,71.988,4.98,0.2009,1.0004,80
C0138,71.181,4.982,0.2007,0.9998,90
C0138,73.295,4.963,0.1881,0.9334,100
C0139,70.236,5.02,0.2009,1.0083,10
C0139,71.451,5.05,0.1963,0.991,20
C0139,71.306,5.026,0.1971,0.9907,30
C0139,70.356,5.031,0.199,1.0011,40
C0139,71.41,5.056,0.2065,1.0443,50
C0139,71.041,5.015,0.1988,0.9969,60
C0139,71.717,5.026,0.1959,0.9849,70
C0139,72.441,5.032,0.2018,1.0157,80
C0139,70.933,5.034,0.1978,0.996,90
C0139,71.086,5.047,0.1936,0.9772,100
C0140,73.242,5.0,0.2005,1.0027,10
C0140,72.282,5.008,0.1973,0.9879,20
C0140,71.943,5.009,0.1978,0.9906,30
C0140,72.595,5.01,0.2012,1.0081,40
C0140,73.004,4.999,0.2015,1.0072,50
C0140,71.738,5.015,0.2005,1.0055,60
C0140,71.303,5.01,0.1961,0.9827,70
C0140,71.995,5.023,0.1954,0.9815,80
C0140,71.966,5.01,0.2008,1.0058,90
C0140,72.365,5.021,0.2001,1.0049,100
C0141,71.017,4.992,0.1973,0.9847,10
C0141,72.184,4.989,0.2028,1.0118,20
C0141,71.152,4.985,0.2026,1.0099,30
C0141,70.375,4.996,0.2013,1.0054,40
C0141,70.943,4.981,0.1991,0.9915,50
C0141,69.962,4.984,0.1921,0.9574,60
C0141,70.597,4.986,0.203,1.012,70
C0141,70.808,5.004,0.2127,1.0646,80
C0141,71.464,4.987,0.2004,0.9993,90
C0141,71.303,4.975,0.2011,1.0004,100
C0142,72.239,4.993,0.2043,1.0203,10
C0142,71.928,4.986,0.2058,1.0263,20
C0142,71.18,4.996,0.2087,1.0424,30
C0142,72.024,4.971,0.2029,1.0085,40
C0142,71.301,4.978,0.2035,1.013,50
C0142,71.637,4.963,0.2033,1.0087,60
C0142,72.045,4.986,0.2062,1.0279,70
C0142,71.032,4.969,0.2062,1.0249,80
C0142,72.029,4.989,0.2058,1.0265,90
C0142,70.951,4.982,0.2044,1.0186,100
C0143,74.512,4.94,0.1964,0.9701,10
C0143,74.251,4.954,0.2045,1.0129,20
C0143,74.218,4.945,0.1973,0.9757,30
C0143,74.517,4.952,0.1963,0.9724,40
C0143,74.217,4.951,0.2044,1.0121,50
C0143,73.953,4.936,0.1989,0.9817,60
C0143,73.394,4.944,0.1999,0.9883,70
C0143,75.285,4.953,0.2048,1.0143,80
C0143,74.281,4.94,0.1998,0.9871,90
C0143,73.888,4.946,0.2025,1.0014,100
C0144,72.353,5.027,0.1891,0.9508,10
C0144,71.564,5.047,0.193,0.9739,20
C0144,71.557,5.016,0.1873,0.9393,30
C0144,72.262,5.032,0.1938,0.9752,40
C0144,72.475,5.039,0.1901,0.958,50
C0144,71.167,5.028,0.193,0.9705,60
C0144,71.97,5.035,0.1875,0.9441,70
C0144,71.383,5.028,0.19,0.9555,80
C0144,71.608,5.027,0.185,0.9302,90
C0144,72.673,5.027,0.1946,0.9782,100
C0145,70.598,5.044,0.1744,0.8798,10
C0145,70.863,5.051,0.1916,0.9677,20
C0145,71.343,5.03,0.1796,0.9033,30
C0145,71.256,5.042,0.1909,0.9623,40
C0145,71.752,5.04,0.1821,0.9177,50
C0145,72.978,5.046,0.1807,0.912,60
C0145,71.034,5.03,0.1738,0.8743,70
C0145,71.357,5.057,0.1769,0.8946,80
C0145,71.202,5.032,0.1855,0.9335,90
C0145,71.066,5.026,0.1795,0.9021,100
C0146,70.314,5.03,0.2103,1.0578,10
C0146,71.195,5.032,0.203,1.0212,20
C0146,70.801,5.026,0.1955,0.9826,30
C0146,71.98,5.033,0.2055,1.0343,40
C0146,70.72,5.024,0.2032,1.0207,50
C0146,69.795,5.054,0.199,1.0056,60
C0146,70.135,5.027,0.2091,1.0509,70
C0146,70.763,5.019,0.2089,1.0486,80
C0146,71.193,5.037,0.2068,1.0414,90
C0146,72.191,5.053,0.2012,1.0165,100
C0147,70.769,5.044,0.1912,0.9643,10
C0147,70.68,5.011,0.1906,0.9551,20
C0147,69.546,5.033,0.1966,0.9895,30
C0147,70.556,5.032,0.192,0.9659,40
C0147,71.134,5.03,0.1853,0.9322,50
C0147,71.253,5.025,0.1882,0.9456,60
C0147,70.426,5.01,0.1883,0.9432,70
C0147,70.775,5.031,0.1945,0.9785,80
C0147,70.691,5.022,0.193,0.9695,90
C0147,70.427,5.013,0.1902,0.9533,100
C0148,73.359,5.016,0.2021,1.014,10
C0148,74.221,4.996,0.2014,1.006,20
C0148,73.385,4.995,0.2046,1.0222,30
C0148,74.729,5.006,0.2028,1.0153,40
C0148,73.385,4.999,0.1935,0.9674,50
C0148,72.911,4.992,0.2076,1.0365,60
C0148,73.265,5.003,0.2044,1.0223,70
C0148,72.661,4.998,0.2011,1.0051,80
C0148,73.952,5.011,0.2018,1.0112,90
C0148,73.381,5.01,0.2016,1.0101,100
C0149,71.516,4.993,0.2006,1.0017,10
C0149,72.5,4.969,0.197,0.9791,20
C0149,70.974,4.977,0.2082,1.036,30
C0149,71.672,4.953,0.2007,0.9939,40
C0149,71.551,4.963,0.2044,1.0145,50
C0149,72.083,4.961,0.2043,1.0137,60
C0149,72.513,4.966,0.2025,1.0057,70
C0149,72.425,4.974,0.2021,1.0053,80
C0149,72.973,4.975,0.2002,0.9959,90
C0149,71.846,4.964,0.2045,1.0151,100
C0150,71.611,5.032,0.1962,0.9875,10
C0150,70.939,5.038,0.198,0.9978,20
C0150,72.431,5.022,0.1988,0.9985,30
C0150,70.748,5.022,0.1967,0.9879,40
C0150,71.148,5.06,0.196,0.9918,50
C0150,70.388,5.034,0.1884,0.9486,60
C0150,71.011,5.031,0.1999,1.0058,70
C0150,71.65,5.026,0.1961,0.9858,80
C0150,70.606,5.02,0.198,0.9938,90
C0150,70.302,5.027,0.1928,0.969,100
C0151,67.712,5.037,0.2133,1.0746,10
C0151,68.437,5.019,0.2164,1.0861,20
C0151,69.017,5.035,0.2099,1.0571,30
C0151,68.428,5.008,0.2115,1.0593,40
C0151,69.773,5.024,0.2063,1.0366,50
C0151,69.171,5.039,0.2101,1.0586,60
C0151,68.7,5.035,0.2118,1.0665,70
C0151,69.509,5.057,0.2056,1.0397,80
C0151,69.647,5.034,0.218,1.0973,90
C0151,69.344,5.033,0.2155,1.0845,100
C0152,71.1,4.997,0.2031,1.0148,10
C0152,71.417,5.006,0.1922,0.9624,20
C0152,73.17,4.998,0.1942,0.9708,30
C0152,71.658,5.015,0.1998,1.0018,40
C0152,72.493,5.014,0.1917,0.9612,50
C0152,71.255,5.012,0.2042,1.0235,60
C0152,70.57,5.021,0.1967,0.9874,70
C0152,71.911,5.008,0.1926,0.9644,80
C0152,71.859,5.015,0.1998,1.0022,90
C0152,71.401,5.003,0.1897,0.9491,100
C0153,72.954,5.014,0.1941,0.9732,10
C0153,71.549,5.015,0.1935,0.9705,20
C0153,72.224,5.026,0.1899,0.9544,30
C0153,71.28,5.012,0.1986,0.9956,40
C0153,72.638,5.012,0.2015,1.0098,50
C0153,72.07,5.024,0.1953,0.9815,60
C0153,71.943,5.014,0.1997,1.0014,70
C0153,72.681,5.03,0.1982,0.997,80
C0153,71.498,5.041,0.1983,0.9996,90
C0153,72.774,5.016,0.2012,1.0095,100
C0154,76.354,5.005,0.2123,1.0627,10
C0154,78.992,5.028,0.2314,1.1633,20
C0154,79.941,5.054,0.2325,1.1748,30
C0154,81.586,5.062,0.2389,1.2095,40
C0154,84.913,5.074,0.2552,1.295,50
C0154,85.265,5.097,0.2641,1.3458,60
C0154,88.557,5.117,0.2739,1.4015,70
C0154,87.704,5.121,0.2819,1.4435,80
C0154,90.585,5.16,0.2917,1.5051,90
C0154,91.746,5.163,0.2989,1.5431,100
C0155,70.579,4.988,0.2014,1.0045,10
C0155,70.48,4.998,0.1988,0.9935,20
C0155,70.105,4.968,0.2074,1.0303,30
C0155,71.259,4.985,0.2012,1.003,40
C0155,69.938,4.983,0.204,1.0168,50
C0155,71.07,4.98,0.207,1.0307,60
C0155,70.34,4.979,0.2039,1.0153,70
C0155,70.725,4.996,0.2042,1.0202,80
C0155,69.801,4.996,0.2016,1.0075,90
C0155,70.68,4.986,0.2046,1.0202,100
C0156,71.638,4.944,0.2009,0.9934,10
C0156,71.967,4.935,0.2039,1.0059,20
C0156,70.29,4.931,0.193,0.9519,30
C0156,71.105,4.94,0.2007,0.9915,40
C0156,71.307,4.931,0.1995,0.9837,50
C0156,70.371,4.954,0.1991,0.9861,60
C0156,70.976,4.956,0.1953,0.9679,70
C0156,70.594,4.929,0.2,0.9858,80
C0156,71.529,4.947,0.2106,1.0417,90
C0156,69.92,4.946,0.198,0.9795,100
C0157,72.899,4.968,0.202,1.0033,10
C0157,72.75,4.958,0.2012,0.9974,20
C0157,73.216,4.964,0.2003,0.9943,30
C0157,74.296,4.957,0.2099,1.0402,40
C0157,72.104,4.972,0.2045,1.0168,50
C0157,72.612,4.97,0.2057,1.0225,60
C0157,72.502,4.959,0.1992,0.9879,70
C0157,73.173,4.955,0.2055,1.0184,80
C0157,73.345,4.97,0.2026,1.0069,90
C0157,73.535,4.964,0.2002,0.9935,100
C0158,71.149,4.984,0.2055,1.024,10
C0158,70.389,4.971,0.2023,1.0057,20
C0158,71.595,4.965,0.2107,1.0462,30
C0158,71.52,4.975,0.2096,1.043,40
C0158,72.153,4.977,0.2039,1.0149,50
C0158,70.51,4.97,0.2045,1.0166,60
C0158,71.639,4.974,0.2098,1.0433,70
C0158,71.207,4.977,0.2117,1.0538,80
C0158,71.78,4.976,0.2046,1.0182,90
C0158,71.194,4.969,0.2048,1.0178,100
C0159,72.24,5.043,0.21,1.059,10
C0159,72.262,5.018,0.2108,1.0578,20
C0159,72.927,5.009,0.2098,1.0508,30
C0159,72.23,5.014,0.1975,0.9905,40
C0159,72.161,5.023,0.2118,1.0638,50
C0159,72.897,5.017,0.207,1.0386,60
C0159,72.819,5.024,0.2031,1.0203,70
C0159,72.004,5.027,0.2071,1.041,80
C0159,72.147,4.997,0.2003,1.0008,90
C0159,72.695,5.002,0.2102,1.0513,100
C0160,73.635,4.933,0.2031,1.0019,10
C0160,73.324,4.924,0.21,1.0344,20
C0160,73.327,4.949,0.2077,1.0279,30
C0160,72.789,4.927,0.2034,1.002,40
C0160,72.238,4.944,0.2088,1.0323,50
C0160,73.874,4.93,0.2004,0.9882,60
C0160,73.264,4.937,0.2018,0.996,70
C0160,72.035,4.926,0.2054,1.0118,80
C0160,73.636,4.936,0.2085,1.0292,90
C0160,73.709,4.94,0.1999,0.9875,100
C0161,78.529,5.042,0.2105,1.0613,10
C0161,79.813,5.047,0.233,1.1758,20
C0161,81.009,5.068,0.2417,1.2248,30
C0161,83.937,5.093,0.256,1.3037,40
C0161,86.414,5.102,0.2595,1.3238,50
C0161,88.181,5.13,0.2658,1.3637,60
C0161,87.776,5.13,0.2881,1.4778,70
C0161,92.626,5.178,0.2803,1.4513,80
C0161,94.703,5.196,0.2948,1.5317,90
C0161,94.99,5.208,0.3094,1.6112,100
C0162,71.699,4.976,0.1999,0.9948,10
C0162,72.487,4.98,0.2026,1.0086,20
C0162,72.237,4.959,0.1998,0.9906,30
C0162,71.753,4.965,0.1983,0.9846,40
C0162,71.485,4.949,0.1971,0.9755,50
C0162,72.189,4.955,0.1999,0.9903,60
C0162,73.213,4.979,0.2064,1.0275,70
C0162,72.308,4.98,0.1969,0.9806,80
C0162,71.687,4.941,0.2045,1.0107,90
C0162,72.997,4.963,0.1988,0.9865,100
C0163,71.806,5.027,0.1986,0.9981,10
C0163,71.47,5.022,0.1992,1.0005,20
C0163,72.141,5.031,0.1948,0.9801,30
C0163,72.235,5.023,0.1976,0.9924,40
C0163,71.506,5.017,0.1956,0.9814,50
C0163,72.851,5.017,0.1977,0.9916,60
C0163,71.708,5.013,0.2012,1.0084,70
C0163,71.871,5.015,0.1935,0.9705,80
C0163,71.626,5.014,0.198,0.9927,90
C0163,73.533,5.01,0.1971,0.9875,100
C0164,69.638,5.014,0.2047,1.0261,10
C0164,70.644,5.011,0.2088,1.0464,20
C0164,69.655,5.017,0.216,1.0834,30
C0164,69.52,5.006,0.2085,1.0441,40
C0164,70.597,5.004,0.1963,0.9823,50
C0164,70.94,5.017,0.2006,1.0067,60
C0164,69.76,5.026,0.2134,1.0725,70
C0164,70.688,5.008,0.208,1.0414,80
C0164,70.046,5.021,0.2041,1.0249,90
C0164,69.641,5.02,0.2074,1.0413,100
C0165,71.406,5.0,0.2046,1.0232,10
C0165,70.461,5.007,0.2075,1.0392,20
C0165,71.145,5.0,0.2049,1.0245,30
C0165,71.512,5.015,0.2021,1.0137,40
C0165,69.981,5.019,0.2103,1.0554,50
C0165,72.184,4.972,0.2038,1.0133,60
C0165,71.134,4.996,0.2025,1.0117,70
C0165,71.324,5.012,0.2022,1.0136,80
C0165,70.741,5.001,0.199,0.9955,90
C0165,70.384,4.994,0.2012,1.0045,100
C0166,74.335,4.992,0.1929,0.9627,10
C0166,74.45,4.998,0.183,0.9149,20
C0166,74.073,5.008,0.1859,0.9312,30
C0166,74.005,5.003,0.1836,0.9185,40
C0166,73.93,4.981,0.1899,0.946,50
C0166,74.315,4.994,0.1936,0.967,60
C0166,74.188,4.992,0.1895,0.9457,70
C0166,74.374,5.006,0.1843,0.9227,80
C0166,74.406,4.999,0.1883,0.9412,90
C0166,72.993,4.998,0.1929,0.9641,100
C0167,71.408,4.955,0.193,0.9564,10
C0167,72.912,4.972,0.1972,0.9806,20
C0167,72.622,4.965,0.2003,0.9945,30
C0167,72.979,4.966,0.2026,1.0061,40
C0167,74.021,4.957,0.1995,0.989,50
C0167,74.705,4.972,0.1979,0.9839,60
C0167,72.818,4.974,0.2005,0.9971,70
C0167,72.104,4.969,0.1884,0.9359,80
C0167,72.726,4.96,0.1988,0.986,90
C0167,71.857,4.964,0.2013,0.9993,100
C0168,75.878,5.035,0.2296,1.1558,10
C0168,77.338,5.066,0.24,1.2156,20
C0168,80.682,5.083,0.2519,1.2806,30
C0168,82.014,5.09,0.2609,1.3282,40
C0168,83.319,5.128,0.2642,1.3548,50
C0168,86.651,5.16,0.2786,1.4374,60
C0168,87.616,5.176,0.2821,1.4605,70
C0168,88.55,5.15,0.3003,1.5466,80
C0168,90.756,5.192,0.3215,1.6693,90
C0168,93.053,5.204,0.3203,1.667,100
C0169,75.584,4.934,0.1901,0.9379,10
C0169,74.094,4.938,0.2006,0.9907,20
C0169,75.273,4.927,0.2005,0.9878,30
C0169,74.302,4.937,0.1997,0.9859,40
C0169,74.377,4.95,0.1926,0.9536,50
C0169,74.784,4.926,0.2068,1.0187,60
C0169,75.228,4.928,0.1983,0.9775,70
C0169,75.986,4.925,0.1924,0.9476,80
C0169,75.044,4.938,0.2021,0.9981,90
C0169,75.273,4.952,0.1926,0.9538,100
C0170,69.3,4.99,0.1933,0.9645,10
C0170,69.869,5.04,0.1865,0.9397,20
C0170,69.643,5.005,0.1914,0.958,30
C0170,69.914,5.017,0.1865,0.9357,40
C0170,69.367,4.993,0.1815,0.9064,50
C0170,69.885,5.008,0.1879,0.941,60
C0170,70.942,5.023,0.1891,0.9498,70
C0170,69.119,5.005,0.188,0.9411,80
C0170,69.802,5.004,0.1878,0.9398,90
C0170,69.964,5.004,0.1913,0.9571,100
C0171,71.021,5.045,0.1988,1.003,10
C0171,70.018,5.027,0.1973,0.9918,20
C0171,69.692,5.047,0.205,1.0346,30
C0171,69.126,5.032,0.2033,1.0232,40
C0171,68.947,5.044,0.203,1.0239,50
C0171,69.126,5.022,0.2083,1.0462,60
C0171,69.732,5.049,0.2102,1.0612,70
C0171,70.574,5.031,0.1939,0.9757,80
C0171,70.148,5.058,0.2038,1.0306,90
C0171,68.766,5.03,0.2032,1.022,100
C0172,70.656,5.049,0.1978,0.9988,10
C0172,70.597,5.048,0.1892,0.9551,20
C0172,70.832,5.031,0.1954,0.983,30
C0172,69.694,5.063,0.1934,0.9793,40
C0172,70.739,5.051,0.1858,0.9384,50
C0172,69.837,5.057,0.1935,0.9783,60
C0172,71.062,5.054,0.1889,0.9548,70
C0172,69.875,5.051,0.1835,0.9271,80
C0172,71.357,5.055,0.1977,0.9993,90
C0172,69.405,5.063,0.2017,1.0212,100
C0173,71.233,5.006,0.1977,0.9896,10
C0173,72.058,5.001,0.1933,0.9665,20
C0173,70.445,4.982,0.196,0.9762,30
C0173,71.556,4.987,0.2005,0.9999,40
C0173,71.159,4.996,0.1981,0.99,50
C0173,72.516,4.984,0.2065,1.0292,60
C0173,71.119,4.981,0.1968,0.9801,70
C0173,73.419,5.003,0.2001,1.001,80
C0173,71.952,4.986,0.199,0.9921,90
C0173,71.477,5.012,0.1972,0.9885,100
C0174,72.425,5.02,0.1959,0.9831,10
C0174,71.724,5.003,0.2014,1.0076,20
C0174,72.627,5.017,0.2013,1.0098,30
C0174,71.091,5.005,0.1951,0.9763,40
C0174,71.694,5.009,0.197,0.9871,50
C0174,71.616,5.003,0.197,0.9855,60
C0174,71.951,5.015,0.1995,1.0005,70
C0174,70.702,5.018,0.1902,0.9545,80
C0174,70.764,5.007,0.1911,0.957,90
C0174,71.104,5.011,0.1982,0.9934,100
C0175,69.025,4.972,0.2097,1.0426,10
C0175,69.221,5.003,0.212,1.0605,20
C0175,69.322,4.993,0.2083,1.0398,30
C0175,69.093,5.0,0.2023,1.0113,40
C0175,69.719,4.982,0.2076,1.0345,50
C0175,68.807,4.985,0.2086,1.04,60
C0175,68.89,4.977,0.2012,1.0011,70
C0175,68.704,4.978,0.2094,1.0425,80
C0175,70.316,4.977,0.2047,1.0189,90
C0175,68.71,4.985,0.2112,1.0526,100
C0176,74.414,5.025,0.2102,1.0562,10
C0176,72.843,5.029,0.2159,1.0856,20
C0176,72.286,5.02,0.2153,1.0806,30
C0176,73.705,5.025,0.2132,1.0712,40
C0176,73.297,5.044,0.21,1.0594,50
C0176,73.708,5.055,0.2121,1.0724,60
C0176,73.122,5.036,0.2083,1.0489,70
C0176,74.525,5.03,0.2087,1.0496,80
C0176,72.591,5.04,0.2132,1.0745,90
C0176,72.794,5.034,0.2037,1.0256,100
C0177,71.53,5.059,0.1965,0.9944,10
C0177,70.482,5.051,0.1916,0.9679,20
C0177,70.463,5.054,0.1977,0.9994,30
C0177,69.97,5.046,0.1884,0.9504,40
C0177,70.692,5.051,0.1945,0.9824,50
C0177,70.769,5.055,0.193,0.9757,60
C0177,70.896,5.059,0.1909,0.966,70
C0177,71.736,5.078,0.1942,0.9863,80
C0177,70.885,5.058,0.187,0.946,90
C0177,70.856,5.045,0.1935,0.976,100
C0178,71.231,5.063,0.1973,0.9988,10
C0178,70.151,5.075,0.1896,0.9623,20
C0178,70.786,5.06,0.1964,0.9938,30
C0178,70.408,5.076,0.1917,0.9732,40
C0178,70.842,5.072,0.1901,0.9639,50
C0178,71.037,5.085,0.19,0.9662,60
C0178,71.614,5.085,0.1898,0.9654,70
C0178,70.037,5.073,0.1909,0.9686,80
C0178,72.032,5.07,0.1899,0.9629,90
C0178,70.222,5.081,0.1908,0.9696,100
C0179,67.664,5.048,0.1917,0.9678,10
C0179,67.534,5.02,0.188,0.9441,20
C0179,68.271,5.03,0.1804,0.9075,30
C0179,67.321,5.031,0.1842,0.9265,40
C0179,67.412,5.03,0.1855,0.9329,50
C0179,66.862,5.031,0.1762,0.8864,60
C0179,67.817,5.015,0.1864,0.9351,70
C0179,66.963,5.017,0.1814,0.9103,80
C0179,68.778,5.042,0.1752,0.8833,90
C0179,66.946,5.031,0.1918,0.9651,100
C0180,69.554,5.048,0.1973,0.9961,10
C0180,70.142,5.033,0.2022,1.0178,20
C0180,70.578,5.042,0.2019,1.0179,30
C0180,69.946,5.022,0.2014,1.0114,40
C0180,68.964,5.027,0.1918,0.9644,50
C0180,70.306,5.026,0.1961,0.9857,60
C0180,70.26,5.018,0.2067,1.0373,70
C0180,71.712,5.017,0.2039,1.023,80
C0180,70.352,5.03,0.1973,0.9925,90
C0180,70.196,5.039,0.1981,0.998,100
C0181,70.688,5.006,0.1859,0.9307,10
C0181,72.097,5.017,0.1853,0.9297,20
C0181,69.514,5.021,0.1903,0.9557,30
C0181,70.224,5.016,0.1879,0.9427,40
C0181,71.823,5.01,0.1837,0.92,50
C0181,70.97,5.03,0.1913,0.9623,60
C0181,71.231,5.027,0.1777,0.8932,70
C0181,71.719,5.006,0.1942,0.9722,80
C0181,70.606,5.008,0.1894,0.9486,90
C0181,71.64,5.012,0.1886,0.9456,100
C0182,71.727,5.026,0.2029,1.0196,10
C0182,72.528,5.043,0.2063,1.0405,20
C0182,72.511,4.994,0.2107,1.0522,30
C0182,71.936,5.006,0.2038,1.0203,40
C0182,73.593,5.024,0.2045,1.0274,50
C0182,72.928,5.01,0.2057,1.0306,60
C0182,72.787,5.026,0.209,1.0504,70
C0182,73.039,5.012,0.2081,1.0431,80
C0182,72.688,5.005,0.2035,1.0187,90
C0182,72.794,5.025,0.2044,1.0272,100
C0183,70.987,5.021,0.2039,1.0237,10
C0183,69.89,5.019,0.203,1.0186,20
C0183,69.828,5.009,0.1945,0.9742,30
C0183,70.842,5.019,0.206,1.034,40
C0183,70.303,5.017,0.2042,1.0247,50
C0183,69.988,5.004,0.1974,0.9877,60
C0183,70.231,5.004,0.1976,0.9886,70
C0183,70.969,5.012,0.2015,1.0099,80
C0183,70.11,5.006,0.2014,1.0085,90
C0183,70.516,5.02,0.2055,1.0317,100
C0184,70.852,5.01,0.1953,0.9783,10
C0184,71.328,5.009,0.2031,1.0173,20
C0184,72.358,4.993,0.2041,1.0188,30
C0184,70.899,5.01,0.2002,1.0031,40
C0184,70.73,5.011,0.1983,0.9935,50
C0184,70.115,4.993,0.2027,1.0121,60
C0184,71.798,4.999,0.2055,1.0273,70
C0184,70.148,4.994,0.1991,0.9941,80
C0184,70.894,4.999,0.203,1.0147,90
C0184,70.696,4.999,0.2,1.0001,100
C0185,71.006,5.064,0.2049,1.0376,10
C0185,70.359,5.044,0.2019,1.0185,20
C0185,70.402,5.075,0.2057,1.0439,30
C0185,71.344,5.051,0.2,1.0101,40
C0185,70.174,5.037,0.21,1.0578,50
C0185,72.296,5.048,0.206,1.0401,60
C0185,71.656,5.06,0.1967,0.9954,70
C0185,70.267,5.066,0.1945,0.9852,80
C0185,71.263,5.051,0.2006,1.0129,90
C0185,71.541,5.047,0.204,1.0296,100
C0186,72.426,4.995,0.2124,1.0611,10
C0186,72.255,5.015,0.203,1.0183,20
C0186,71.903,4.994,0.2105,1.0514,30
C0186,72.973,4.995,0.2031,1.0144,40
C0186,72.717,5.002,0.201,1.0056,50
C0186,72.209,4.979,0.2061,1.0263,60
C0186,71.67,5.003,0.2093,1.0469,70
C0186,71.44,5.004,0.2031,1.016,80
C0186,72.41,4.987,0.2073,1.0339,90
C0186,72.514,5.0,0.2141,1.0707,100
C0187,73.839,4.969,0.2009,0.9984,10
C0187,73.832,4.965,0.2026,1.0062,20
C0187,75.038,4.974,0.1982,0.986,30
C0187,74.084,4.975,0.1997,0.9934,40
C0187,73.234,4.975,0.1953,0.9718,50
C0187,73.373,4.952,0.1979,0.9802,60
C0187,73.614,4.946,0.1973,0.976,70
C0187,73.929,4.968,0.1963,0.975,80
C0187,75.321,4.974,0.1968,0.9788,90
C0187,74.185,4.983,0.2026,1.0096,100
C0188,69.446,5.019,0.1838,0.9225,10
C0188,70.107,5.021,0.1967,0.9876,20
C0188,69.247,5.017,0.1868,0.9372,30
C0188,69.303,5.012,0.1968,0.9863,40
C0188,69.487,5.025,0.1913,0.9612,50
C0188,69.144,5.022,0.1952,0.9803,60
C0188,69.181,5.032,0.1894,0.9531,70
C0188,69.616,5.029,0.1902,0.9563,80
C0188,69.928,5.02,0.1933,0.9706,90
C0188,68.477,5.005,0.1953,0.9774,100
C0189,73.372,4.991,0.2007,1.0019,10
C0189,73.062,5.002,0.192,0.9603,20
C0189,72.993,5.026,0.1968,0.9891,30
C0189,72.408,5.013,0.205,1.0278,40
C0189,73.179,5.017,0.2026,1.0165,50
C0189,73.203,5.004,0.1907,0.9545,60
C0189,72.367,5.001,0.2004,1.0019,70
C0189,73.399,5.013,0.1927,0.9658,80
C0189,73.992,5.007,0.2001,1.0022,90
C0189,72.949,5.014,0.2,1.0027,100
C0190,77.381,5.02,0.2334,1.1714,10
C0190,78.788,5.022,0.2532,1.2715,20
C0190,78.659,5.051,0.255,1.2879,30
C0190,82.218,5.073,0.2709,1.3743,40
C0190,82.95,5.083,0.2765,1.4053,50
C0190,87.359,5.106,0.2926,1.4938,60
C0190,87.84,5.128,0.2926,1.5003,70
C0190,86.371,5.127,0.3075,1.5767,80
C0190,89.736,5.154,0.3167,1.6323,90
C0190,92.59,5.165,0.328,1.694,100
C0191,70.74,4.992,0.1918,0.9574,10
C0191,70.263,5.001,0.1988,0.9942,20
C0191,70.203,5.012,0.1941,0.9727,30
C0191,71.198,4.996,0.1949,0.974,40
C0191,70.312,4.97,0.1878,0.9333,50
C0191,70.697,5.005,0.187,0.9358,60
C0191,70.48,5.005,0.192,0.961,70
C0191,70.785,5.005,0.192,0.9612,80
C0191,70.041,5.01,0.194,0.972,90
C0191,69.518,5.002,0.1876,0.9381,100
C0192,70.391,4.976,0.2083,1.0367,10
C0192,70.615,5.006,0.2009,1.0057,20
C0192,70.025,4.994,0.2011,1.0043,30
C0192,69.846,5.006,0.1995,0.9986,40
C0192,69.449,5.005,0.1999,1.0006,50
C0192,70.188,4.974,0.2089,1.0391,60
C0192,69.779,4.992,0.2056,1.0264,70
C0192,70.806,4.991,0.1952,0.974,80
C0192,70.067,4.993,0.1988,0.9927,90
C0192,70.675,4.998,0.2058,1.0287,100
C0193,74.05,4.997,0.2028,1.0134,10
C0193,72.351,5.014,0.2002,1.004,20
C0193,72.716,4.986,0.1915,0.9547,30
C0193,73.035,4.994,0.206,1.029,40
C0193,73.936,4.998,0.1954,0.9768,50
C0193,73.195,4.988,0.1972,0.9834,60
C0193,73.479,4.993,0.1986,0.9917,70
C0193,73.287,4.997,0.1987,0.993,80
C0193,72.732,4.996,0.1995,0.9967,90
C0193,72.742,4.989,0.2024,1.0097,100
C0194,70.959,5.019,0.1935,0.9713,10
C0194,70.089,5.009,0.1939,0.9711,20
C0194,69.968,5.035,0.1874,0.9437,30
C0194,71.217,5.015,0.1937,0.9715,40
C0194,70.795,5.01,0.196,0.9818,50
C0194,68.671,5.009,0.1888,0.9458,60
C0194,69.543,5.014,0.1941,0.9731,70
C0194,70.717,5.019,0.1898,0.9528,80
C0194,70.517,5.018,0.1963,0.9848,90
C0194,70.761,5.017,0.1889,0.9478,100
C0195,72.048,4.973,0.2001,0.995,10
C0195,72.277,4.968,0.1948,0.9676,20
C0195,72.135,4.993,0.2,0.9984,30
C0195,72.192,4.979,0.2045,1.0182,40
C0195,73.277,4.974,0.2039,1.0142,50
C0195,72.667,4.993,0.1986,0.9916,60
C0195,73.427,4.974,0.1982,0.9859,70
C0195,73.445,4.961,0.1991,0.9876,80
C0195,72.479,4.992,0.2035,1.016,90
C0195,73.153,4.988,0.1994,0.9945,100
C0196,72.115,4.94,0.2107,1.0407,10
C0196,72.002,4.947,0.208,1.0291,20
C0196,71.686,4.916,0.2017,0.9915,30
C0196,72.204,4.933,0.2028,1.0004,40
C0196,70.859,4.959,0.2104,1.0434,50
C0196,70.956,4.943,0.201,0.9933,60
C0196,71.855,4.946,0.2069,1.0235,70
C0196,71.685,4.97,0.1996,0.992,80
C0196,70.46,4.937,0.1974,0.9747,90
C0196,70.59,4.931,0.2,0.9862,100
C0197,71.691,4.984,0.1954,0.9739,10
C0197,72.554,4.988,0.1953,0.9742,20
C0197,71.403,4.996,0.1958,0.978,30
C0197,72.355,5.001,0.1997,0.9989,40
C0197,72.575,4.985,0.1961,0.9774,50
C0197,72.451,4.989,0.2029,1.0125,60
C0197,73.791,4.988,0.1875,0.9352,70
C0197,71.736,5.003,0.199,0.9955,80
C0197,72.562,4.983,0.1913,0.9536,90
C0197,73.313,4.977,0.199,0.9905,100
C0198,70.77,5.025,0.1989,0.9995,10
C0198,69.89,5.032,0.197,0.9912,20
C0198,70.635,5.013,0.1943,0.9741,30
C0198,70.461,5.024,0.1969,0.989,40
C0198,70.583,5.019,0.1979,0.9931,50
C0198,70.888,5.04,0.205,1.0331,60
C0198,69.88,5.037,0.1949,0.9817,70
C0198,69.505,5.001,0.2054,1.0271,80
C0198,69.531,5.023,0.195,0.9798,90
C0198,70.466,5.021,0.1935,0.9714,100
C0199,67.874,5.031,0.2119,1.0662,10
C0199,69.165,5.046,0.2117,1.068,20
C0199,69.216,5.065,0.2131,1.0794,30
C0199,70.329,5.041,0.2113,1.0652,40
C0199,68.837,5.036,0.209,1.0526,50
C0199,68.751,5.031,0.2147,1.0803,60
C0199,70.365,5.031,0.2154,1.0836,70
C0199,68.293,5.046,0.2067,1.0428,80
C0199,69.748,5.035,0.2131,1.0727,90
C0199,69.089,5.023,0.2085,1.0474,100
C0200,78.116,5.126,0.2386,1.2231,10
C0200,78.457,5.132,0.2386,1.2246,20
C0200,82.375,5.174,0.2491,1.2889,30
C0200,85.93,5.184,0.2552,1.323,40
C0200,88.445,5.196,0.2685,1.3948,50
C0200,87.389,5.203,0.2764,1.4381,60
C0200,89.645,5.236,0.2831,1.4823,70
C0200,90.113,5.238,0.3007,1.5751,80
C0200,93.23,5.249,0.3092,1.6232,90
C0200,94.003,5.281,0.3192,1.6859,100
C0201,69.195,4.931,0.2003,0.9875,10
C0201,69.737,4.934,0.1977,0.9755,20
C0201,69.142,4.939,0.2024,0.9994,30
C0201,68.952,4.936,0.1986,0.9804,40
C0201,69.595,4.946,0.2084,1.0305,50
C0201,69.942,4.949,0.1991,0.9855,60
C0201,69.011,4.937,0.1974,0.9745,70
C0201,69.834,4.926,0.2026,0.9979,80
C0201,69.529,4.95,0.1973,0.9767,90
C0201,69.058,4.939,0.1985,0.9802,100
C0202,74.26,4.967,0.2215,1.1003,10
C0202,72.831,4.972,0.2176,1.0819,20
C0202,71.99,4.954,0.2206,1.0927,30
C0202,72.531,4.967,0.2162,1.0737,40
C0202,72.74,4.976,0.2215,1.102,50
C0202,73.204,4.976,0.2224,1.1067,60
C0202,74.077,4.963,0.2188,1.0857,70
C0202,72.429,4.963,0.2243,1.1134,80
C0202,73.99,4.977,0.2133,1.0616,90
C0202,73.859,4.949,0.2241,1.1089,100
C0203,72.552,4.952,0.1868,0.9252,10
C0203,74.474,4.954,0.1946,0.964,20
C0203,73.526,4.96,0.1895,0.9399,30
C0203,73.977,4.962,0.1922,0.9538,40
C0203,73.159,4.956,0.1942,0.9624,50
C0203,73.653,4.961,0.1888,0.9369,60
C0203,74.681,4.955,0.1917,0.9501,70
C0203,73.403,4.98,0.1907,0.9495,80
C0203,73.286,4.961,0.1891,0.938,90
C0203,73.582,4.984,0.193,0.9621,100
C0204,71.606,5.06,0.1833,0.9274,10
C0204,71.992,5.034,0.1822,0.9171,20
C0204,71.553,5.068,0.1843,0.934,30
C0204,72.36,5.053,0.1882,0.9511,40
C0204,72.962,5.058,0.1819,0.9198,50
C0204,72.216,5.054,0.1823,0.9213,60
C0204,72.392,5.051,0.1875,0.9472,70
C0204,71.328,5.054,0.1835,0.9272,80
C0204,72.819,5.055,0.1908,0.9645,90
C0204,73.207,5.06,0.1902,0.9623,100
C0205,71.021,5.008,0.223,1.1165,10
C0205,73.245,5.035,0.2184,1.0996,20
C0205,72.398,5.006,0.2192,1.0975,30
C0205,73.63,5.026,0.2177,1.0943,40
C0205,72.809,5.004,0.2159,1.0804,50
C0205,73.284,5.026,0.2152,1.0814,60
C0205,72.803,5.007,0.2214,1.1087,70
C0205,72.424,4.991,0.222,1.1077,80
C0205,72.475,5.008,0.2197,1.1002,90
C0205,72.868,5.014,0.2114,1.0602,100
C0206,72.072,4.989,0.2031,1.0134,10
C0206,73.074,5.011,0.2006,1.005,20
C0206,72.92,4.983,0.1982,0.9875,30
C0206,72.818,5.02,0.202,1.014,40
C0206,73.756,5.006,0.1964,0.9833,50
C0206,72.905,5.003,0.1955,0.978,60
C0206,72.604,4.998,0.2057,1.028,70
C0206,71.586,5.012,0.1955,0.98,80
C0206,72.011,5.012,0.2022,1.0134,90
C0206,73.587,5.008,0.2075,1.0392,100
C0207,74.845,5.086,0.2085,1.0604,10
C0207,79.839,5.098,0.2231,1.1375,20
C0207,78.838,5.148,0.229,1.1789,30
C0207,79.52,5.146,0.2538,1.306,40
C0207,82.713,5.157,0.252,1.2997,50
C0207,86.101,5.182,0.2673,1.3849,60
C0207,84.17,5.211,0.2649,1.3803,70
C0207,88.277,5.209,0.2885,1.5029,80
C0207,92.021,5.231,0.2942,1.5388,90
C0207,92.718,5.25,0.3014,1.5823,100
C0208,76.645,5.095,0.2103,1.0714,10
C0208,77.176,5.104,0.2219,1.1327,20
C0208,78.076,5.129,0.2269,1.164,30
C0208,80.8,5.156,0.2266,1.1685,40
C0208,83.018,5.143,0.2508,1.2898,50
C0208,83.937,5.152,0.265,1.3652,60
C0208,87.194,5.204,0.266,1.3843,70
C0208,86.915,5.194,0.2842,1.476,80
C0208,89.151,5.228,0.2906,1.5194,90
C0208,91.734,5.237,0.2966,1.553,100
C0209,72.598,5.069,0.1893,0.9596,10
C0209,71.803,5.068,0.1941,0.9835,20
C0209,72.435,5.049,0.1951,0.9851,30
C0209,71.846,5.063,0.1977,1.001,40
C0209,72.245,5.082,0.2038,1.0359,50
C0209,70.997,5.052,0.2066,1.0438,60
C0209,71.841,5.078,0.1952,0.9911,70
C0209,72.046,5.066,0.1965,0.9955,80
C0209,72.483,5.073,0.1999,1.0141,90
C0209,72.271,5.074,0.2004,1.0167,100
C0210,72.32,4.958,0.2041,1.0118,10
C0210,70.656,4.962,0.2115,1.0494,20
C0210,70.545,4.977,0.2048,1.0193,30
C0210,69.856,4.973,0.2001,0.9953,40
C0210,70.777,4.993,0.2092,1.0445,50
C0210,70.227,4.961,0.209,1.0371,60
C0210,70.996,4.969,0.2051,1.0189,70
C0210,71.912,4.964,0.2121,1.0532,80
C0210,70.523,4.975,0.2082,1.0358,90
C0210,71.066,4.953,0.2052,1.0165,100
C0211,71.301,4.992,0.2005,1.0012,10
C0211,71.711,4.989,0.1913,0.9543,20
C0211,71.584,5.001,0.1992,0.9962,30
C0211,72.299,4.999,0.1968,0.9837,40
C0211,71.959,4.992,0.1934,0.9653,50
C0211,71.768,4.992,0.1976,0.9862,60
C0211,71.778,5.01,0.1902,0.953,70
C0211,72.171,4.989,0.195,0.9731,80
C0211,71.23,5.0,0.1976,0.9882,90
C0211,72.218,4.991,0.1937,0.967,100
C0212,72.01,5.018,0.1938,0.9722,10
C0212,72.042,5.035,0.1997,1.0057,20
C0212,72.762,5.019,0.1964,0.9858,30
C0212,71.86,5.025,0.2037,1.0237,40
C0212,71.435,5.04,0.2085,1.0508,50
C0212,71.877,5.039,0.1964,0.9896,60
C0212,72.545,5.037,0.2041,1.0279,70
C0212,71.891,4.997,0.1981,0.9896,80
C0212,71.525,5.016,0.2011,1.0089,90
C0212,71.649,5.018,0.1964,0.9855,100
C0213,69.921,4.976,0.1997,0.9935,10
C0213,71.467,4.978,0.2086,1.0382,20
C0213,70.575,4.977,0.2036,1.0132,30
C0213,69.844,4.972,0.1999,0.9942,40
C0213,69.609,4.998,0.2051,1.0249,50
C0213,71.158,4.969,0.199,0.9886,60
C0213,69.692,4.973,0.2041,1.015,70
C0213,70.188,4.969,0.2043,1.0153,80
C0213,70.384,4.984,0.2098,1.0459,90
C0213,70.061,4.989,0.2042,1.0189,100
C0214,69.854,5.074,0.211,1.0707,10
C0214,68.666,5.071,0.216,1.0954,20
C0214,69.349,5.075,0.2146,1.089,30
C0214,69.163,5.067,0.2071,1.0492,40
C0214,69.216,5.058,0.2076,1.0499,50
C0214,70.561,5.062,0.2117,1.0715,60
C0214,69.407,5.083,0.2164,1.1,70
C0214,70.227,5.074,0.2102,1.0668,80
C0214,68.994,5.091,0.2081,1.0595,90
C0214,70.107,5.082,0.2089,1.0618,100
C0215,72.394,5.051,0.1888,0.9538,10
C0215,72.684,5.041,0.1985,1.0009,20
C0215,71.582,5.049,0.1973,0.9963,30
C0215,72.002,5.042,0.1958,0.9875,40
C0215,71.769,5.048,0.1929,0.9737,50
C0215,71.622,5.065,0.1925,0.9753,60
C0215,72.219,5.039,0.1902,0.9585,70
C0215,73.461,5.051,0.196,0.9899,80
C0215,71.852,5.06,0.1953,0.9884,90
C0215,71.984,5.035,0.1977,0.9952,100
C0216,72.276,4.945,0.2085,1.0311,10
C0216,71.885,4.967,0.2024,1.0052,20
C0216,72.114,4.935,0.2094,1.0331,30
C0216,71.496,4.939,0.2094,1.0343,40
C0216,70.964,4.954,0.2023,1.002,50
C0216,71.969,4.94,0.2048,1.0116,60
C0216,71.766,4.928,0.2096,1.0329,70
C0216,70.791,4.948,0.2057,1.0181,80
C0216,71.374,4.947,0.2063,1.0207,90
C0216,71.61,4.929,0.212,1.0447,100
C0217,73.995,5.007,0.2172,1.0873,10
C0217,72.773,5.01,0.2168,1.086,20
C0217,73.912,5.005,0.2193,1.0976,30
C0217,73.568,4.992,0.2136,1.0661,40
C0217,72.577,5.011,0.2139,1.0719,50
C0217,72.718,5.006,0.2167,1.0847,60
C0217,72.983,4.996,0.2084,1.0411,70
C0217,72.631,5.013,0.2155,1.0803,80
C0217,72.071,4.991,0.2191,1.0935,90
C0217,73.415,4.998,0.2149,1.0741,100
C0218,69.84,4.98,0.2012,1.0021,10
C0218,70.014,4.982,0.2088,1.0402,20
C0218,69.761,4.966,0.208,1.0327,30
C0218,69.709,4.96,0.2077,1.03,40
C0218,70.634,4.968,0.2112,1.0491,50
C0218,70.382,4.96,0.2071,1.0273,60
C0218,69.535,4.963,0.206,1.0222,70
C0218,69.597,4.958,0.2187,1.0842,80
C0218,68.232,4.961,0.2171,1.077,90
C0218,69.97,4.97,0.2106,1.0467,100
C0219,71.167,4.999,0.1829,0.9142,10
C0219,70.213,4.998,0.1914,0.9569,20
C0219,71.582,4.996,0.1823,0.9108,30
C0219,70.837,5.016,0.1813,0.9091,40
C0219,70.121,5.004,0.1884,0.9425,50
C0219,70.367,5.0,0.1917,0.9583,60
C0219,70.635,4.996,0.1901,0.9497,70
C0219,70.532,5.009,0.1959,0.9811,80
C0219,70.158,4.985,0.1892,0.9434,90
C0219,69.923,4.985,0.1796,0.895,100
C0220,71.904,5.032,0.2039,1.026,10
C0220,71.709,5.018,0.1958,0.9824,20
C0220,71.871,5.035,0.201,1.0123,30
C0220,72.577,5.003,0.1951,0.9759,40
C0220,71.94,5.021,0.2049,1.029,50
C0220,71.417,5.01,0.1988,0.996,60
C0220,70.507,5.007,0.2036,1.0193,70
C0220,71.95,5.022,0.1928,0.9682,80
C0220,71.212,5.006,0.2044,1.0232,90
C0220,71.076,5.007,0.1998,1.0005,100
C0221,68.351,4.968,0.1967,0.9773,10
C0221,69.611,4.98,0.1972,0.9821,20
C0221,70.069,4.982,0.1982,0.9873,30
C0221,70.152,4.986,0.1938,0.9665,40
C0221,69.746,4.989,0.2039,1.0173,50
C0221,69.988,4.978,0.2013,1.0023,60
C0221,70.25,4.982,0.2006,0.9992,70
C0221,69.616,4.967,0.199,0.9883,80
C0221,69.359,4.974,0.2054,1.0216,90
C0221,70.337,4.964,0.1953,0.9695,100
C0222,70.916,5.003,0.1926,0.9638,10
C0222,71.425,5.012,0.1794,0.899,20
C0222,70.97,5.005,0.2002,1.0019,30
C0222,70.807,5.011,0.2001,1.0028,40
C0222,70.667,5.013,0.1909,0.9572,50
C0222,71.152,5.001,0.1912,0.9563,60
C0222,73.088,5.018,0.1986,0.9963,70
C0222,71.75,4.993,0.1957,0.9773,80
C0222,72.098,5.001,0.198,0.9902,90
C0222,71.877,5.028,0.1925,0.9677,100
C0223,71.561,4.966,0.2018,1.002,10
C0223,71.557,4.946,0.2057,1.0174,20
C0223,72.275,4.949,0.2032,1.0056,30
C0223,70.972,4.951,0.1966,0.9735,40
C0223,70.788,4.964,0.2094,1.0396,50
C0223,70.583,4.969,0.2057,1.0222,60
C0223,72.5,4.972,0.2073,1.0309,70
C0223,71.916,4.957,0.2025,1.004,80
C0223,72.166,4.946,0.2021,0.9996,90
C0223,70.698,4.969,0.2031,1.0094,100
C0224,72.518,4.985,0.1733,0.864,10
C0224,72.456,4.991,0.1774,0.8853,20
C0224,73.536,5.003,0.1692,0.8464,30
C0224,73.265,4.991,0.1704,0.8505,40
C0224,73.185,4.988,0.1772,0.8836,50
C0224,72.843,5.0,0.177,0.885,60
C0224,73.558,4.979,0.173,0.8613,70
C0224,73.449,5.002,0.1667,0.8341,80
C0224,72.545,5.004,0.1681,0.8413,90
C0224,72.759,5.009,0.171,0.8566,100
C0225,70.722,4.981,0.2011,1.0018,10
C0225,70.971,4.969,0.202,1.0035,20
C0225,70.338,4.989,0.2046,1.0207,30
C0225,71.962,4.955,0.1998,0.9902,40
C0225,71.436,4.991,0.2026,1.0111,50
C0225,70.683,4.983,0.2051,1.022,60
C0225,70.731,4.976,0.2001,0.9957,70
C0225,70.434,4.976,0.2064,1.0272,80
C0225,69.603,4.983,0.2065,1.0293,90
C0225,70.008,4.994,0.2046,1.0219,100
C0226,72.015,5.056,0.2024,1.0236,10
C0226,71.768,5.051,0.1994,1.0073,20
C0226,71.61,5.044,0.1985,1.0013,30
C0226,72.968,5.028,0.1972,0.9914,40
C0226,72.366,5.05,0.1982,1.0011,50
C0226,71.942,5.057,0.2022,1.0227,60
C0226,73.137,5.025,0.2051,1.0308,70
C0226,72.277,5.051,0.2015,1.018,80
C0226,71.403,5.047,0.2056,1.0377,90
C0226,71.939,5.053,0.1983,1.0019,100
C0227,72.606,5.013,0.2099,1.0523,10
C0227,74.303,4.993,0.2064,1.0305,20
C0227,73.637,4.972,0.2124,1.0562,30
C0227,73.776,4.989,0.2127,1.0611,40
C0227,73.682,4.997,0.2135,1.067,50
C0227,73.33,4.983,0.2028,1.0104,60
C0227,73.733,4.996,0.2044,1.021,70
C0227,74.512,4.983,0.2013,1.0028,80
C0227,74.556,4.971,0.2135,1.0615,90
C0227,74.092,4.994,0.2076,1.0367,100
C0228,73.114,4.995,0.1999,0.9985,10
C0228,72.925,4.996,0.2065,1.0319,20
C0228,72.719,4.984,0.2026,1.01,30
C0228,72.064,4.985,0.2049,1.0211,40
C0228,73.139,4.984,0.2027,1.0104,50
C0228,72.259,4.994,0.2016,1.0065,60
C0228,72.589,4.983,0.2016,1.0047,70
C0228,72.485,4.993,0.2003,1.0001,80
C0228,73.71,5.001,0.1983,0.9918,90
C0228,72.796,4.98,0.2006,0.9988,100
C0229,73.757,5.003,0.1852,0.9263,10
C0229,73.228,4.994,0.1922,0.96,20
C0229,71.473,5.001,0.1962,0.9811,30
C0229,72.764,5.006,0.195,0.9761,40
C0229,72.7,5.019,0.1946,0.9766,50
C0229,73.463,4.997,0.1875,0.9367,60
C0229,74.804,5.006,0.2018,1.0104,70
C0229,74.201,5.016,0.1911,0.9585,80
C0229,72.897,5.01,0.1871,0.9376,90
C0229,73.138,4.998,0.1842,0.9207,100
C0230,74.052,5.028,0.1931,0.9708,10
C0230,73.344,4.998,0.1957,0.9779,20
C0230,74.75,5.016,0.1925,0.9656,30
C0230,73.66,5.003,0.1934,0.9673,40
C0230,74.185,5.006,0.2023,1.0127,50
C0230,73.909,5.018,0.1967,0.9873,60
C0230,74.415,5.025,0.1992,1.001,70
C0230,74.29,5.015,0.2,1.0032,80
C0230,73.749,5.018,0.1968,0.9872,90
C0230,73.677,5.011,0.1997,1.0008,100
C0231,72.897,5.031,0.2012,1.0121,10
C0231,72.766,5.006,0.2009,1.0054,20
C0231,72.15,5.038,0.2037,1.0265,30
C0231,71.65,5.029,0.206,1.0361,40
C0231,72.397,5.03,0.1924,0.9678,50
C0231,70.832,5.011,0.203,1.0172,60
C0231,73.37,5.012,0.199,0.9972,70
C0231,72.504,5.018,0.2002,1.0046,80
C0231,72.198,5.036,0.2069,1.0418,90
C0231,72.465,5.04,0.2044,1.0302,100
C0232,74.542,5.013,0.1887,0.946,10
C0232,75.026,4.993,0.1874,0.9355,20
C0232,73.353,5.008,0.1858,0.9303,30
C0232,74.172,4.986,0.187,0.9326,40
C0232,74.349,4.988,0.1873,0.9341,50
C0232,74.411,5.008,0.1915,0.9588,60
C0232,73.338,4.987,0.1892,0.9435,70
C0232,73.923,4.982,0.1918,0.9554,80
C0232,73.782,4.975,0.1852,0.9212,90
C0232,73.428,4.991,0.1964,0.9805,100
C0233,70.625,5.003,0.2044,1.0227,10
C0233,70.785,5.02,0.2049,1.0288,20
C0233,71.46,5.013,0.1984,0.9945,30
C0233,70.467,5.006,0.2071,1.037,40
C0233,71.959,5.002,0.2039,1.0198,50
C0233,71.282,5.006,0.2102,1.0525,60
C0233,69.994,5.013,0.2063,1.0345,70
C0233,71.493,5.007,0.2072,1.0377,80
C0233,70.653,4.999,0.1999,0.9991,90
C0233,69.937,5.002,0.2049,1.0251,100
C0234,70.257,5.058,0.2006,1.0145,10
C0234,71.117,5.032,0.2073,1.0431,20
C0234,71.003,5.064,0.2013,1.0195,30
C0234,71.738,5.059,0.2138,1.0819,40
C0234,72.535,5.071,0.2065,1.0473,50
C0234,72.879,5.048,0.2022,1.0208,60
C0234,71.638,5.086,0.207,1.0529,70
C0234,71.578,5.049,0.2116,1.0684,80
C0234,72.26,5.072,0.2053,1.0412,90
C0234,71.264,5.051,0.2082,1.0513,100
C0235,70.261,4.988,0.2052,1.0233,10
C0235,70.17,4.982,0.2084,1.0381,20
C0235,70.727,4.991,0.21,1.0481,30
C0235,70.898,4.966,0.206,1.023,40
C0235,70.267,5.004,0.2065,1.0333,50
C0235,70.279,4.991,0.2053,1.0246,60
C0235,69.607,4.994,0.2033,1.0153,70
C0235,71.49,4.984,0.2107,1.0501,80
C0235,70.892,4.995,0.2029,1.0138,90
C0235,70.849,4.968,0.2044,1.0155,100
C0236,69.143,5.022,0.1954,0.9813,10
C0236,69.479,5.014,0.2064,1.0347,20
C0236,70.465,5.025,0.1976,0.9928,30
C0236,69.873,4.989,0.1931,0.9635,40
C0236,69.485,4.994,0.1912,0.955,50
C0236,68.585,5.013,0.1991,0.9981,60
C0236,70.437,5.017,0.192,0.9632,70
C0236,68.614,4.996,0.1908,0.953,80
C0236,69.24,5.012,0.1918,0.9611,90
C0236,69.977,5.011,0.1959,0.9815,100
C0237,71.647,5.059,0.1973,0.9981,10
C0237,72.007,5.063,0.1977,1.0011,20
C0237,71.618,5.062,0.1957,0.9908,30
C0237,70.639,5.087,0.1995,1.0149,40
C0237,71.139,5.063,0.1912,0.9681,50
C0237,71.43,5.046,0.1964,0.991,60
C0237,70.778,5.065,0.1993,1.0095,70
C0237,71.23,5.062,0.1931,0.9774,80
C0237,72.033,5.054,0.1998,1.0095,90
C0237,70.639,5.051,0.1922,0.9706,100
C0238,72.779,4.996,0.2,0.9989,10
C0238,74.101,5.013,0.2099,1.0523,20
C0238,71.853,4.995,0.2048,1.0231,30
C0238,73.063,4.998,0.2039,1.0191,40
C0238,72.023,5.007,0.2134,1.0686,50
C0238,73.222,5.003,0.206,1.0307,60
C0238,70.36,4.999,0.207,1.0348,70
C0238,72.389,4.996,0.2017,1.0078,80
C0238,72.639,5.002,0.2098,1.0492,90
C0238,72.873,5.002,0.2054,1.0273,100
C0239,71.888,4.986,0.217,1.0821,10
C0239,71.551,5.009,0.2169,1.0867,20
C0239,72.854,4.979,0.2167,1.0788,30
C0239,71.072,4.987,0.2149,1.0717,40
C0239,71.103,5.01,0.2225,1.1145,50
C0239,71.771,4.987,0.214,1.0676,60
C0239,71.974,4.995,0.2162,1.08,70
C0239,71.854,5.001,0.2162,1.0811,80
C0239,71.057,4.979,0.2178,1.0843,90
C0239,72.83,4.981,0.2212,1.1017,100
C0240,70.727,5.049,0.1952,0.9855,10
C0240,71.428,5.028,0.1888,0.9491,20
C0240,69.76,5.022,0.2004,1.0063,30
C0240,71.46,5.037,0.1922,0.9681,40
C0240,71.956,5.018,0.197,0.9886,50
C0240,70.98,5.026,0.2015,1.0128,60
C0240,70.564,5.014,0.1962,0.984,70
C0240,70.747,5.061,0.1989,1.0066,80
C0240,70.741,5.017,0.1886,0.9464,90
C0240,70.372,5.029,0.2019,1.0152,100
C0241,72.096,4.994,0.201,1.004,10
C0241,72.501,5.005,0.1981,0.9915,20
C0241,72.063,5.022,0.2062,1.0357,30
C0241,72.615,5.018,0.1987,0.997,40
C0241,72.035,5.015,0.1992,0.999,50
C0241,72.577,4.999,0.1966,0.983,60
C0241,72.954,5.022,0.2007,1.008,70
C0241,71.6,4.99,0.2106,1.0508,80
C0241,72.579,5.006,0.2018,1.01,90
C0241,71.364,5.018,0.2112,1.06,100
C0242,71.355,5.034,0.2254,1.1349,10
C0242,71.052,5.022,0.2217,1.1132,20
C0242,71.698,5.019,0.2146,1.0773,30
C0242,70.909,5.032,0.2207,1.1107,40
C0242,69.971,5.043,0.215,1.0841,50
C0242,70.667,5.015,0.2283,1.145,60
C0242,70.971,5.016,0.221,1.1084,70
C0242,71.287,5.022,0.2209,1.1093,80
C0242,70.331,5.019,0.2095,1.0514,90
C0242,70.031,5.042,0.2241,1.1299,100
C0243,71.031,5.009,0.1984,0.9938,10
C0243,70.994,5.0,0.2036,1.018,20
C0243,71.28,4.996,0.1998,0.9983,30
C0243,70.98,4.998,0.1952,0.9757,40
C0243,71.275,5.001,0.1976,0.9882,50
C0243,71.387,5.026,0.1945,0.9774,60
C0243,70.414,5.001,0.197,0.9851,70
C0243,70.772,4.996,0.1915,0.9567,80
C0243,71.599,5.007,0.1949,0.9758,90
C0243,70.809,5.019,0.1934,0.9708,100
C0244,72.71,4.986,0.19,0.9471,10
C0244,72.055,4.992,0.1967,0.9817,20
C0244,72.658,4.987,0.2018,1.0062,30
C0244,72.458,4.979,0.1916,0.954,40
C0244,72.466,4.959,0.1945,0.9646,50
C0244,72.193,4.969,0.1915,0.9519,60
C0244,72.803,4.985,0.1957,0.9755,70
C0244,72.501,4.984,0.2002,0.9979,80
C0244,72.391,4.968,0.2018,1.0025,90
C0244,72.539,4.977,0.1902,0.9469,100
C0245,72.394,5.021,0.2,1.0045,10
C0245,71.862,5.026,0.2083,1.0468,20
C0245,72.008,5.02,0.2077,1.0428,30
C0245,70.72,5.028,0.206,1.036,40
C0245,72.324,4.993,0.2131,1.0643,50
C0245,71.205,5.042,0.215,1.0839,60
C0245,71.104,5.025,0.2024,1.0171,70
C0245,71.515,5.01,0.2083,1.0436,80
C0245,72.094,5.005,0.2083,1.0422,90
C0245,71.777,4.998,0.2048,1.0234,100
C0246,74.109,4.984,0.1982,0.988,10
C0246,74.581,4.979,0.2001,0.9965,20
C0246,74.476,4.982,0.1962,0.9774,30
C0246,75.33,4.975,0.1941,0.9657,40
C0246,74.603,4.968,0.202,1.0038,50
C0246,75.816,4.969,0.2007,0.9973,60
C0246,73.437,4.982,0.1958,0.9755,70
C0246,74.116,4.966,0.2023,1.0046,80
C0246,75.095,4.977,0.1959,0.9751,90
C0246,75.444,4.97,0.1907,0.9478,100
C0247,70.263,5.025,0.2087,1.0486,10
C0247,70.294,5.035,0.1973,0.9934,20
C0247,69.858,5.037,0.2018,1.0164,30
C0247,69.481,5.049,0.1931,0.9748,40
C0247,70.762,5.051,0.2043,1.0321,50
C0247,69.817,5.052,0.2033,1.0272,60
C0247,69.737,5.053,0.2119,1.0705,70
C0247,69.321,5.046,0.1991,1.0048,80
C0247,70.205,5.034,0.2083,1.0487,90
C0247,69.844,5.042,0.21,1.0589,100
C0248,69.833,5.027,0.2197,1.1043,10
C0248,70.63,5.035,0.2086,1.0504,20
C0248,70.077,5.013,0.2139,1.0721,30
C0248,70.398,5.01,0.212,1.0624,40
C0248,70.902,5.022,0.2106,1.0577,50
C0248,71.188,5.012,0.2106,1.0555,60
C0248,70.344,5.029,0.2071,1.0417,70
C0248,71.578,5.014,0.2105,1.0553,80
C0248,70.604,5.006,0.2027,1.0147,90
C0248,70.267,5.013,0.2105,1.0553,100
C0249,71.261,5.002,0.2148,1.0744,10
C0249,71.33,4.988,0.2123,1.059,20
C0249,72.12,4.994,0.211,1.0537,30
C0249,71.042,4.991,0.2093,1.0446,40
C0249,69.941,4.989,0.2073,1.0341,50
C0249,71.34,4.985,0.204,1.017,60
C0249,71.698,4.982,0.2067,1.0298,70
C0249,71.643,4.968,0.2105,1.0459,80
C0249,71.897,4.988,0.2134,1.0644,90
C0249,72.314,4.984,0.2146,1.0696,100
C0250,70.46,5.028,0.2066,1.0387,10
C0250,72.189,5.032,0.1948,0.9802,20
C0250,71.44,5.032,0.2033,1.023,30
C0250,72.601,5.026,0.2033,1.0218,40
C0250,71.882,5.018,0.1926,0.9667,50
C0250,72.131,5.03,0.1992,1.0019,60
C0250,70.901,5.034,0.2006,1.0099,70
C0250,72.206,5.046,0.1931,0.9745,80
C0250,71.453,5.026,0.2075,1.0428,90
C0250,70.891,5.047,0.2022,1.0206,100
C0251,78.274,5.027,0.2339,1.1759,10
C0251,80.81,5.062,0.2468,1.2496,20
C0251,84.785,5.059,0.2452,1.2406,30
C0251,86.762,5.074,0.2675,1.3571,40
C0251,84.518,5.112,0.2712,1.3866,50
C0251,90.325,5.126,0.2833,1.4524,60
C0251,88.455,5.127,0.293,1.5021,70
C0251,91.28,5.157,0.3044,1.5699,80
C0251,93.722,5.163,0.3101,1.6011,90
C0251,95.085,5.186,0.328,1.7009,100
C0252,73.73,5.015,0.1927,0.9661,10
C0252,73.447,5.037,0.197,0.9921,20
C0252,72.926,5.04,0.2037,1.0268,30
C0252,73.497,5.042,0.1968,0.9922,40
C0252,73.366,5.051,0.2018,1.019,50
C0252,73.655,5.057,0.1959,0.9906,60
C0252,74.057,5.051,0.2002,1.0111,70
C0252,74.095,5.024,0.1987,0.9985,80
C0252,73.81,5.042,0.206,1.0385,90
C0252,74.521,5.034,0.2063,1.0382,100
C0253,73.451,5.007,0.2014,1.0085,10
C0253,73.091,4.983,0.1902,0.948,20
C0253,72.851,4.995,0.1934,0.9662,30
C0253,73.15,5.002,0.1923,0.962,40
C0253,71.597,4.996,0.1919,0.9587,50
C0253,73.262,4.99,0.1924,0.9603,60
C0253,73.266,4.992,0.1942,0.9697,70
C0253,72.974,4.995,0.1799,0.8985,80
C0253,72.246,4.982,0.1924,0.9587,90
C0253,73.695,4.993,0.1949,0.9733,100
C0254,74.019,4.963,0.2059,1.0221,10
C0254,73.218,4.971,0.2016,1.0022,20
C0254,72.905,4.952,0.2004,0.9926,30
C0254,72.775,4.968,0.2074,1.0302,40
C0254,73.359,4.958,0.2072,1.0273,50
C0254,72.492,4.954,0.2059,1.0198,60
C0254,73.139,4.96,0.2046,1.0146,70
C0254,72.746,4.988,0.2087,1.0412,80
C0254,73.22,4.954,0.2033,1.0072,90
C0254,72.894,4.96,0.1976,0.9799,100
C0255,70.102,5.003,0.1946,0.9737,10
C0255,71.513,4.986,0.1845,0.9198,20
C0255,72.288,4.992,0.192,0.9585,30
C0255,70.811,4.968,0.196,0.9737,40
C0255,70.392,4.994,0.1945,0.9714,50
C0255,71.227,4.993,0.1968,0.9827,60
C0255,70.551,4.99,0.1905,0.9507,70
C0255,69.923,4.991,0.1964,0.9804,80
C0255,71.852,5.007,0.1843,0.923,90
C0255,72.003,4.99,0.1978,0.9872,100
C0256,71.202,5.054,0.1936,0.9786,10
C0256,71.305,5.036,0.1928,0.9709,20
C0256,72.118,5.031,0.1842,0.9266,30
C0256,71.543,5.049,0.1878,0.9482,40
C0256,71.815,5.036,0.1805,0.9091,50
C0256,71.153,5.044,0.1879,0.9476,60
C0256,70.713,5.025,0.1869,0.9393,70
C0256,71.946,5.056,0.1937,0.9794,80
C0256,70.918,5.031,0.191,0.9609,90
C0256,71.789,5.047,0.1809,0.9131,100
C0257,79.885,5.008,0.2272,1.1376,10
C0257,81.954,5.022,0.2371,1.1906,20
C0257,83.054,5.028,0.2503,1.2586,30
C0257,83.122,5.054,0.2546,1.2869,40
C0257,84.936,5.083,0.2645,1.3445,50
C0257,85.835,5.109,0.2703,1.3809,60
C0257,87.624,5.112,0.2868,1.4663,70
C0257,89.675,5.14,0.3016,1.5501,80
C0257,90.437,5.14,0.3139,1.6138,90
C0257,93.669,5.18,0.3144,1.6288,100
C0258,72.936,4.992,0.203,1.0133,10
C0258,73.955,5.012,0.1977,0.9908,20
C0258,73.218,4.995,0.2053,1.0256,30
C0258,73.241,4.991,0.1999,0.9976,40
C0258,73.47,5.006,0.2,1.001,50
C0258,72.457,5.015,0.1985,0.9953,60
C0258,71.898,5.005,0.205,1.0261,70
C0258,72.96,5.026,0.2028,1.0193,80
C0258,73.395,5.008,0.2008,1.0056,90
C0258,73.034,5.006,0.2032,1.0172,100
C0259,73.044,4.957,0.2162,1.0718,10
C0259,72.908,4.949,0.2139,1.0588,20
C0259,72.806,4.943,0.2095,1.0356,30
C0259,74.044,4.958,0.2102,1.0423,40
C0259,73.842,4.946,0.2056,1.017,50
C0259,73.736,4.97,0.2156,1.0718,60
C0259,72.186,4.953,0.2123,1.0517,70
C0259,73.545,4.945,0.2121,1.0488,80
C0259,72.466,4.956,0.2079,1.0303,90
C0259,73.581,4.946,0.2009,0.9934,100
C0260,73.476,4.969,0.2236,1.111,10
C0260,74.296,4.969,0.2193,1.0898,20
C0260,72.598,4.969,0.2171,1.0789,30
C0260,73.302,4.974,0.2202,1.095,40
C0260,73.333,4.958,0.2142,1.0619,50
C0260,72.863,4.968,0.2221,1.1034,60
C0260,72.493,4.967,0.2217,1.1013,70
C0260,73.011,4.975,0.2174,1.0814,80
C0260,73.345,4.968,0.2206,1.0959,90
C0260,72.264,4.967,0.2191,1.0883,100
C0261,72.491,5.022,0.2097,1.0534,10
C0261,71.404,5.0,0.2092,1.0459,20
C0261,73.168,5.014,0.2089,1.0473,30
C0261,72.69,5.006,0.218,1.091,40
C0261,72.005,4.991,0.2107,1.0516,50
C0261,72.005,4.993,0.2138,1.0674,60
C0261,73.06,4.996,0.2153,1.0756,70
C0261,71.841,5.007,0.2109,1.0559,80
C0261,72.19,5.012,0.2073,1.039,90
C0261,72.981,5.012,0.2148,1.0764,100
C0262,70.737,5.003,0.1836,0.9189,10
C0262,71.418,5.018,0.1891,0.9487,20
C0262,71.035,5.002,0.1744,0.8722,30
C0262,70.919,5.013,0.1806,0.9051,40
C0262,69.81,5.008,0.1837,0.9198,50
C0262,71.229,5.017,0.1909,0.9577,60
C0262,70.209,5.024,0.1846,0.9276,70
C0262,71.247,5.011,0.1887,0.9457,80
C0262,71.007,5.008,0.1844,0.9236,90
C0262,70.686,5.02,0.1797,0.9023,100
C0263,76.122,4.989,0.1887,0.9415,10
C0263,73.093,4.998,0.1817,0.908,20
C0263,72.302,4.993,0.1846,0.9219,30
C0263,73.864,4.998,0.1838,0.9185,40
C0263,74.037,4.997,0.1847,0.923,50
C0263,73.893,4.987,0.1872,0.9336,60
C0263,73.825,4.992,0.1869,0.933,70
C0263,74.122,4.989,0.1899,0.9471,80
C0263,73.282,4.985,0.1875,0.9348,90
C0263,75.046,4.99,0.1865,0.9306,100
C0264,69.253,5.043,0.2041,1.029,10
C0264,71.137,5.024,0.1912,0.9607,20
C0264,69.572,5.011,0.1954,0.9791,30
C0264,71.175,5.026,0.197,0.9904,40
C0264,71.037,5.024,0.204,1.0247,50
C0264,71.407,5.026,0.1935,0.9727,60
C0264,70.63,5.024,0.1912,0.9607,70
C0264,70.98,5.04,0.1965,0.9901,80
C0264,69.454,5.015,0.1963,0.9843,90
C0264,69.912,5.024,0.1999,1.0045,100
C0265,69.428,5.048,0.2068,1.044,10
C0265,69.946,5.036,0.2017,1.0158,20
C0265,70.049,5.046,0.2083,1.0511,30
C0265,69.709,5.034,0.2138,1.0762,40
C0265,69.979,5.052,0.2056,1.0385,50
C0265,69.986,5.041,0.1923,0.9692,60
C0265,69.236,5.047,0.1926,0.972,70
C0265,69.917,5.05,0.2068,1.0444,80
C0265,70.233,5.053,0.2099,1.0606,90
C0265,70.532,5.046,0.2029,1.0239,100
C0266,72.056,4.965,0.1933,0.9597,10
C0266,72.65,4.954,0.195,0.9663,20
C0266,72.321,4.95,0.194,0.9605,30
C0266,71.149,4.952,0.1938,0.9598,40
C0266,71.862,4.958,0.1984,0.9837,50
C0266,72.311,4.964,0.1981,0.9832,60
C0266,71.995,4.95,0.197,0.9751,70
C0266,72.516,4.968,0.2005,0.9962,80
C0266,71.847,4.953,0.1984,0.9829,90
C0266,72.813,4.964,0.1955,0.9704,100
C0267,73.917,4.985,0.1989,0.9916,10
C0267,72.361,5.004,0.1987,0.9941,20
C0267,73.773,4.982,0.2053,1.0227,30
C0267,73.537,4.986,0.1976,0.9855,40
C0267,72.661,4.982,0.2048,1.0205,50
C0267,73.149,4.977,0.1996,0.9933,60
C0267,72.974,4.967,0.1998,0.9924,70
C0267,73.487,4.987,0.2016,1.0054,80
C0267,73.344,4.985,0.2035,1.0145,90
C0267,73.928,4.973,0.1992,0.9907,100
C0268,75.2,5.047,0.1917,0.9676,10
C0268,74.472,5.06,0.1888,0.9555,20
C0268,75.643,5.059,0.1904,0.9631,30
C0268,74.94,5.062,0.1983,1.0039,40
C0268,75.124,5.062,0.201,1.0175,50
C0268,75.656,5.041,0.1945,0.9806,60
C0268,75.666,5.048,0.1999,1.0093,70
C0268,74.577,5.035,0.1969,0.9915,80
C0268,75.199,5.044,0.1891,0.9539,90
C0268,75.506,5.049,0.1988,1.0038,100
C0269,76.862,5.099,0.2162,1.1022,10
C0269,77.428,5.098,0.2165,1.1036,20
C0269,80.532,5.111,0.233,1.1907,30
C0269,82.299,5.149,0.2458,1.2656,40
C0269,82.505,5.143,0.253,1.3011,50
C0269,84.628,5.163,0.268,1.3839,60
C0269,88.8,5.192,0.2791,1.4492,70
C0269,89.592,5.197,0.2832,1.4716,80
C0269,90.419,5.231,0.2923,1.5291,90
C0269,92.927,5.219,0.2995,1.563,100
C0270,73.806,4.951,0.2066,1.0228,10
C0270,74.436,4.965,0.207,1.028,20
C0270,74.883,4.971,0.2049,1.0185,30
C0270,74.618,4.972,0.1982,0.9853,40
C0270,74.454,4.974,0.2083,1.0363,50
C0270,74.732,4.963,0.2096,1.0404,60
C0270,73.257,4.974,0.2161,1.0748,70
C0270,73.6,4.962,0.2054,1.0194,80
C0270,74.275,4.959,0.21,1.0412,90
C0270,74.705,4.975,0.2012,1.001,100
C0271,74.455,5.048,0.1887,0.9525,10
C0271,73.262,5.023,0.1854,0.9314,20
C0271,73.606,5.026,0.1865,0.9371,30
C0271,72.627,5.033,0.1813,0.9126,40
C0271,72.462,5.04,0.1844,0.9295,50
C0271,73.045,5.03,0.1976,0.9942,60
C0271,73.701,5.044,0.1836,0.9263,70
C0271,73.64,5.034,0.1836,0.9244,80
C0271,74.494,5.042,0.1888,0.9522,90
C0271,72.754,5.024,0.1865,0.937,100
C0272,70.579,5.002,0.2058,1.0291,10
C0272,71.407,5.001,0.1995,0.9979,20
C0272,71.338,5.008,0.2026,1.0148,30
C0272,70.941,5.004,0.2021,1.0113,40
C0272,70.535,5.003,0.1915,0.9581,50
C0272,71.429,5.008,0.2032,1.0173,60
C0272,70.903,5.004,0.2059,1.0302,70
C0272,71.988,5.001,0.2007,1.0038,80
C0272,71.806,4.986,0.1989,0.9916,90
C0272,71.941,5.011,0.2016,1.0104,100
C0273,70.884,4.991,0.1905,0.9509,10
C0273,72.137,4.976,0.1892,0.9414,20
C0273,71.145,4.982,0.1969,0.9811,30
C0273,71.339,4.992,0.2044,1.0203,40
C0273,70.737,4.993,0.2005,1.0011,50
C0273,69.567,4.977,0.1925,0.9581,60
C0273,71.42,4.989,0.1991,0.9932,70
C0273,70.968,4.983,0.1975,0.9844,80
C0273,70.911,4.993,0.1934,0.9656,90
C0273,70.682,4.987,0.1962,0.9783,100
C0274,70.316,4.979,0.2131,1.061,10
C0274,70.094,4.976,0.2073,1.0314,20
C0274,71.377,4.992,0.2113,1.0547,30
C0274,70.187,4.991,0.212,1.058,40
C0274,70.512,4.989,0.2143,1.0694,50
C0274,70.351,4.979,0.2084,1.0375,60
C0274,69.149,5.009,0.2143,1.0733,70
C0274,69.839,4.985,0.2083,1.0385,80
C0274,71.262,4.974,0.2113,1.0511,90
C0274,70.272,4.997,0.2104,1.0514,100
C0275,70.873,4.985,0.1966,0.9799,10
C0275,70.009,4.993,0.2022,1.0094,20
C0275,70.592,4.991,0.1994,0.9952,30
C0275,71.624,4.974,0.1996,0.9926,40
C0275,70.837,4.989,0.2062,1.0288,50
C0275,70.887,4.994,0.1995,0.9963,60
C0275,71.603,4.994,0.1987,0.9926,70
C0275,70.718,4.992,0.1975,0.9857,80
C0275,71.075,4.983,0.2015,1.0044,90
C0275,70.864,4.98,0.2045,1.0184,100
C0276,72.607,4.995,0.1918,0.9581,10
C0276,72.055,4.958,0.1994,0.9885,20
C0276,72.522,4.995,0.1997,0.9977,30
C0276,72.986,4.985,0.1975,0.9846,40
C0276,71.514,4.982,0.1933,0.9629,50
C0276,73.136,4.978,0.204,1.0156,60
C0276,72.071,4.982,0.2001,0.9968,70
C0276,72.332,4.975,0.2008,0.9991,80
C0276,71.804,4.967,0.2042,1.0144,90
C0276,72.796,4.98,0.2059,1.0254,100
C0277,70.511,4.999,0.2102,1.0508,10
C0277,70.809,4.997,0.1974,0.9863,20
C0277,69.99,4.991,0.1968,0.9824,30
C0277,69.794,4.992,0.2043,1.0201,40
C0277,70.763,4.993,0.2057,1.0273,50
C0277,70.209,4.995,0.2066,1.0318,60
C0277,71.344,4.99,0.2053,1.0246,70
C0277,70.981,4.98,0.2127,1.0596,80
C0277,71.167,4.978,0.2062,1.0266,90
C0277,70.121,4.991,0.2062,1.0289,100
C0278,74.061,5.018,0.1927,0.9668,10
C0278,73.217,5.013,0.1969,0.9872,20
C0278,73.097,5.015,0.1936,0.9711,30
C0278,73.395,5.009,0.1965,0.9841,40
C0278,74.045,5.0,0.2044,1.022,50
C0278,73.5,5.012,0.2018,1.0113,60
C0278,73.199,4.985,0.2002,0.9981,70
C0278,73.619,5.011,0.1979,0.9915,80
C0278,73.317,5.025,0.1929,0.9694,90
C0278,74.016,5.0,0.1974,0.9871,100
C0279,73.971,4.982,0.1975,0.9838,10
C0279,73.887,4.981,0.1928,0.9603,20
C0279,73.05,4.977,0.1935,0.9628,30
C0279,73.566,4.963,0.1887,0.9363,40
C0279,73.809,4.988,0.1999,0.9973,50
C0279,73.722,4.972,0.1917,0.9531,60
C0279,73.204,4.987,0.2017,1.0061,70
C0279,73.417,4.967,0.1972,0.9796,80
C0279,74.023,4.982,0.1996,0.9942,90
C0279,73.012,4.965,0.1926,0.956,100
C0280,72.437,4.968,0.1909,0.9484,10
C0280,72.856,4.973,0.1982,0.9855,20
C0280,72.609,4.986,0.1885,0.9398,30
C0280,72.356,4.957,0.2017,0.9997,40
C0280,72.172,4.977,0.1977,0.984,50
C0280,70.971,4.966,0.2013,0.9999,60
C0280,72.704,4.959,0.2038,1.0107,70
C0280,71.706,4.974,0.1977,0.9832,80
C0280,72.204,4.98,0.1948,0.97,90
C0280,71.687,4.973,0.2093,1.0408,100
C0281,71.506,4.907,0.1938,0.9512,10
C0281,72.223,4.912,0.1863,0.9153,20
C0281,71.214,4.914,0.1914,0.9406,30
C0281,71.766,4.898,0.1942,0.9511,40
C0281,70.441,4.91,0.1975,0.97,50
C0281,71.228,4.911,0.1948,0.9567,60
C0281,71.371,4.92,0.1975,0.9718,70
C0281,72.178,4.915,0.1881,0.9243,80
C0281,71.84,4.926,0.2046,1.0078,90
C0281,72.196,4.908,0.1955,0.9593,100
C0282,71.039,4.999,0.1977,0.9883,10
C0282,71.827,4.986,0.1905,0.9501,20
C0282,71.969,5.011,0.1928,0.9664,30
C0282,72.548,4.999,0.1969,0.9844,40
C0282,71.356,4.983,0.2009,1.001,50
C0282,71.129,4.989,0.2009,1.0023,60
C0282,70.464,4.981,0.1969,0.9807,70
C0282,71.77,5.001,0.1957,0.9789,80
C0282,73.112,4.994,0.196,0.979,90
C0282,71.116,4.998,0.1994,0.9966,100
C0283,72.052,5.015,0.2063,1.0344,10
C0283,72.452,5.02,0.2048,1.0284,20
C0283,72.435,5.003,0.1947,0.9743,30
C0283,73.082,5.011,0.195,0.9774,40
C0283,73.352,5.013,0.2029,1.0174,50
C0283,73.393,4.995,0.1998,0.9981,60
C0283,73.332,5.021,0.2003,1.006,70
C0283,73.376,4.998,0.1957,0.978,80
C0283,72.351,5.003,0.2086,1.0434,90
C0283,72.879,5.011,0.2026,1.0149,100
C0284,69.487,4.977,0.193,0.9605,10
C0284,70.753,4.974,0.1861,0.9255,20
C0284,69.953,4.987,0.1887,0.9413,30
C0284,70.449,4.965,0.192,0.9534,40
C0284,70.088,4.986,0.1938,0.9662,50
C0284,70.065,4.974,0.1885,0.9375,60
C0284,69.511,4.967,0.1915,0.951,70
C0284,70.558,4.977,0.1895,0.943,80
C0284,70.923,4.976,0.1935,0.9629,90
C0284,69.298,4.936,0.1918,0.9469,100
C0285,72.945,4.986,0.2,0.9972,10
C0285,73.085,4.982,0.2051,1.0216,20
C0285,73.071,4.989,0.1978,0.987,30
C0285,73.056,4.965,0.2076,1.0306,40
C0285,72.478,4.953,0.2077,1.0284,50
C0285,72.82,4.981,0.2102,1.0472,60
C0285,73.204,4.979,0.2043,1.0174,70
C0285,72.293,4.975,0.2124,1.0569,80
C0285,72.756,4.976,0.2096,1.0427,90
C0285,72.056,4.984,0.1982,0.9876,100
C0286,72.261,4.931,0.1999,0.9857,10
C0286,73.271,4.937,0.1992,0.9833,20
C0286,72.667,4.938,0.194,0.958,30
C0286,73.264,4.941,0.1999,0.9879,40
C0286,72.115,4.933,0.1977,0.9751,50
C0286,71.678,4.921,0.196,0.9643,60
C0286,72.912,4.931,0.1943,0.9581,70
C0286,72.11,4.933,0.1969,0.9716,80
C0286,73.898,4.948,0.2025,1.0018,90
C0286,73.3,4.928,0.1935,0.9534,100
C0287,69.784,4.978,0.1907,0.9492,10
C0287,70.301,4.98,0.1867,0.93,20
C0287,69.467,4.988,0.191,0.9524,30
C0287,69.882,4.971,0.1949,0.9688,40
C0287,70.4,4.986,0.1904,0.9495,50
C0287,69.531,4.997,0.1871,0.9347,60
C0287,70.745,4.996,0.189,0.9443,70
C0287,69.543,4.957,0.1885,0.9345,80
C0287,70.402,4.976,0.1892,0.9415,90
C0287,70.51,4.992,0.1878,0.9372,100
C0288,72.259,4.953,0.203,1.0056,10
C0288,71.731,4.967,0.1991,0.9889,20
C0288,72.683,4.973,0.2021,1.0052,30
C0288,71.802,4.963,0.2005,0.9949,40
C0288,71.666,4.961,0.21,1.042,50
C0288,72.5,4.973,0.2051,1.0198,60
C0288,71.262,4.964,0.2075,1.0298,70
C0288,71.177,4.97,0.2129,1.0581,80
C0288,72.569,4.978,0.2045,1.0178,90
C0288,72.513,4.957,0.2068,1.0249,100
C0289,72.193,5.026,0.2032,1.0211,10
C0289,71.618,5.025,0.2068,1.0389,20
C0289,71.073,5.022,0.2054,1.0317,30
C0289,70.308,5.033,0.2064,1.039,40
C0289,71.812,5.019,0.2081,1.0447,50
C0289,71.154,5.018,0.2083,1.0452,60
C0289,71.868,5.012,0.2121,1.063,70
C0289,71.198,5.023,0.2128,1.0688,80
C0289,70.417,5.007,0.2076,1.0393,90
C0289,70.166,5.004,0.2105,1.0533,100
C0290,70.853,5.016,0.2028,1.0175,10
C0290,71.805,5.03,0.1977,0.9943,20
C0290,71.777,5.03,0.1975,0.9937,30
C0290,70.916,5.033,0.2009,1.011,40
C0290,72.34,5.031,0.1999,1.0056,50
C0290,71.381,5.027,0.1989,0.9998,60
C0290,70.839,5.033,0.2052,1.0328,70
C0290,71.749,5.041,0.1997,1.0065,80
C0290,72.391,5.017,0.1978,0.9922,90
C0290,70.331,5.022,0.1998,1.0033,100
C0291,71.207,5.005,0.1939,0.9704,10
C0291,72.179,5.014,0.1955,0.9803,20
C0291,71.58,5.016,0.1988,0.9972,30
C0291,72.7,5.033,0.1927,0.9696,40
C0291,72.91,5.033,0.1936,0.9744,50
C0291,71.25,5.034,0.1961,0.9874,60
C0291,71.204,5.021,0.1938,0.9732,70
C0291,71.22,5.033,0.1986,0.9994,80
C0291,72.218,5.031,0.1918,0.9649,90
C0291,71.353,5.037,0.1959,0.9867,100
C0292,69.365,4.986,0.2098,1.0462,10
C0292,70.157,4.981,0.2039,1.0158,20
C0292,70.254,4.983,0.2046,1.0197,30
C0292,69.641,4.951,0.2033,1.0067,40
C0292,70.288,4.977,0.2057,1.0237,50
C0292,69.47,4.948,0.2017,0.9979,60
C0292,69.612,4.965,0.2061,1.0234,70
C0292,70.986,4.969,0.2028,1.0077,80
C0292,69.639,4.969,0.2004,0.9956,90
C0292,69.866,4.972,0.2045,1.0169,100
C0293,71.975,5.048,0.186,0.9389,10
C0293,72.069,5.03,0.1856,0.9337,20
C0293,72.281,5.044,0.1925,0.9711,30
C0293,72.873,5.049,0.1903,0.961,40
C0293,73.981,5.034,0.191,0.9616,50
C0293,71.968,5.042,0.1907,0.9617,60
C0293,72.345,5.035,0.191,0.9616,70
C0293,72.488,5.033,0.1903,0.9576,80
C0293,73.037,5.034,0.1934,0.9737,90
C0293,71.859,5.033,0.187,0.9409,100
C0294,75.141,5.01,0.2087,1.0454,10
C0294,73.953,5.016,0.2186,1.0963,20
C0294,74.518,4.997,0.2027,1.0129,30
C0294,74.193,5.007,0.2189,1.0962,40
C0294,75.186,5.011,0.2109,1.057,50
C0294,74.432,5.022,0.2133,1.0714,60
C0294,73.52,5.001,0.2091,1.0458,70
C0294,74.454,5.014,0.2121,1.0635,80
C0294,74.736,5.021,0.2097,1.0532,90
C0294,75.9,5.001,0.2129,1.0648,100
C0295,69.986,5.004,0.2012,1.0066,10
C0295,70.219,5.027,0.1988,0.9993,20
C0295,71.099,5.019,0.2003,1.0055,30
C0295,70.495,5.02,0.1937,0.9725,40
C0295,71.299,5.026,0.1989,0.9999,50
C0295,71.566,5.013,0.198,0.9927,60
C0295,71.059,5.017,0.1951,0.9787,70
C0295,70.942,5.009,0.1915,0.9592,80
C0295,70.781,5.026,0.1992,1.0013,90
C0295,70.447,5.016,0.2011,1.0084,100
C0296,70.288,4.961,0.1989,0.9869,10
C0296,70.814,4.96,0.1932,0.9582,20
C0296,71.374,4.975,0.1944,0.9673,30
C0296,70.954,4.97,0.2036,1.0121,40
C0296,70.431,4.963,0.1999,0.9923,50
C0296,71.266,4.94,0.2008,0.992,60
C0296,72.239,4.966,0.1947,0.9668,70
C0296,71.019,4.983,0.2024,1.0087,80
C0296,71.711,4.968,0.1962,0.9746,90
C0296,71.207,4.964,0.201,0.9978,100
C0297,72.381,5.062,0.2107,1.0666,10
C0297,72.224,5.059,0.2043,1.0334,20
C0297,72.454,5.062,0.2048,1.0368,30
C0297,73.219,5.071,0.2001,1.0149,40
C0297,72.874,5.059,0.206,1.0424,50
C0297,72.824,5.05,0.211,1.0657,60
C0297,73.962,5.065,0.2076,1.0516,70
C0297,72.912,5.069,0.1955,0.9908,80
C0297,72.831,5.054,0.2058,1.0401,90
C0297,73.489,5.06,0.2038,1.0311,100
C0298,70.433,4.915,0.197,0.9684,10
C0298,70.208,4.956,0.1915,0.949,20
C0298,68.658,4.947,0.1974,0.9764,30
C0298,70.45,4.936,0.1926,0.9508,40
C0298,69.575,4.934,0.1961,0.9676,50
C0298,69.177,4.934,0.1879,0.9269,60
C0298,69.001,4.944,0.1969,0.9736,70
C0298,69.784,4.928,0.1956,0.964,80
C0298,70.907,4.936,0.1904,0.9397,90
C0298,70.204,4.959,0.1902,0.9432,100
C0299,72.121,4.944,0.1998,0.9877,10
C0299,71.486,4.952,0.1965,0.9733,20
C0299,72.4,4.952,0.1967,0.9739,30
C0299,71.548,4.952,0.1964,0.9727,40
C0299,71.508,4.953,0.1989,0.9853,50
C0299,71.827,4.961,0.1985,0.9849,60
C0299,71.26,4.965,0.2005,0.9956,70
C0299,72.631,4.956,0.1881,0.9322,80
C0299,72.686,4.952,0.1989,0.9849,90
C0299,72.354,4.971,0.1953,0.9707,100
C0300,70.692,4.968,0.1893,0.9404,10
C0300,71.057,4.946,0.1952,0.9654,20
C0300,71.871,4.975,0.1965,0.9775,30
C0300,70.633,4.989,0.185,0.923,40
C0300,71.363,4.957,0.1889,0.9365,50
C0300,71.451,4.968,0.1917,0.9526,60
C0300,71.279,4.965,0.1866,0.9264,70
C0300,71.706,4.964,0.1925,0.9556,80
C0300,71.953,4.953,0.1934,0.958,90
C0300,72.456,4.973,0.1913,0.9511,100
C0301,71.665,5.02,0.2068,1.0383,10
C0301,72.222,5.013,0.2049,1.027,20
C0301,71.673,5.008,0.1999,1.001,30
C0301,71.028,5.016,0.2,1.0031,40
C0301,71.386,4.998,0.2032,1.0155,50
C0301,71.535,5.004,0.1993,0.9974,60
C0301,71.517,4.999,0.2025,1.0121,70
C0301,72.073,5.018,0.1998,1.0025,80
C0301,72.57,5.003,0.2026,1.0138,90
C0301,71.094,5.009,0.2129,1.0666,100
C0302,69.474,5.016,0.1844,0.9251,10
C0302,69.252,5.017,0.1791,0.8986,20
C0302,69.124,5.021,0.18,0.9039,30
C0302,70.013,5.001,0.1911,0.9559,40
C0302,69.226,5.013,0.1854,0.9293,50
C0302,69.351,5.016,0.1864,0.9349,60
C0302,70.267,5.023,0.1834,0.9211,70
C0302,69.603,5.038,0.1879,0.9466,80
C0302,69.137,5.016,0.1827,0.9166,90
C0302,69.609,5.003,0.1824,0.9126,100
C0303,71.777,5.053,0.1862,0.9406,10
C0303,73.012,5.065,0.1772,0.8977,20
C0303,72.073,5.048,0.1837,0.9275,30
C0303,72.489,5.044,0.1822,0.9191,40
C0303,72.826,5.051,0.1832,0.9253,50
C0303,73.496,5.077,0.1753,0.8902,60
C0303,72.546,5.087,0.1859,0.9456,70
C0303,72.489,5.07,0.1849,0.9373,80
C0303,72.903,5.055,0.1848,0.9342,90
C0303,72.734,5.066,0.1823,0.9233,100
C0304,71.976,4.986,0.1943,0.9688,10
C0304,71.928,5.002,0.1958,0.9793,20
C0304,71.462,5.001,0.1899,0.9497,30
C0304,71.102,5.015,0.1933,0.9696,40
C0304,71.121,4.993,0.1956,0.9769,50
C0304,70.962,5.004,0.1968,0.9846,60
C0304,71.776,4.988,0.1946,0.9708,70
C0304,71.176,5.003,0.1928,0.9647,80
C0304,71.861,5.011,0.192,0.9622,90
C0304,71.017,4.993,0.2065,1.0312,100
C0305,68.676,4.974,0.1914,0.9518,10
C0305,68.908,4.978,0.1947,0.9693,20
C0305,68.637,4.991,0.1875,0.9356,30
C0305,69.454,4.995,0.1917,0.9574,40
C0305,69.201,4.969,0.1903,0.9458,50
C0305,70.025,4.986,0.1941,0.9676,60
C0305,67.922,4.972,0.1993,0.991,70
C0305,69.331,4.984,0.1931,0.9623,80
C0305,68.717,4.982,0.1863,0.928,90
C0305,68.122,4.971,0.1931,0.9602,100
C0306,69.222,4.965,0.1886,0.9362,10
C0306,69.698,4.98,0.1951,0.9714,20
C0306,70.57,4.981,0.1976,0.9844,30
C0306,69.69,4.968,0.1976,0.9815,40
C0306,69.41,4.949,0.1965,0.9724,50
C0306,68.967,4.958,0.1945,0.9644,60
C0306,69.588,4.953,0.1952,0.9668,70
C0306,70.225,4.956,0.1996,0.9893,80
C0306,68.709,4.989,0.1929,0.9622,90
C0306,69.733,4.948,0.1943,0.9614,100
C0307,72.79,4.947,0.1998,0.9884,10
C0307,71.618,4.925,0.2022,0.996,20
C0307,71.885,4.94,0.1973,0.9745,30
C0307,72.558,4.959,0.2039,1.0112,40
C0307,70.756,4.938,0.1927,0.9514,50
C0307,72.718,4.941,0.2005,0.9906,60
C0307,71.918,4.931,0.1946,0.9594,70
C0307,71.235,4.928,0.1922,0.947,80
C0307,71.533,4.93,0.1996,0.9842,90
C0307,72.368,4.945,0.2028,1.0026,100
C0308,73.262,4.987,0.2039,1.017,10
C0308,72.276,4.996,0.2053,1.0258,20
C0308,70.774,4.996,0.1939,0.969,30
C0308,72.13,4.99,0.2005,1.0006,40
C0308,71.771,4.996,0.2003,1.001,50
C0308,71.721,4.99,0.21,1.0479,60
C0308,71.59,4.979,0.1954,0.973,70
C0308,71.122,5.009,0.2001,1.0022,80
C0308,72.122,4.997,0.1977,0.9878,90
C0308,71.66,5.0,0.2021,1.0107,100
C0309,78.137,5.028,0.2356,1.1848,10
C0309,80.793,5.045,0.2399,1.21,20
C0309,82.343,5.046,0.2529,1.2763,30
C0309,82.206,5.093,0.2627,1.3379,40
C0309,84.416,5.109,0.2719,1.3893,50
C0309,89.295,5.121,0.2847,1.4579,60
C0309,90.501,5.148,0.2887,1.486,70
C0309,90.888,5.157,0.2962,1.5277,80
C0309,93.293,5.186,0.316,1.6386,90
C0309,95.152,5.191,0.3235,1.6794,100
C0310,71.428,4.976,0.1916,0.9532,10
C0310,71.344,4.987,0.1896,0.9457,20
C0310,71.231,4.978,0.1983,0.9874,30
C0310,71.905,4.973,0.1844,0.9168,40
C0310,71.572,4.979,0.1889,0.9406,50
C0310,70.705,4.968,0.1963,0.9751,60
C0310,72.565,4.967,0.1932,0.9595,70
C0310,70.997,4.99,0.1915,0.9554,80
C0310,72.274,4.959,0.1932,0.958,90
C0310,71.7,4.985,0.1941,0.9677,100
C0311,74.984,5.115,0.2177,1.1136,10
C0311,77.15,5.141,0.2385,1.2259,20
C0311,77.441,5.161,0.237,1.2229,30
C0311,79.191,5.171,0.2465,1.2747,40
C0311,81.457,5.198,0.2657,1.3812,50
C0311,84.049,5.208,0.2753,1.4339,60
C0311,86.946,5.24,0.2846,1.4916,70
C0311,88.164,5.26,0.2947,1.55,80
C0311,89.122,5.252,0.3024,1.5883,90
C0311,92.872,5.275,0.3141,1.657,100
C0312,69.343,4.942,0.1848,0.9133,10
C0312,69.94,4.972,0.1854,0.9219,20
C0312,69.375,4.937,0.1847,0.912,30
C0312,69.533,4.963,0.1818,0.9023,40
C0312,69.23,4.942,0.1754,0.8671,50
C0312,68.825,4.941,0.186,0.9189,60
C0312,69.18,4.952,0.1807,0.8947,70
C0312,67.551,4.972,0.1806,0.898,80
C0312,69.243,4.943,0.1885,0.9317,90
C0312,69.577,4.949,0.183,0.9059,100
C0313,71.255,5.009,0.1954,0.979,10
C0313,71.773,5.004,0.1935,0.9684,20
C0313,72.621,5.008,0.1871,0.9373,30
C0313,72.036,5.022,0.1994,1.0012,40
C0313,71.662,5.031,0.1937,0.9744,50
C0313,71.363,5.029,0.2063,1.0373,60
C0313,71.064,5.029,0.2008,1.0096,70
C0313,72.18,5.017,0.1988,0.9972,80
C0313,72.609,5.004,0.2052,1.0265,90
C0313,72.52,5.023,0.1973,0.9908,100
C0314,73.315,4.987,0.2107,1.0507,10
C0314,72.318,4.96,0.2046,1.0151,20
C0314,72.211,4.973,0.2067,1.0278,30
C0314,72.632,4.986,0.2053,1.0239,40
C0314,71.224,4.973,0.2066,1.0276,50
C0314,73.1,4.972,0.2085,1.0367,60
C0314,72.541,4.978,0.2102,1.0463,70
C0314,71.97,4.972,0.2064,1.0263,80
C0314,71.983,4.983,0.2036,1.0146,90
C0314,72.502,4.977,0.2073,1.0318,100
C0315,73.451,5.028,0.1685,0.8473,10
C0315,73.265,5.04,0.174,0.8769,20
C0315,73.2,5.024,0.1715,0.8615,30
C0315,73.669,5.012,0.1697,0.8505,40
C0315,74.121,5.026,0.169,0.8492,50
C0315,73.014,5.034,0.1703,0.8572,60
C0315,73.806,5.02,0.1678,0.8426,70
C0315,73.646,5.025,0.1751,0.88,80
C0315,74.03,5.023,0.1738,0.8728,90
C0315,73.266,5.033,0.1733,0.8722,100
C0316,70.546,4.998,0.1941,0.9704,10
C0316,70.832,4.983,0.1919,0.9562,20
C0316,71.256,4.978,0.1989,0.9904,30
C0316,70.744,4.99,0.1896,0.9461,40
C0316,71.057,4.988,0.1948,0.9715,50
C0316,71.947,4.993,0.1918,0.9576,60
C0316,70.637,4.997,0.2001,1.0002,70
C0316,71.233,4.998,0.1974,0.9866,80
C0316,71.916,4.972,0.1976,0.9826,90
C0316,71.654,4.978,0.1914,0.9529,100
C0317,72.882,4.96,0.2049,1.0166,10
C0317,73.513,4.958,0.2035,1.009,20
C0317,73.291,4.979,0.2023,1.0072,30
C0317,73.945,4.97,0.2005,0.9965,40
C0317,72.504,4.962,0.1975,0.98,50
C0317,73.22,4.968,0.2029,1.0082,60
C0317,72.364,4.963,0.1981,0.9832,70
C0317,74.391,4.969,0.2013,1.0006,80
C0317,73.043,4.987,0.1952,0.9732,90
C0317,73.053,4.955,0.1921,0.9518,100
C0318,71.914,5.046,0.1892,0.955,10
C0318,70.247,5.041,0.1871,0.9432,20
C0318,70.271,5.047,0.1875,0.9461,30
C0318,72.009,5.037,0.1895,0.9546,40
C0318,71.047,5.038,0.1919,0.9666,50
C0318,70.66,5.024,0.1917,0.9633,60
C0318,70.228,5.038,0.1919,0.9666,70
C0318,70.69,5.058,0.1939,0.981,80
C0318,70.512,5.057,0.1861,0.941,90
C0318,72.239,5.042,0.1932,0.9741,100
C0319,71.185,5.041,0.1955,0.9858,10
C0319,71.626,5.035,0.2086,1.0503,20
C0319,71.363,5.026,0.1984,0.9973,30
C0319,71.781,5.034,0.2046,1.03,40
C0319,72.091,5.023,0.2035,1.0221,50
C0319,71.693,5.036,0.2034,1.0244,60
C0319,72.616,5.025,0.198,0.9951,70
C0319,71.906,5.04,0.2005,1.0103,80
C0319,72.386,5.035,0.1994,1.0041,90
C0319,71.976,5.024,0.2012,1.0107,100
C0320,70.765,5.058,0.1982,1.0024,10
C0320,70.858,5.044,0.1969,0.9931,20
C0320,69.603,5.052,0.1999,1.0098,30
C0320,71.098,5.058,0.1974,0.9986,40
C0320,69.683,5.054,0.203,1.0261,50
C0320,70.843,5.061,0.1977,1.0006,60
C0320,70.11,5.043,0.1983,1.0002,70
C0320,70.343,5.052,0.1981,1.0006,80
C0320,70.31,5.042,0.2023,1.0202,90
C0320,70.436,5.048,0.1956,0.9873,100
C0321,70.117,4.96,0.206,1.0218,10
C0321,70.972,4.977,0.2063,1.0266,20
C0321,70.176,4.978,0.2005,0.9984,30
C0321,69.902,4.972,0.2037,1.0128,40
C0321,70.453,4.968,0.2042,1.0143,50
C0321,69.285,4.978,0.2094,1.0423,60
C0321,69.825,4.982,0.205,1.0215,70
C0321,68.525,4.974,0.2049,1.0192,80
C0321,70.103,4.977,0.2029,1.0097,90
C0321,70.924,4.974,0.2048,1.0187,100
C0322,73.613,5.004,0.1966,0.984,10
C0322,72.711,5.006,0.2033,1.0175,20
C0322,72.408,5.005,0.1928,0.9653,30
C0322,73.721,5.024,0.1987,0.9983,40
C0322,72.938,5.016,0.2059,1.0328,50
C0322,73.362,5.005,0.1935,0.9685,60
C0322,72.448,5.012,0.1974,0.9894,70
C0322,73.234,5.006,0.1958,0.9801,80
C0322,72.411,5.027,0.2036,1.0233,90
C0322,74.155,5.017,0.1983,0.9948,100
C0323,71.788,5.053,0.1995,1.0078,10
C0323,72.098,5.03,0.201,1.0113,20
C0323,70.604,5.031,0.1959,0.9856,30
C0323,72.203,5.054,0.1987,1.0042,40
C0323,71.007,5.023,0.2012,1.0106,50
C0323,71.109,5.031,0.2066,1.0396,60
C0323,71.293,5.042,0.2003,1.0102,70
C0323,70.658,5.018,0.2021,1.014,80
C0323,72.493,5.039,0.2026,1.0211,90
C0323,70.928,5.046,0.2041,1.0302,100
C0324,71.173,4.964,0.2039,1.0121,10
C0324,70.15,4.943,0.1984,0.9809,20
C0324,70.633,4.951,0.1985,0.9827,30
C0324,71.838,4.939,0.2085,1.0301,40
C0324,71.667,4.962,0.2004,0.9942,50
C0324,71.161,4.94,0.2068,1.0216,60
C0324,70.911,4.949,0.1983,0.9811,70
C0324,69.469,4.942,0.2076,1.0261,80
C0324,70.714,4.951,0.2058,1.0188,90
C0324,72.039,4.966,0.1993,0.9896,100
C0325,74.436,4.9,0.2096,1.027,10
C0325,73.958,4.897,0.2104,1.0301,20
C0325,74.311,4.912,0.2087,1.025,30
C0325,74.325,4.91,0.2124,1.043,40
C0325,73.402,4.907,0.2082,1.0218,50
C0325,72.547,4.904,0.2108,1.034,60
C0325,73.794,4.919,0.2087,1.0268,70
C0325,73.491,4.915,0.2083,1.0239,80
C0325,73.803,4.903,0.2104,1.0314,90
C0325,74.166,4.903,0.2145,1.0518,100
C0326,69.615,5.0,0.197,0.985,10
C0326,68.999,5.028,0.1995,1.003,20
C0326,69.341,5.009,0.2016,1.0098,30
C0326,70.078,5.024,0.1993,1.0016,40
C0326,69.477,5.02,0.2017,1.0125,50
C0326,69.739,5.026,0.1992,1.0009,60
C0326,69.456,5.011,0.196,0.9819,70
C0326,68.91,5.014,0.193,0.9677,80
C0326,69.588,4.987,0.2105,1.0498,90
C0326,69.972,5.012,0.1997,1.0009,100
C0327,76.855,5.072,0.2236,1.1344,10
C0327,77.881,5.081,0.2417,1.2283,20
C0327,80.437,5.108,0.2474,1.2635,30
C0327,81.98,5.12,0.2524,1.2923,40
C0327,84.357,5.145,0.2687,1.3824,50
C0327,83.085,5.145,0.2745,1.4122,60
C0327,88.306,5.17,0.2835,1.4656,70
C0327,90.367,5.203,0.2963,1.5415,80
C0327,90.941,5.206,0.3135,1.6318,90
C0327,93.499,5.233,0.3176,1.6619,100
C0328,76.818,5.069,0.2329,1.1807,10
C0328,79.399,5.084,0.24,1.22,20
C0328,78.512,5.098,0.2491,1.27,30
C0328,82.52,5.143,0.2641,1.3584,40
C0328,83.341,5.16,0.2641,1.3627,50
C0328,84.736,5.155,0.28,1.4433,60
C0328,85.421,5.178,0.2883,1.4928,70
C0328,87.539,5.19,0.3002,1.5581,80
C0328,89.697,5.202,0.3107,1.6163,90
C0328,91.489,5.218,0.3206,1.6729,100
C0329,73.865,4.992,0.2049,1.0227,10
C0329,73.439,4.992,0.209,1.0432,20
C0329,73.666,4.997,0.2051,1.0251,30
C0329,73.395,4.992,0.2001,0.9991,40
C0329,73.831,4.972,0.2078,1.0333,50
C0329,73.35,4.986,0.2065,1.0298,60
C0329,73.441,4.976,0.2106,1.048,70
C0329,73.233,5.012,0.2081,1.0431,80
C0329,73.22,4.982,0.2045,1.0189,90
C0329,73.28,5.004,0.2099,1.0501,100
C0330,71.872,5.047,0.2082,1.0509,10
C0330,73.499,5.049,0.2077,1.0487,20
C0330,72.709,5.048,0.1993,1.006,30
C0330,72.853,5.055,0.1997,1.0092,40
C0330,72.16,5.043,0.2011,1.0141,50
C0330,73.067,5.037,0.2089,1.0522,60
C0330,71.903,5.054,0.199,1.0055,70
C0330,71.6,5.044,0.201,1.0138,80
C0330,72.011,5.025,0.202,1.0149,90
C0330,73.263,5.047,0.2022,1.0208,100
C0331,72.023,4.95,0.1974,0.9769,10
C0331,72.041,4.956,0.1964,0.9735,20
C0331,72.314,4.949,0.195,0.965,30
C0331,71.951,4.97,0.2006,0.9969,40
C0331,71.71,4.959,0.2034,1.0086,50
C0331,72.36,4.962,0.1982,0.9837,60
C0331,71.866,4.954,0.1988,0.9847,70
C0331,71.551,4.961,0.1975,0.9799,80
C0331,72.159,4.97,0.1978,0.9832,90
C0331,71.358,4.969,0.2001,0.9942,100
C0332,71.065,4.97,0.2139,1.0629,10
C0332,71.599,4.991,0.2097,1.0465,20
C0332,71.429,4.985,0.211,1.0521,30
C0332,71.955,4.992,0.2147,1.0718,40
C0332,71.311,4.987,0.2076,1.0355,50
C0332,71.228,4.957,0.2099,1.0405,60
C0332,71.401,4.996,0.2112,1.055,70
C0332,71.659,4.969,0.212,1.0534,80
C0332,70.442,4.978,0.2115,1.0529,90
C0332,72.216,4.994,0.2123,1.0604,100
C0333,78.29,5.051,0.2262,1.1427,10
C0333,80.562,5.052,0.2392,1.2086,20
C0333,84.067,5.086,0.239,1.2156,30
C0333,87.063,5.087,0.2619,1.3324,40
C0333,86.982,5.113,0.2703,1.3823,50
C0333,87.514,5.157,0.2795,1.441,60
C0333,90.753,5.152,0.2928,1.5085,70
C0333,92.998,5.159,0.2963,1.5289,80
C0333,93.796,5.186,0.3114,1.615,90
C0333,96.316,5.207,0.3117,1.6228,100
C0334,70.638,4.983,0.2106,1.0492,10
C0334,71.905,4.994,0.2094,1.0459,20
C0334,70.841,4.975,0.2087,1.0382,30
C0334,70.866,4.987,0.2113,1.0539,40
C0334,71.481,4.994,0.2171,1.0842,50
C0334,71.201,4.992,0.2083,1.0396,60
C0334,71.837,4.992,0.2137,1.0667,70
C0334,71.183,4.975,0.2041,1.0152,80
C0334,71.102,4.997,0.2084,1.0414,90
C0334,71.597,4.99,0.2085,1.0405,100
C0335,68.115,5.0,0.2094,1.0471,10
C0335,69.391,5.022,0.2048,1.0285,20
C0335,68.392,5.023,0.2041,1.0252,30
C0335,69.186,5.028,0.2101,1.0566,40
C0335,69.352,5.019,0.2092,1.0501,50
C0335,69.354,5.003,0.2118,1.0594,60
C0335,69.13,4.991,0.2081,1.0387,70
C0335,67.58,5.013,0.2062,1.0337,80
C0335,70.025,5.011,0.2108,1.0565,90
C0335,68.252,5.013,0.2046,1.0255,100
C0336,73.738,4.992,0.1863,0.9302,10
C0336,74.599,5.014,0.1911,0.958,20
C0336,73.747,5.001,0.1934,0.967,30
C0336,73.23,5.013,0.1901,0.9529,40
C0336,73.384,5.004,0.1887,0.9442,50
C0336,73.833,4.998,0.1929,0.9644,60
C0336,74.365,4.996,0.1905,0.9521,70
C0336,73.913,4.999,0.1929,0.9645,80
C0336,73.969,5.014,0.1886,0.946,90
C0336,73.07,5.0,0.1872,0.9361,100
C0337,72.123,5.022,0.2082,1.0458,10
C0337,70.995,4.989,0.206,1.028,20
C0337,71.668,4.992,0.204,1.0183,30
C0337,72.236,4.972,0.2111,1.0498,40
C0337,71.089,4.989,0.2036,1.0158,50
C0337,72.22,4.99,0.2076,1.0356,60
C0337,72.703,4.999,0.2067,1.0333,70
C0337,72.312,5.011,0.2098,1.0511,80
C0337,71.86,5.004,0.2081,1.0414,90
C0337,71.458,4.99,0.2007,1.0012,100
C0338,70.077,4.996,0.201,1.004,10
C0338,68.374,5.002,0.1965,0.9827,20
C0338,69.159,4.98,0.1948,0.97,30
C0338,68.421,4.976,0.1974,0.9823,40
C0338,68.793,4.978,0.201,1.0006,50
C0338,66.792,4.983,0.1979,0.9859,60
C0338,69.261,4.977,0.1958,0.9746,70
C0338,69.164,4.993,0.1938,0.9675,80
C0338,68.733,4.995,0.1865,0.9314,90
C0338,68.158,4.992,0.1994,0.9953,100
C0339,70.489,5.007,0.199,0.9961,10
C0339,71.543,5.034,0.1983,0.9984,20
C0339,68.983,5.029,0.1912,0.9616,30
C0339,70.117,5.005,0.1887,0.9443,40
C0339,71.405,5.017,0.1909,0.958,50
C0339,71.252,5.013,0.2009,1.0074,60
C0339,72.108,5.022,0.2025,1.0171,70
C0339,72.063,5.025,0.2039,1.0249,80
C0339,70.865,5.005,0.1908,0.9549,90
C0339,70.837,5.03,0.1924,0.9677,100
C0340,71.349,5.019,0.1817,0.912,10
C0340,71.916,5.018,0.1914,0.9602,20
C0340,70.531,5.019,0.1929,0.968,30
C0340,70.927,5.033,0.1885,0.9488,40
C0340,71.671,5.016,0.1907,0.9565,50
C0340,69.983,5.017,0.1854,0.9301,60
C0340,70.478,5.03,0.1875,0.9432,70
C0340,70.384,5.009,0.1831,0.9174,80
C0340,71.847,5.006,0.1905,0.9535,90
C0340,71.8,5.008,0.1905,0.9539,100
C0341,68.911,4.972,0.2009,0.9989,10
C0341,67.797,4.969,0.199,0.9889,20
C0341,67.882,4.959,0.1979,0.9811,30
C0341,68.732,4.96,0.1979,0.9818,40
C0341,69.148,4.964,0.1988,0.9869,50
C0341,68.272,4.968,0.2054,1.0205,60
C0341,68.519,4.954,0.2049,1.0149,70
C0341,68.5,4.966,0.2042,1.0138,80
C0341,67.868,4.987,0.1991,0.993,90
C0341,68.939,5.0,0.1995,0.9975,100
C0342,71.859,4.984,0.184,0.9169,10
C0342,72.291,5.0,0.1936,0.9678,20
C0342,72.637,4.988,0.186,0.9275,30
C0342,71.813,4.991,0.1883,0.9399,40
C0342,71.807,4.988,0.1843,0.9196,50
C0342,71.59,4.983,0.1926,0.9598,60
C0342,71.461,5.005,0.1981,0.9916,70
C0342,72.262,4.979,0.1977,0.9844,80
C0342,72.8,4.995,0.197,0.9838,90
C0342,71.524,4.976,0.1886,0.9387,100
C0343,71.121,5.005,0.2094,1.0483,10
C0343,69.273,5.008,0.2187,1.0952,20
C0343,69.412,5.013,0.2124,1.065,30
C0343,70.226,5.01,0.2074,1.0394,40
C0343,70.068,5.013,0.2111,1.0584,50
C0343,69.164,5.004,0.2139,1.0703,60
C0343,69.601,4.999,0.2067,1.0332,70
C0343,70.04,5.015,0.2105,1.0557,80
C0343,69.301,5.001,0.2248,1.1239,90
C0343,70.458,4.998,0.2135,1.0672,100
C0344,74.259,5.013,0.1925,0.9648,10
C0344,73.733,5.028,0.187,0.9401,20
C0344,72.428,5.016,0.1941,0.9734,30
C0344,73.89,5.03,0.1939,0.9756,40
C0344,73.46,4.995,0.1912,0.9552,50
C0344,74.415,5.014,0.1923,0.9642,60
C0344,74.051,5.008,0.1947,0.975,70
C0344,74.781,5.016,0.1877,0.9414,80
C0344,73.758,4.996,0.1935,0.9669,90
C0344,74.07,5.035,0.1914,0.9637,100
C0345,70.258,5.019,0.1965,0.9861,10
C0345,69.68,5.026,0.1996,1.0033,20
C0345,69.485,5.016,0.1975,0.991,30
C0345,69.924,5.02,0.2039,1.0235,40
C0345,69.672,4.999,0.195,0.975,50
C0345,70.086,5.017,0.1985,0.996,60
C0345,69.666,5.01,0.1947,0.9757,70
C0345,69.891,5.043,0.2036,1.027,80
C0345,69.281,5.003,0.1971,0.986,90
C0345,71.43,5.029,0.1973,0.9922,100
C0346,77.294,5.048,0.2101,1.0605,10
C0346,78.883,5.082,0.2268,1.1525,20
C0346,80.533,5.095,0.235,1.1973,30
C0346,82.519,5.11,0.2542,1.2993,40
C0346,86.126,5.119,0.2525,1.2927,50
C0346,86.138,5.155,0.263,1.3556,60
C0346,90.05,5.158,0.2719,1.4025,70
C0346,90.766,5.19,0.2876,1.4927,80
C0346,91.276,5.2,0.2968,1.5433,90
C0346,90.268,5.206,0.3096,1.6115,100
C0347,68.354,4.993,0.2047,1.0222,10
C0347,69.318,4.993,0.2038,1.0176,20
C0347,69.081,4.988,0.2076,1.0358,30
C0347,69.266,4.98,0.2049,1.0204,40
C0347,68.773,4.995,0.2029,1.0133,50
C0347,68.666,5.016,0.1969,0.9875,60
C0347,69.176,5.002,0.203,1.0154,70
C0347,69.027,4.994,0.1996,0.997,80
C0347,68.649,5.01,0.2011,1.0073,90
C0347,70.421,5.005,0.1922,0.9617,100
C0348,73.711,4.932,0.1979,0.976,10
C0348,73.858,4.95,0.2044,1.0119,20
C0348,73.011,4.91,0.196,0.9622,30
C0348,72.757,4.929,0.1929,0.9506,40
C0348,73.281,4.933,0.1972,0.9727,50
C0348,72.757,4.936,0.1901,0.9382,60
C0348,73.128,4.924,0.1977,0.9732,70
C0348,73.433,4.93,0.1975,0.9735,80
C0348,73.104,4.92,0.1951,0.9602,90
C0348,73.797,4.918,0.201,0.9884,100
C0349,77.839,5.055,0.2285,1.1551,10
C0349,80.368,5.071,0.2454,1.2447,20
C0349,77.61,5.077,0.2483,1.2608,30
C0349,80.768,5.088,0.2657,1.3518,40
C0349,82.408,5.097,0.2691,1.3713,50
C0349,86.364,5.157,0.2712,1.3987,60
C0349,87.643,5.162,0.293,1.5121,70
C0349,89.017,5.165,0.3054,1.5775,80
C0349,88.622,5.2,0.3055,1.5887,90
C0349,91.988,5.228,0.3159,1.6513,100
C0350,71.223,5.025,0.2001,1.0057,10
C0350,71.411,5.013,0.1913,0.959,20
C0350,70.298,5.015,0.1973,0.9892,30
C0350,71.189,5.027,0.2002,1.0065,40
C0350,71.68,5.011,0.1941,0.9726,50
C0350,70.89,5.002,0.2035,1.0182,60
C0350,71.399,5.016,0.2022,1.0144,70
C0350,69.713,5.016,0.1921,0.9634,80
C0350,70.921,5.007,0.2,1.0012,90
C0350,71.062,5.024,0.1949,0.9791,100
C0351,71.548,5.02,0.2057,1.0326,10
C0351,71.007,5.017,0.2117,1.0623,20
C0351,72.372,5.015,0.2057,1.0315,30
C0351,72.332,5.025,0.2089,1.0501,40
C0351,72.07,5.023,0.2051,1.0302,50
C0351,71.032,5.028,0.2049,1.03,60
C0351,70.761,5.016,0.2092,1.049,70
C0351,70.6,5.011,0.2063,1.0337,80
C0351,72.593,5.031,0.2118,1.0653,90
C0351,71.874,5.019,0.2091,1.0496,100
C0352,70.871,4.981,0.1897,0.9451,10
C0352,71.072,4.976,0.1944,0.9673,20
C0352,70.464,4.954,0.1823,0.9032,30
C0352,70.493,4.977,0.1866,0.9289,40
C0352,71.071,4.956,0.1916,0.9493,50
C0352,71.076,4.959,0.1918,0.9511,60
C0352,70.402,4.972,0.1921,0.955,70
C0352,70.685,4.981,0.1938,0.9652,80
C0352,70.237,4.964,0.1908,0.9473,90
C0352,70.699,4.991,0.1926,0.9612,100
C0353,70.274,4.947,0.1874,0.927,10
C0353,70.528,4.938,0.1996,0.9858,20
C0353,71.328,4.925,0.1959,0.965,30
C0353,71.089,4.949,0.1986,0.983,40
C0353,71.048,4.945,0.1963,0.9707,50
C0353,72.19,4.945,0.1974,0.9761,60
C0353,72.167,4.938,0.1921,0.9486,70
C0353,71.49,4.934,0.1976,0.9751,80
C0353,71.407,4.942,0.1904,0.9408,90
C0353,71.675,4.925,0.1991,0.9803,100
C0354,72.613,5.039,0.1827,0.9204,10
C0354,74.183,5.051,0.1896,0.9575,20
C0354,73.222,5.038,0.1915,0.9649,30
C0354,73.521,5.045,0.1906,0.9615,40
C0354,74.011,5.043,0.1889,0.9526,50
C0354,74.246,5.025,0.1909,0.9595,60
C0354,74.025,5.032,0.1925,0.9688,70
C0354,73.771,5.03,0.191,0.9608,80
C0354,73.351,5.033,0.2005,1.0092,90
C0354,72.987,5.049,0.1897,0.9579,100
C0355,73.534,4.981,0.202,1.0063,10
C0355,72.833,4.992,0.2009,1.003,20
C0355,72.175,4.986,0.2041,1.0175,30
C0355,72.715,5.01,0.1958,0.9809,40
C0355,73.485,4.987,0.2016,1.0052,50
C0355,72.946,4.998,0.2066,1.0323,60
C0355,73.256,4.989,0.2075,1.0351,70
C0355,72.053,4.986,0.2012,1.0032,80
C0355,72.115,4.99,0.2055,1.0255,90
C0355,72.822,4.983,0.1991,0.9924,100
C0356,70.62,4.927,0.2021,0.996,10
C0356,71.333,4.937,0.2024,0.9995,20
C0356,70.881,4.927,0.2096,1.0327,30
C0356,70.434,4.946,0.2044,1.0111,40
C0356,70.633,4.945,0.2023,1.0007,50
C0356,69.866,4.936,0.1989,0.9818,60
C0356,70.44,4.926,0.2059,1.0142,70
C0356,71.678,4.949,0.2064,1.0217,80
C0356,70.51,4.933,0.1982,0.9779,90
C0356,71.103,4.942,0.2011,0.9935,100
C0357,70.651,5.036,0.2098,1.0563,10
C0357,72.283,5.042,0.2015,1.0159,20
C0357,71.598,5.033,0.2037,1.0254,30
C0357,71.316,5.006,0.1975,0.9886,40
C0357,70.014,5.028,0.2069,1.0402,50
C0357,70.878,5.042,0.2091,1.054,60
C0357,70.084,5.023,0.2014,1.0114,70
C0357,71.291,5.024,0.2016,1.0128,80
C0357,72.059,5.025,0.2035,1.0224,90
C0357,70.891,5.041,0.2088,1.0523,100
C0358,71.526,5.011,0.2009,1.0066,10
C0358,72.217,5.005,0.2072,1.037,20
C0358,71.881,5.014,0.2011,1.0086,30
C0358,70.943,5.008,0.2025,1.0139,40
C0358,70.335,5.013,0.2075,1.04,50
C0358,72.097,5.01,0.204,1.0218,60
C0358,71.423,5.016,0.2099,1.0531,70
C0358,72.338,5.02,0.2018,1.013,80
C0358,72.206,4.998,0.2028,1.0134,90
C0358,72.107,5.022,0.2065,1.0368,100
C0359,72.729,4.985,0.2008,1.0011,10
C0359,72.255,4.988,0.2061,1.028,20
C0359,72.433,4.968,0.2025,1.0059,30
C0359,71.41,4.977,0.195,0.9704,40
C0359,70.593,4.988,0.2005,1.0001,50
C0359,71.067,4.988,0.1999,0.9969,60
C0359,72.322,4.981,0.2087,1.0393,70
C0359,71.53,4.981,0.1997,0.9948,80
C0359,72.456,4.994,0.1996,0.9968,90
C0359,71.619,4.964,0.1973,0.9793,100
C0360,71.829,4.968,0.186,0.9242,10
C0360,71.237,4.99,0.1845,0.9204,20
C0360,70.551,4.977,0.1902,0.9466,30
C0360,70.772,4.965,0.1789,0.8883,40
C0360,70.142,4.984,0.1838,0.9159,50
C0360,70.51,4.968,0.1854,0.9211,60
C0360,70.731,4.972,0.1905,0.947,70
C0360,71.797,4.959,0.1864,0.9242,80
C0360,70.408,4.972,0.1863,0.9264,90
C0360,70.747,4.977,0.1878,0.9345,100
C0361,74.177,5.057,0.2363,1.1952,10
C0361,76.74,5.077,0.2472,1.2548,20
C0361,79.924,5.103,0.2531,1.2915,30
C0361,78.717,5.132,0.2613,1.3409,40
C0361,82.488,5.141,0.2768,1.4229,50
C0361,85.947,5.154,0.2937,1.5137,60
C0361,86.703,5.184,0.2995,1.5526,70
C0361,87.186,5.189,0.3037,1.5762,80
C0361,90.327,5.219,0.3167,1.6529,90
C0361,92.115,5.237,0.3267,1.711,100
C0362,71.566,5.007,0.2014,1.0084,10
C0362,71.894,5.03,0.204,1.026,20
C0362,72.109,5.009,0.203,1.0171,30
C0362,71.609,5.013,0.1971,0.988,40
C0362,72.136,5.033,0.201,1.0114,50
C0362,71.953,5.006,0.2032,1.0172,60
C0362,71.751,5.022,0.1996,1.0023,70
C0362,72.722,5.019,0.2008,1.0077,80
C0362,72.511,5.042,0.2045,1.0313,90
C0362,72.166,5.021,0.1989,0.9986,100
C0363,72.24,4.98,0.1964,0.9781,10
C0363,73.549,4.978,0.1987,0.9894,20
C0363,73.222,4.995,0.2014,1.006,30
C0363,72.719,4.973,0.202,1.0048,40
C0363,72.32,4.972,0.2028,1.0081,50
C0363,72.631,4.974,0.2082,1.0354,60
C0363,73.248,4.963,0.2027,1.0062,70
C0363,73.595,4.981,0.2065,1.0284,80
C0363,72.988,4.976,0.205,1.0198,90
C0363,72.603,4.987,0.2035,1.015,100
C0364,71.169,4.983,0.2015,1.0039,10
C0364,71.621,4.971,0.1974,0.9814,20
C0364,71.188,4.99,0.2006,1.0011,30
C0364,70.835,4.995,0.1949,0.9735,40
C0364,72.766,4.987,0.1943,0.9692,50
C0364,71.145,4.991,0.1978,0.9871,60
C0364,71.773,5.004,0.1965,0.9834,70
C0364,71.867,5.002,0.2004,1.0024,80
C0364,70.867,4.993,0.1947,0.972,90
C0364,72.675,4.979,0.2112,1.0517,100
C0365,72.982,5.009,0.2199,1.1014,10
C0365,72.692,5.014,0.217,1.0883,20
C0365,72.333,5.014,0.224,1.1231,30
C0365,73.598,5.002,0.2246,1.1235,40
C0365,73.33,5.015,0.2149,1.0774,50
C0365,73.326,5.012,0.2153,1.0791,60
C0365,72.836,5.02,0.2187,1.0979,70
C0365,72.826,4.995,0.2154,1.0759,80
C0365,72.485,5.006,0.2147,1.075,90
C0365,72.28,4.994,0.2164,1.0808,100
C0366,71.953,5.048,0.1993,1.006,10
C0366,72.872,5.068,0.2026,1.0268,20
C0366,72.368,5.054,0.1934,0.9774,30
C0366,71.92,5.056,0.2034,1.0282,40
C0366,72.226,5.074,0.204,1.0349,50
C0366,71.766,5.04,0.2047,1.0318,60
C0366,72.856,5.044,0.2052,1.0351,70
C0366,72.27,5.059,0.2056,1.0404,80
C0366,72.847,5.064,0.2011,1.0183,90
C0366,72.41,5.054,0.199,1.0055,100
C0367,71.927,4.997,0.1954,0.9763,10
C0367,72.092,4.999,0.1939,0.9692,20
C0367,71.34,4.999,0.1931,0.9654,30
C0367,71.307,4.99,0.1971,0.9837,40
C0367,72.514,5.001,0.1997,0.9986,50
C0367,71.756,4.999,0.2027,1.0135,60
C0367,72.295,5.007,0.1951,0.9767,70
C0367,71.795,5.002,0.1937,0.9688,80
C0367,70.38,5.002,0.2,1.0002,90
C0367,71.831,4.992,0.1948,0.9724,100
C0368,68.847,4.963,0.1918,0.9519,10
C0368,68.496,4.964,0.1996,0.9905,20
C0368,68.585,4.945,0.2089,1.0333,30
C0368,69.428,4.956,0.1993,0.9876,40
C0368,68.883,4.967,0.1964,0.9758,50
C0368,69.012,4.957,0.19,0.942,60
C0368,70.12,4.949,0.1904,0.9421,70
C0368,68.83,4.949,0.1956,0.968,80
C0368,69.37,4.968,0.1991,0.989,90
C0368,68.774,4.959,0.1974,0.9791,100
C0369,72.72,4.949,0.1852,0.9168,10
C0369,73.165,4.936,0.1921,0.9479,20
C0369,73.952,4.937,0.1782,0.8796,30
C0369,72.995,4.962,0.1855,0.9205,40
C0369,73.205,4.945,0.1862,0.9209,50
C0369,73.615,4.954,0.1879,0.9309,60
C0369,72.051,4.971,0.179,0.8899,70
C0369,73.142,4.948,0.1852,0.9164,80
C0369,73.571,4.943,0.1839,0.9089,90
C0369,72.361,4.961,0.1867,0.9261,100
C0370,73.066,4.989,0.2007,1.0011,10
C0370,73.07,4.98,0.2011,1.0013,20
C0370,73.735,4.989,0.2034,1.0148,30
C0370,73.39,4.981,0.2019,1.0056,40
C0370,72.305,4.995,0.1895,0.9465,50
C0370,72.904,4.994,0.1952,0.9746,60
C0370,73.196,4.976,0.1991,0.9908,70
C0370,73.523,4.984,0.1925,0.9594,80
C0370,72.37,4.992,0.2024,1.0105,90
C0370,74.005,4.999,0.1992,0.9961,100
C0371,68.776,5.005,0.1971,0.9864,10
C0371,70.344,5.036,0.2011,1.0127,20
C0371,69.401,5.017,0.2008,1.0076,30
C0371,69.334,5.042,0.1966,0.9916,40
C0371,69.854,5.043,0.2047,1.0322,50
C0371,68.944,5.01,0.2027,1.0154,60
C0371,69.709,5.038,0.2038,1.0266,70
C0371,69.327,5.02,0.1964,0.9857,80
C0371,69.696,5.011,0.2052,1.0285,90
C0371,69.972,5.031,0.1963,0.9876,100
C0372,72.012,4.973,0.1918,0.954,10
C0372,71.075,4.972,0.1945,0.967,20
C0372,73.069,4.97,0.2025,1.0062,30
C0372,71.073,4.954,0.1907,0.9448,40
C0372,72.489,4.987,0.1921,0.9579,50
C0372,71.499,4.958,0.188,0.9319,60
C0372,72.206,4.972,0.1952,0.9707,70
C0372,70.935,4.986,0.1932,0.9632,80
C0372,72.095,4.955,0.1944,0.9635,90
C0372,71.95,4.973,0.1958,0.9738,100
C0373,74.345,5.021,0.2024,1.0163,10
C0373,74.342,5.001,0.2053,1.0266,20
C0373,74.485,5.014,0.2066,1.0361,30
C0373,72.654,5.026,0.2018,1.0142,40
C0373,73.799,5.022,0.204,1.0244,50
C0373,72.901,5.032,0.2,1.0065,60
C0373,74.594,5.028,0.1999,1.0053,70
C0373,73.937,5.022,0.2081,1.0449,80
C0373,73.301,5.018,0.1953,0.9801,90
C0373,74.059,5.016,0.1996,1.0014,100
C0374,74.616,4.998,0.191,0.9545,10
C0374,73.803,5.015,0.2017,1.0115,20
C0374,74.06,5.002,0.1907,0.9537,30
C0374,74.071,4.99,0.186,0.9279,40
C0374,73.546,5.002,0.1882,0.9415,50
C0374,72.68,5.003,0.1901,0.9512,60
C0374,75.035,5.002,0.1844,0.9222,70
C0374,72.889,4.991,0.1878,0.9373,80
C0374,74.793,4.998,0.1948,0.9738,90
C0374,73.432,5.008,0.1932,0.9674,100
C0375,73.068,5.01,0.2071,1.0375,10
C0375,72.12,4.989,0.2126,1.0605,20
C0375,73.731,4.986,0.2155,1.0742,30
C0375,71.914,5.019,0.2054,1.031,40
C0375,73.08,5.006,0.2143,1.0729,50
C0375,72.11,4.987,0.2169,1.0817,60
C0375,73.265,5.008,0.2165,1.0839,70
C0375,71.714,4.982,0.2091,1.0419,80
C0375,72.348,4.991,0.2129,1.0629,90
C0375,73.305,4.994,0.2086,1.0417,100
C0376,72.451,5.015,0.1894,0.9496,10
C0376,73.694,5.024,0.1854,0.9312,20
C0376,72.722,5.001,0.1911,0.9558,30
C0376,73.492,5.013,0.1906,0.9556,40
C0376,73.999,4.993,0.1979,0.9882,50
C0376,72.893,5.015,0.1909,0.9572,60
C0376,74.145,5.003,0.193,0.9658,70
C0376,73.536,5.0,0.1893,0.9464,80
C0376,73.13,5.007,0.1897,0.9499,90
C0376,73.009,5.022,0.1916,0.9623,100
C0377,72.935,5.058,0.181,0.9152,10
C0377,72.481,5.039,0.1961,0.9883,20
C0377,72.603,5.056,0.1878,0.9497,30
C0377,72.499,5.073,0.1887,0.9574,40
C0377,73.413,5.051,0.1898,0.9584,50
C0377,74.478,5.063,0.1842,0.9327,60
C0377,74.398,5.038,0.1892,0.9534,70
C0377,72.316,5.056,0.1867,0.9439,80
C0377,72.498,5.057,0.1937,0.9795,90
C0377,74.069,5.03,0.1942,0.977,100
C0378,71.01,5.007,0.2158,1.0807,10
C0378,70.898,5.006,0.219,1.0963,20
C0378,71.864,5.029,0.2192,1.1023,30
C0378,72.239,5.008,0.224,1.122,40
C0378,72.988,5.012,0.2134,1.0695,50
C0378,71.22,5.01,0.2192,1.098,60
C0378,71.968,5.012,0.2174,1.0894,70
C0378,71.168,5.011,0.2248,1.1263,80
C0378,72.161,5.013,0.2215,1.11,90
C0378,71.327,5.002,0.2143,1.0722,100
C0379,77.921,5.022,0.2262,1.136,10
C0379,79.328,5.016,0.245,1.2288,20
C0379,77.944,5.06,0.2538,1.2845,30
C0379,81.483,5.041,0.26,1.3109,40
C0379,82.308,5.064,0.2673,1.3538,50
C0379,84.404,5.094,0.2818,1.4353,60
C0379,87.059,5.11,0.2931,1.498,70
C0379,89.348,5.133,0.306,1.5707,80
C0379,89.714,5.144,0.3193,1.6427,90
C0379,91.283,5.178,0.3197,1.6551,100
C0380,71.07,4.972,0.2093,1.0406,10
C0380,71.084,4.959,0.2095,1.0386,20
C0380,70.836,4.952,0.21,1.0397,30
C0380,70.998,4.96,0.2119,1.051,40
C0380,71.016,4.96,0.2051,1.0175,50
C0380,71.343,4.964,0.2111,1.048,60
C0380,70.737,4.955,0.2107,1.0441,70
C0380,71.236,4.951,0.2128,1.0533,80
C0380,70.066,4.968,0.2025,1.0058,90
C0380,72.216,4.945,0.2121,1.0489,100
C0381,78.134,5.04,0.2215,1.1164,10
C0381,81.822,5.074,0.2384,1.2095,20
C0381,82.878,5.09,0.2365,1.2039,30
C0381,85.939,5.11,0.2538,1.2967,40
C0381,85.951,5.131,0.2613,1.3407,50
C0381,87.934,5.15,0.2687,1.3841,60
C0381,87.612,5.15,0.2803,1.4436,70
C0381,92.23,5.151,0.2869,1.4779,80
C0381,94.777,5.195,0.3028,1.573,90
C0381,95.637,5.215,0.3107,1.6204,100
C0382,73.827,5.005,0.2106,1.0539,10
C0382,72.376,4.999,0.2121,1.0603,20
C0382,73.545,5.016,0.2096,1.0513,30
C0382,72.446,5.015,0.2158,1.0822,40
C0382,73.817,5.003,0.2142,1.0717,50
C0382,75.336,5.005,0.2048,1.0251,60
C0382,72.927,5.011,0.2036,1.0203,70
C0382,73.38,5.008,0.2162,1.0827,80
C0382,74.064,5.013,0.2014,1.0096,90
C0382,73.831,5.011,0.2111,1.0578,100
C0383,70.517,4.912,0.1895,0.9307,10
C0383,69.519,4.964,0.1976,0.9812,20
C0383,70.753,4.954,0.1961,0.9715,30
C0383,69.987,4.965,0.1943,0.9647,40
C0383,71.137,4.962,0.1961,0.9728,50
C0383,70.774,4.955,0.1937,0.9597,60
C0383,70.876,4.955,0.192,0.9512,70
C0383,70.952,4.956,0.1988,0.985,80
C0383,69.5,4.953,0.191,0.9462,90
C0383,70.276,4.959,0.1882,0.9331,100
C0384,71.942,4.976,0.2007,0.9985,10
C0384,71.626,4.971,0.2005,0.9966,20
C0384,72.91,4.978,0.1975,0.9832,30
C0384,72.439,4.992,0.2038,1.0176,40
C0384,72.528,4.982,0.2059,1.026,50
C0384,72.845,4.981,0.2044,1.0183,60
C0384,71.551,4.96,0.2008,0.996,70
C0384,72.241,4.97,0.2035,1.0112,80
C0384,71.082,4.97,0.1982,0.9852,90
C0384,71.218,4.99,0.1947,0.9717,100
C0385,71.266,4.98,0.2145,1.0684,10
C0385,70.084,4.982,0.2039,1.0159,20
C0385,70.325,4.98,0.2031,1.0113,30
C0385,70.899,4.987,0.2139,1.0666,40
C0385,71.944,4.984,0.2096,1.0444,50
C0385,69.582,4.983,0.2121,1.0568,60
C0385,69.73,4.977,0.2099,1.0446,70
C0385,70.861,4.988,0.2077,1.0359,80
C0385,70.664,4.985,0.2091,1.0424,90
C0385,70.291,4.986,0.2091,1.0428,100
C0386,70.283,4.987,0.1985,0.9901,10
C0386,69.856,4.964,0.1963,0.9743,20
C0386,69.621,4.988,0.2022,1.0087,30
C0386,70.768,4.991,0.1981,0.9885,40
C0386,69.891,4.976,0.1926,0.9582,50
C0386,70.799,4.981,0.1936,0.9645,60
C0386,69.708,4.975,0.1988,0.9888,70
C0386,70.845,4.98,0.1896,0.9441,80
C0386,70.091,4.982,0.1977,0.9849,90
C0386,69.828,4.985,0.1989,0.9914,100
C0387,70.032,4.999,0.2049,1.0241,10
C0387,70.597,5.005,0.2058,1.03,20
C0387,70.431,5.0,0.2095,1.0478,30
C0387,70.603,4.988,0.1943,0.9693,40
C0387,69.988,5.003,0.2056,1.0286,50
C0387,69.383,5.004,0.2063,1.0324,60
C0387,70.498,5.001,0.2012,1.0064,70
C0387,69.857,5.005,0.2041,1.0214,80
C0387,69.937,5.022,0.1957,0.983,90
C0387,69.994,4.989,0.2033,1.0143,100
C0388,69.417,4.988,0.2028,1.0117,10
C0388,69.662,4.957,0.1991,0.9871,20
C0388,69.175,4.981,0.1997,0.9947,30
C0388,69.232,4.971,0.2022,1.0054,40
C0388,69.691,4.987,0.1994,0.9941,50
C0388,68.442,4.973,0.2032,1.0108,60
C0388,68.682,4.988,0.2047,1.0212,70
C0388,69.32,4.965,0.208,1.0328,80
C0388,67.384,4.986,0.2071,1.0325,90
C0388,68.817,4.99,0.2031,1.0135,100
C0389,72.51,5.074,0.189,0.959,10
C0389,73.488,5.097,0.1883,0.9596,20
C0389,72.954,5.081,0.1838,0.9337,30
C0389,72.446,5.073,0.1878,0.9529,40
C0389,71.926,5.08,0.1893,0.9616,50
C0389,72.86,5.082,0.1946,0.9889,60
C0389,73.752,5.074,0.1919,0.974,70
C0389,73.706,5.088,0.1909,0.9716,80
C0389,71.344,5.073,0.1864,0.9457,90
C0389,73.269,5.071,0.1877,0.952,100
C0390,72.864,5.051,0.2051,1.0359,10
C0390,73.282,5.046,0.2004,1.0114,20
C0390,72.765,5.051,0.2019,1.0199,30
C0390,73.212,5.046,0.2039,1.0288,40
C0390,72.403,5.056,0.2033,1.0279,50
C0390,73.139,5.048,0.2038,1.0285,60
C0390,73.721,5.049,0.2057,1.0384,70
C0390,74.071,5.052,0.2022,1.0214,80
C0390,72.587,5.06,0.2019,1.0214,90
C0390,72.977,5.026,0.2042,1.0261,100
C0391,70.936,4.992,0.2003,1.0001,10
C0391,69.554,4.986,0.2018,1.006,20
C0391,70.484,5.009,0.1941,0.9724,30
C0391,70.132,5.009,0.2032,1.0179,40
C0391,70.459,5.013,0.2037,1.021,50
C0391,70.145,5.008,0.2034,1.0187,60
C0391,70.316,5.015,0.2029,1.0176,70
C0391,69.703,4.99,0.1995,0.9955,80
C0391,69.373,5.004,0.1994,0.9977,90
C0391,70.863,5.008,0.2033,1.0183,100
C0392,72.529,4.975,0.2115,1.0521,10
C0392,71.367,4.962,0.2114,1.0488,20
C0392,70.362,4.963,0.2012,0.9987,30
C0392,70.843,4.974,0.2103,1.0462,40
C0392,71.296,4.969,0.2008,0.9976,50
C0392,71.042,4.961,0.2057,1.0203,60
C0392,71.625,4.959,0.2059,1.021,70
C0392,70.013,4.965,0.204,1.0125,80
C0392,71.313,4.958,0.2087,1.0349,90
C0392,71.179,4.984,0.2103,1.0482,100
C0393,72.531,5.01,0.2132,1.0682,10
C0393,71.098,5.0,0.2155,1.0774,20
C0393,70.185,4.995,0.2121,1.0595,30
C0393,70.208,4.99,0.2154,1.0747,40
C0393,71.39,4.99,0.2138,1.0669,50
C0393,71.272,4.994,0.2156,1.0768,60
C0393,70.836,4.995,0.2098,1.0479,70
C0393,70.863,5.007,0.2148,1.0755,80
C0393,70.289,5.008,0.217,1.0867,90
C0393,71.25,5.0,0.2096,1.0481,100
C0394,72.339,4.995,0.2034,1.016,10
C0394,73.053,5.006,0.1886,0.9439,20
C0394,71.865,4.994,0.1992,0.9948,30
C0394,73.172,5.008,0.1964,0.9837,40
C0394,72.617,5.016,0.1909,0.9577,50
C0394,73.815,5.006,0.1863,0.9327,60
C0394,72.523,4.984,0.1981,0.9874,70
C0394,72.957,4.98,0.195,0.9709,80
C0394,72.649,4.987,0.2002,0.9983,90
C0394,73.036,4.999,0.1919,0.9591,100
C0395,70.759,4.975,0.1951,0.9706,10
C0395,70.586,4.942,0.1866,0.9221,20
C0395,71.236,4.946,0.1978,0.9783,30
C0395,70.22,4.962,0.1988,0.9861,40
C0395,70.292,4.956,0.1998,0.99,50
C0395,69.879,4.967,0.1921,0.9542,60
C0395,70.171,4.958,0.1884,0.9342,70
C0395,70.954,4.956,0.2081,1.0316,80
C0395,71.373,4.952,0.2021,1.0006,90
C0395,70.633,4.954,0.1883,0.9328,100
C0396,76.878,5.038,0.2189,1.1027,10
C0396,78.518,5.064,0.2385,1.2076,20
C0396,80.613,5.084,0.243,1.2355,30
C0396,81.696,5.084,0.2629,1.3366,40
C0396,83.265,5.112,0.2685,1.3729,50
C0396,82.599,5.132,0.2729,1.4007,60
C0396,87.06,5.138,0.2878,1.4785,70
C0396,88.01,5.167,0.291,1.5034,80
C0396,89.104,5.171,0.3089,1.5972,90
C0396,92.496,5.177,0.3195,1.654,100
C0397,69.493,5.016,0.2042,1.0242,10
C0397,69.169,4.992,0.203,1.0132,20
C0397,69.527,5.0,0.2054,1.0268,30
C0397,68.087,5.005,0.2077,1.0397,40
C0397,69.14,4.988,0.2087,1.0412,50
C0397,68.108,5.0,0.1983,0.9913,60
C0397,68.599,4.99,0.2029,1.0127,70
C0397,68.742,5.009,0.2079,1.0413,80
C0397,67.304,5.007,0.2055,1.0292,90
C0397,68.37,4.992,0.2045,1.0207,100
C0398,76.637,5.027,0.2325,1.1685,10
C0398,80.718,5.052,0.2433,1.2294,20
C0398,80.387,5.069,0.2459,1.2463,30
C0398,83.18,5.072,0.252,1.2782,40
C0398,86.089,5.088,0.2652,1.3491,50
C0398,86.507,5.119,0.2741,1.403,60
C0398,87.82,5.145,0.295,1.5176,70
C0398,91.653,5.161,0.293,1.512,80
C0398,90.829,5.174,0.309,1.5988,90
C0398,94.064,5.202,0.3193,1.6612,100
C0399,71.412,4.917,0.2178,1.0707,10
C0399,71.072,4.969,0.211,1.0484,20
C0399,71.237,4.946,0.2066,1.0221,30
C0399,71.396,4.965,0.2059,1.0221,40
C0399,71.679,4.937,0.2088,1.0309,50
C0399,72.545,4.95,0.2125,1.0516,60
C0399,71.402,4.972,0.2057,1.0225,70
C0399,70.411,4.961,0.2079,1.0317,80
C0399,71.605,4.962,0.2112,1.0478,90
C0399,72.698,4.946,0.2066,1.022,100
C0400,69.382,4.997,0.2044,1.0214,10
C0400,68.481,5.013,0.2024,1.0146,20
C0400,68.452,5.01,0.2044,1.0242,30
C0400,69.152,4.986,0.203,1.0124,40
C0400,69.36,4.989,0.2032,1.0139,50
C0400,68.624,4.986,0.2022,1.008,60
C0400,68.537,4.996,0.209,1.044,70
C0400,69.395,4.987,0.2043,1.0188,80
C0400,68.874,5.011,0.2067,1.0358,90
C0400,68.644,5.002,0.2065,1.0332,100
C0401,71.455,5.005,0.2062,1.0321,10
C0401,71.551,5.002,0.1956,0.9785,20
C0401,72.735,5.013,0.1941,0.9729,30
C0401,70.829,5.014,0.1938,0.9718,40
C0401,72.537,4.998,0.202,1.0095,50
C0401,72.307,5.0,0.1957,0.9782,60
C0401,72.386,4.998,0.2036,1.0177,70
C0401,71.541,5.008,0.1976,0.9898,80
C0401,72.044,4.998,0.1985,0.9919,90
C0401,70.503,4.997,0.1968,0.9835,100
C0402,71.377,4.994,0.2171,1.0841,10
C0402,70.722,4.981,0.209,1.0409,20
C0402,70.145,4.965,0.2137,1.061,30
C0402,73.104,4.989,0.2119,1.057,40
C0402,71.879,4.997,0.2192,1.0951,50
C0402,71.54,4.96,0.2022,1.0028,60
C0402,72.685,4.979,0.2113,1.0522,70
C0402,70.818,4.972,0.2094,1.0412,80
C0402,72.017,4.976,0.2064,1.0271,90
C0402,71.421,4.992,0.2116,1.0561,100
C0403,72.064,5.009,0.1997,1.0,10
C0403,71.555,4.994,0.2057,1.0272,20
C0403,73.321,5.001,0.2,1.0004,30
C0403,72.153,5.014,0.2006,1.0057,40
C0403,70.958,5.023,0.2026,1.0174,50
C0403,71.676,4.997,0.2001,0.9998,60
C0403,70.455,5.012,0.2038,1.0213,70
C0403,71.682,4.995,0.2017,1.0072,80
C0403,72.016,4.997,0.2036,1.0173,90
C0403,71.859,5.002,0.1976,0.9884,100
C0404,72.26,5.011,0.1961,0.9827,10
C0404,71.871,5.021,0.1951,0.9795,20
C0404,71.973,5.007,0.1991,0.9967,30
C0404,71.339,5.009,0.2018,1.0107,40
C0404,71.169,4.995,0.1922,0.9599,50
C0404,71.029,5.014,0.1917,0.9613,60
C0404,71.553,5.014,0.199,0.9979,70
C0404,71.5,5.01,0.1978,0.9908,80
C0404,71.597,5.006,0.2063,1.0327,90
C0404,72.217,5.033,0.1954,0.9832,100
C0405,74.769,4.972,0.2124,1.0558,10
C0405,74.727,4.975,0.213,1.0597,20
C0405,75.776,4.986,0.2132,1.0628,30
C0405,76.004,4.984,0.2171,1.0823,40
C0405,74.157,4.982,0.2138,1.0653,50
C0405,75.907,4.983,0.211,1.0512,60
C0405,75.345,4.996,0.2105,1.0518,70
C0405,74.868,5.003,0.21,1.0503,80
C0405,75.386,4.987,0.2203,1.0985,90
C0405,75.53,5.001,0.2125,1.0627,100
C0406,73.312,5.031,0.1925,0.9687,10
C0406,73.209,5.031,0.19,0.9557,20
C0406,73.409,5.03,0.1906,0.9586,30
C0406,72.673,5.038,0.1976,0.9954,40
C0406,74.141,5.032,0.2024,1.0184,50
C0406,72.634,5.05,0.1909,0.964,60
C0406,72.714,5.031,0.1936,0.974,70
C0406,73.585,5.046,0.19,0.9587,80
C0406,72.643,5.03,0.1934,0.9725,90
C0406,73.111,5.029,0.1949,0.9801,100
C0407,73.206,5.019,0.2007,1.0074,10
C0407,72.953,5.009,0.2015,1.0092,20
C0407,73.963,5.006,0.2009,1.0057,30
C0407,72.811,5.018,0.195,0.9787,40
C0407,72.931,5.025,0.2038,1.0243,50
C0407,73.967,5.016,0.2044,1.0253,60
C0407,72.542,4.998,0.1998,0.9987,70
C0407,73.827,5.018,0.2017,1.012,80
C0407,73.49,5.011,0.2055,1.0299,90
C0407,73.08,5.028,0.2079,1.0453,100
C0408,71.968,4.971,0.186,0.9249,10
C0408,72.341,4.982,0.2026,1.0096,20
C0408,71.637,4.968,0.1855,0.9216,30
C0408,71.933,4.985,0.1938,0.9661,40
C0408,73.396,4.974,0.1968,0.979,50
C0408,71.292,4.979,0.1883,0.9377,60
C0408,72.526,4.984,0.2017,1.0051,70
C0408,71.498,4.978,0.1985,0.9881,80
C0408,72.375,4.968,0.1867,0.9273,90
C0408,72.318,4.975,0.194,0.965,100
C0409,72.37,5.006,0.192,0.9611,10
C0409,71.209,4.986,0.1989,0.9917,20
C0409,71.837,4.982,0.1938,0.9654,30
C0409,71.601,4.996,0.1991,0.9945,40
C0409,72.373,4.976,0.2045,1.0174,50
C0409,71.631,4.993,0.1982,0.9895,60
C0409,71.644,4.992,0.2011,1.0039,70
C0409,73.581,4.994,0.2012,1.0048,80
C0409,72.655,4.993,0.1985,0.9913,90
C0409,72.163,4.996,0.2043,1.0205,100
C0410,70.629,4.934,0.1866,0.9207,10
C0410,69.441,4.954,0.1994,0.988,20
C0410,69.623,4.946,0.1943,0.961,30
C0410,70.016,4.957,0.1923,0.9534,40
C0410,68.561,4.943,0.1987,0.9824,50
C0410,69.846,4.949,0.1975,0.9776,60
C0410,69.056,4.95,0.1936,0.9583,70
C0410,69.469,4.953,0.1923,0.9525,80
C0410,68.894,4.954,0.1877,0.9301,90
C0410,69.833,4.966,0.1919,0.9531,100
C0411,72.222,4.951,0.1998,0.9892,10
C0411,72.964,4.986,0.2116,1.0551,20
C0411,72.894,4.992,0.2073,1.0346,30
C0411,73.251,4.989,0.2067,1.0312,40
C0411,73.334,4.971,0.195,0.9696,50
C0411,73.079,4.982,0.2012,1.0026,60
C0411,71.931,4.98,0.2076,1.0338,70
C0411,73.001,4.968,0.2016,1.0014,80
C0411,73.091,4.979,0.209,1.0405,90
C0411,72.495,4.986,0.2046,1.02,100
C0412,71.828,5.018,0.2047,1.027,10
C0412,71.391,5.044,0.2033,1.0254,20
C0412,70.289,5.029,0.2102,1.057,30
C0412,70.722,5.029,0.2076,1.0442,40
C0412,71.526,5.022,0.1999,1.004,50
C0412,70.867,5.025,0.2064,1.037,60
C0412,71.116,5.017,0.2049,1.0282,70
C0412,71.432,5.024,0.1994,1.0017,80
C0412,70.807,5.03,0.1972,0.9919,90
C0412,69.66,5.036,0.2048,1.0311,100
C0413,74.438,5.034,0.2021,1.0174,10
C0413,73.088,5.052,0.2106,1.0638,20
C0413,73.579,5.018,0.1989,0.998,30
C0413,73.398,5.027,0.1986,0.9982,40
C0413,73.911,5.047,0.1944,0.9812,50
C0413,73.469,5.04,0.1984,1.0002,60
C0413,73.93,5.039,0.2009,1.0123,70
C0413,73.269,5.043,0.1996,1.0067,80
C0413,72.748,5.04,0.1977,0.9966,90
C0413,72.8,5.041,0.202,1.0186,100
C0414,71.043,5.039,0.2002,1.0088,10
C0414,70.417,5.042,0.2037,1.0269,20
C0414,69.011,5.023,0.2052,1.0308,30
C0414,69.13,5.038,0.2018,1.0168,40
C0414,70.898,5.022,0.1995,1.0022,50
C0414,70.058,5.015,0.209,1.0484,60
C0414,70.612,5.02,0.2009,1.0087,70
C0414,71.418,5.039,0.2094,1.0554,80
C0414,70.996,5.028,0.1998,1.0046,90
C0414,70.553,5.018,0.1974,0.9905,100
C0415,73.375,5.04,0.2107,1.0618,10
C0415,73.206,5.033,0.201,1.0115,20
C0415,73.206,5.044,0.202,1.019,30
C0415,72.878,5.038,0.2125,1.0705,40
C0415,72.32,5.041,0.205,1.0335,50
C0415,72.611,5.024,0.2038,1.0241,60
C0415,73.315,5.031,0.2093,1.053,70
C0415,72.342,5.04,0.2082,1.0493,80
C0415,72.111,5.048,0.2078,1.0491,90
C0415,73.475,5.045,0.2103,1.061,100
C0416,72.809,5.002,0.2037,1.0188,10
C0416,71.964,4.988,0.1955,0.9753,20
C0416,71.873,4.991,0.1934,0.9653,30
C0416,72.532,4.991,0.1984,0.9903,40
C0416,71.989,4.991,0.2037,1.0165,50
C0416,71.141,4.999,0.1988,0.9941,60
C0416,71.778,4.984,0.2013,1.0034,70
C0416,72.257,4.99,0.2007,1.0014,80
C0416,72.036,4.984,0.1944,0.9691,90
C0416,72.494,5.0,0.1956,0.978,100
C0417,70.615,4.992,0.2067,1.0319,10
C0417,71.451,4.987,0.2039,1.0169,20
C0417,71.792,4.983,0.2074,1.0333,30
C0417,71.291,4.988,0.2075,1.0351,40
C0417,71.324,5.006,0.2062,1.032,50
C0417,72.25,4.985,0.2036,1.0149,60
C0417,70.625,4.988,0.2058,1.0265,70
C0417,71.669,5.0,0.2092,1.0461,80
C0417,72.304,4.984,0.2069,1.0309,90
C0417,71.022,4.997,0.2139,1.0691,100
C0418,69.957,5.024,0.2095,1.0526,10
C0418,69.682,5.035,0.2142,1.0787,20
C0418,70.104,5.035,0.2093,1.054,30
C0418,70.687,5.027,0.2009,1.01,40
C0418,70.488,5.044,0.2115,1.0667,50
C0418,69.821,5.022,0.2117,1.0631,60
C0418,70.29,5.032,0.217,1.092,70
C0418,69.637,5.051,0.2098,1.06,80
C0418,69.104,5.032,0.2135,1.0745,90
C0418,69.986,5.019,0.209,1.0492,100
C0419,71.708,4.974,0.2048,1.0186,10
C0419,71.782,4.965,0.2125,1.0552,20
C0419,71.7,4.959,0.2083,1.0327,30
C0419,70.097,4.969,0.2062,1.0246,40
C0419,70.524,5.004,0.2117,1.0591,50
C0419,72.105,4.98,0.2083,1.0375,60
C0419,72.233,4.986,0.2106,1.0503,70
C0419,70.738,4.972,0.2092,1.0404,80
C0419,71.508,4.972,0.2096,1.0422,90
C0419,70.552,4.982,0.2025,1.0085,100
C0420,73.894,4.976,0.1998,0.9939,10
C0420,73.714,4.985,0.1997,0.9956,20
C0420,74.294,4.973,0.1972,0.9809,30
C0420,74.704,4.984,0.2013,1.0033,40
C0420,74.017,4.977,0.2013,1.0021,50
C0420,73.618,4.969,0.196,0.9739,60
C0420,74.532,4.981,0.195,0.9714,70
C0420,73.087,4.974,0.1923,0.9565,80
C0420,73.098,4.959,0.1973,0.9782,90
C0420,74.809,4.972,0.1968,0.9785,100
C0421,79.098,5.077,0.2238,1.136,10
C0421,79.621,5.096,0.2353,1.1993,20
C0421,81.786,5.103,0.2461,1.2559,30
C0421,82.332,5.117,0.2475,1.2667,40
C0421,84.466,5.14,0.2721,1.3987,50
C0421,86.579,5.175,0.2695,1.3947,60
C0421,86.214,5.172,0.2823,1.46,70
C0421,89.074,5.223,0.2961,1.5465,80
C0421,90.064,5.217,0.3116,1.6257,90
C0421,93.002,5.244,0.3182,1.6685,100
C0422,69.755,4.965,0.2062,1.0238,10
C0422,70.593,4.953,0.1941,0.9615,20
C0422,70.653,4.98,0.1948,0.9704,30
C0422,70.826,4.985,0.2089,1.0412,40
C0422,70.755,4.977,0.1928,0.9594,50
C0422,71.816,4.966,0.1976,0.9812,60
C0422,70.403,4.987,0.2102,1.048,70
C0422,70.631,4.982,0.2015,1.0038,80
C0422,69.933,4.986,0.1988,0.9915,90
C0422,71.477,4.985,0.2038,1.0158,100
C0423,69.346,5.012,0.2089,1.047,10
C0423,71.565,4.994,0.2037,1.0174,20
C0423,70.374,4.997,0.2084,1.0415,30
C0423,70.419,4.982,0.2089,1.0407,40
C0423,70.839,5.001,0.2104,1.0521,50
C0423,70.751,4.989,0.2081,1.0379,60
C0423,70.768,5.0,0.2033,1.0165,70
C0423,71.434,4.993,0.2043,1.02,80
C0423,70.724,4.999,0.2117,1.0582,90
C0423,71.223,5.01,0.2093,1.0483,100
C0424,71.391,5.023,0.1778,0.8929,10
C0424,74.097,5.04,0.1871,0.9427,20
C0424,73.102,5.039,0.1932,0.9738,30
C0424,73.556,5.034,0.1872,0.9427,40
C0424,73.327,5.045,0.1912,0.9645,50
C0424,74.136,5.033,0.1872,0.942,60
C0424,73.081,5.031,0.1927,0.9696,70
C0424,72.33,5.033,0.1983,0.9982,80
C0424,72.587,5.029,0.1954,0.983,90
C0424,72.199,5.03,0.1931,0.9712,100
C0425,73.549,5.018,0.1915,0.961,10
C0425,74.174,5.032,0.193,0.9712,20
C0425,73.035,5.015,0.1971,0.9886,30
C0425,72.945,5.035,0.201,1.012,40
C0425,74.029,5.032,0.1969,0.991,50
C0425,74.053,5.011,0.2023,1.0135,60
C0425,73.482,5.023,0.2066,1.038,70
C0425,73.642,5.031,0.1988,1.0,80
C0425,72.974,5.014,0.2048,1.0271,90
C0425,74.122,5.024,0.1946,0.9774,100
C0426,73.006,5.002,0.206,1.0306,10
C0426,71.4,4.989,0.2134,1.0649,20
C0426,72.705,4.996,0.2057,1.0275,30
C0426,72.729,4.969,0.2033,1.01,40
C0426,72.457,5.005,0.2044,1.0232,50
C0426,71.492,4.997,0.201,1.0044,60
C0426,71.75,4.984,0.2064,1.0287,70
C0426,73.235,4.997,0.2068,1.0332,80
C0426,72.764,4.994,0.207,1.0337,90
C0426,71.029,4.994,0.2,0.999,100
C0427,72.01,5.004,0.2018,1.0099,10
C0427,72.189,5.008,0.2004,1.0036,20
C0427,72.075,5.003,0.2018,1.0094,30
C0427,72.339,5.023,0.2011,1.0101,40
C0427,71.538,5.007,0.1953,0.9776,50
C0427,72.307,4.987,0.2039,1.0171,60
C0427,72.558,4.979,0.2049,1.0203,70
C0427,72.487,5.005,0.1951,0.9763,80
C0427,71.368,5.0,0.2051,1.0256,90
C0427,71.602,5.017,0.1993,1.0001,100
C0428,72.057,5.037,0.198,0.9973,10
C0428,72.615,5.034,0.1941,0.9773,20
C0428,71.873,5.032,0.1968,0.9904,30
C0428,71.994,5.032,0.1897,0.9548,40
C0428,72.483,5.033,0.1998,1.0058,50
C0428,72.083,5.014,0.1944,0.9747,60
C0428,71.963,5.039,0.1875,0.945,70
C0428,72.107,5.037,0.1932,0.973,80
C0428,72.127,5.025,0.1929,0.9694,90
C0428,71.838,5.025,0.1986,0.9976,100
C0429,72.005,4.96,0.1954,0.9691,10
C0429,73.25,4.965,0.2018,1.0018,20
C0429,72.309,4.955,0.2012,0.9971,30
C0429,73.34,4.96,0.1896,0.9404,40
C0429,73.331,4.944,0.1994,0.9858,50
C0429,73.308,4.958,0.1963,0.9732,60
C0429,73.712,4.957,0.198,0.9816,70
C0429,72.362,4.956,0.2046,1.0142,80
C0429,72.088,4.959,0.2002,0.9927,90
C0429,73.958,4.959,0.1968,0.9759,100
C0430,73.075,4.94,0.1881,0.9294,10
C0430,72.702,4.944,0.186,0.9196,20
C0430,72.115,4.945,0.1841,0.9102,30
C0430,72.411,4.942,0.1855,0.9168,40
C0430,73.187,4.944,0.1905,0.9418,50
C0430,73.557,4.954,0.1885,0.934,60
C0430,72.83,4.954,0.1868,0.9252,70
C0430,73.225,4.952,0.185,0.9159,80
C0430,73.171,4.946,0.186,0.9199,90
C0430,72.348,4.947,0.1904,0.9419,100
C0431,72.52,4.992,0.1968,0.9826,10
C0431,72.185,5.018,0.1939,0.9729,20
C0431,72.197,5.007,0.201,1.0062,30
C0431,72.782,5.007,0.1982,0.9924,40
C0431,72.102,5.01,0.2003,1.0034,50
C0431,73.299,5.004,0.2075,1.0382,60
C0431,71.77,5.023,0.1986,0.9975,70
C0431,71.963,5.027,0.2008,1.0095,80
C0431,72.536,5.011,0.1982,0.993,90
C0431,72.404,4.981,0.1931,0.9618,100
C0432,72.552,5.02,0.2143,1.0758,10
C0432,71.252,5.03,0.2181,1.0972,20
C0432,72.567,5.027,0.217,1.0907,30
C0432,72.951,5.013,0.2152,1.0789,40
C0432,74.05,5.017,0.2145,1.0761,50
C0432,73.754,5.041,0.2128,1.0727,60
C0432,72.712,5.03,0.2119,1.0657,70
C0432,72.544,5.027,0.2153,1.0824,80
C0432,72.139,5.017,0.2147,1.0772,90
C0432,73.618,5.031,0.2135,1.0742,100
C0433,72.426,5.033,0.1961,0.9869,10
C0433,73.142,5.019,0.1916,0.9616,20
C0433,71.492,5.024,0.195,0.9796,30
C0433,72.365,5.041,0.1943,0.9795,40
C0433,71.999,5.014,0.1958,0.9817,50
C0433,71.905,5.034,0.1906,0.9596,60
C0433,72.719,5.029,0.1963,0.9872,70
C0433,72.23,5.015,0.1909,0.9573,80
C0433,71.23,5.027,0.1865,0.9374,90
C0433,72.175,4.989,0.1956,0.9757,100
C0434,71.155,5.035,0.1983,0.9984,10
C0434,70.489,5.023,0.1938,0.9735,20
C0434,71.087,5.039,0.1939,0.9771,30
C0434,70.252,5.024,0.1973,0.9914,40
C0434,70.383,5.035,0.1945,0.9792,50
C0434,69.837,5.038,0.1956,0.9855,60
C0434,69.587,5.021,0.1961,0.9848,70
C0434,71.277,5.035,0.2021,1.0173,80
C0434,70.836,5.035,0.1947,0.9804,90
C0434,70.225,5.016,0.1966,0.9862,100
C0435,72.612,5.016,0.201,1.0082,10
C0435,71.716,5.03,0.2015,1.0138,20
C0435,72.349,5.014,0.1937,0.9713,30
C0435,73.245,5.019,0.2015,1.0115,40
C0435,72.36,5.017,0.1963,0.985,50
C0435,73.309,5.062,0.1972,0.9982,60
C0435,72.057,5.01,0.1919,0.9614,70
C0435,71.775,5.022,0.1984,0.9963,80
C0435,72.703,5.029,0.2013,1.0124,90
C0435,71.921,5.026,0.197,0.9902,100
C0436,69.848,4.973,0.1978,0.9835,10
C0436,69.537,5.01,0.1903,0.9532,20
C0436,70.439,4.989,0.1909,0.9526,30
C0436,70.49,5.001,0.1932,0.9661,40
C0436,69.879,4.989,0.1837,0.9166,50
C0436,70.414,5.005,0.1966,0.9838,60
C0436,70.283,4.986,0.1833,0.9141,70
C0436,70.725,4.976,0.1887,0.9392,80
C0436,69.965,4.993,0.1902,0.95,90
C0436,70.183,4.97,0.1902,0.9451,100
C0437,69.554,4.963,0.1808,0.8973,10
C0437,69.59,4.963,0.1888,0.9368,20
C0437,69.817,4.964,0.1858,0.9224,30
C0437,69.115,4.953,0.1807,0.8949,40
C0437,70.623,4.946,0.1898,0.9387,50
C0437,68.848,4.969,0.1898,0.9433,60
C0437,70.415,4.951,0.1866,0.9239,70
C0437,69.363,4.952,0.1861,0.9218,80
C0437,70.212,4.955,0.1873,0.928,90
C0437,69.179,4.951,0.1847,0.9142,100
C0438,70.985,4.982,0.2192,1.0918,10
C0438,71.981,4.98,0.2158,1.0748,20
C0438,71.874,4.983,0.2158,1.0751,30
C0438,70.666,4.976,0.2122,1.0558,40
C0438,71.203,4.981,0.2182,1.0869,50
C0438,72.672,4.975,0.2199,1.0939,60
C0438,71.787,4.993,0.2191,1.094,70
C0438,70.998,4.963,0.218,1.0821,80
C0438,71.286,4.97,0.2117,1.0523,90
C0438,71.7,4.995,0.2152,1.0748,100
C0439,72.718,5.008,0.1994,0.9986,10
C0439,72.722,4.993,0.2043,1.0203,20
C0439,71.644,5.008,0.201,1.0065,30
C0439,71.151,5.007,0.2028,1.0157,40
C0439,72.746,5.002,0.2019,1.01,50
C0439,72.942,5.012,0.2169,1.0872,60
C0439,70.785,5.01,0.208,1.0419,70
C0439,71.955,5.004,0.211,1.0559,80
C0439,72.218,4.991,0.2026,1.0109,90
C0439,71.24,5.006,0.2098,1.0505,100
C0440,77.947,5.047,0.224,1.1303,10
C0440,79.19,5.036,0.2334,1.1752,20
C0440,80.683,5.07,0.2448,1.2411,30
C0440,84.4,5.106,0.2568,1.311,40
C0440,84.263,5.118,0.2644,1.3534,50
C0440,86.451,5.134,0.2837,1.4567,60
C0440,89.532,5.143,0.2861,1.4713,70
C0440,89.563,5.182,0.2894,1.4997,80
C0440,93.044,5.192,0.3036,1.5766,90
C0440,92.957,5.19,0.3142,1.6305,100
C0441,77.566,5.045,0.2246,1.1329,10
C0441,79.73,5.074,0.2384,1.2098,20
C0441,82.797,5.089,0.2462,1.2527,30
C0441,85.461,5.119,0.254,1.3002,40
C0441,84.189,5.119,0.2665,1.364,50
C0441,88.324,5.16,0.2775,1.432,60
C0441,88.056,5.166,0.287,1.4826,70
C0441,89.769,5.183,0.297,1.5394,80
C0441,92.86,5.201,0.3037,1.5799,90
C0441,94.928,5.207,0.319,1.6607,100
C0442,74.145,5.003,0.2106,1.0538,10
C0442,73.566,5.014,0.215,1.0781,20
C0442,73.791,4.983,0.2061,1.0271,30
C0442,72.233,5.014,0.2123,1.0647,40
C0442,73.715,5.003,0.2141,1.071,50
C0442,73.975,5.0,0.2055,1.0275,60
C0442,73.545,5.03,0.2182,1.0975,70
C0442,73.884,5.005,0.2149,1.0757,80
C0442,73.274,5.005,0.2028,1.015,90
C0442,73.607,5.006,0.2118,1.0601,100
C0443,72.51,4.939,0.1876,0.9265,10
C0443,73.498,4.935,0.1866,0.921,20
C0443,72.225,4.932,0.1866,0.9204,30
C0443,71.635,4.925,0.1886,0.9286,40
C0443,72.976,4.931,0.1843,0.9087,50
C0443,71.822,4.912,0.1855,0.9111,60
C0443,73.762,4.934,0.1908,0.9414,70
C0443,72.162,4.937,0.1839,0.9078,80
C0443,72.423,4.941,0.1862,0.9202,90
C0443,72.037,4.935,0.1838,0.9072,100
C0444,68.909,4.942,0.1893,0.9357,10
C0444,69.702,4.949,0.188,0.9306,20
C0444,70.299,4.953,0.189,0.9359,30
C0444,70.276,4.936,0.1945,0.9598,40
C0444,68.891,4.922,0.1892,0.9312,50
C0444,69.3,4.933,0.1899,0.9367,60
C0444,70.266,4.934,0.1875,0.925,70
C0444,69.623,4.93,0.187,0.9222,80
C0444,68.866,4.939,0.1885,0.9309,90
C0444,70.413,4.923,0.1886,0.9286,100
C0445,72.043,5.044,0.1881,0.9487,10
C0445,70.826,5.012,0.1936,0.9701,20
C0445,72.811,5.041,0.1954,0.9851,30
C0445,72.291,5.029,0.1949,0.9802,40
C0445,71.946,5.016,0.1989,0.9976,50
C0445,72.565,5.016,0.1946,0.9763,60
C0445,72.64,5.028,0.1912,0.9614,70
C0445,72.621,5.027,0.1895,0.9526,80
C0445,71.073,4.995,0.1999,0.9985,90
C0445,71.261,5.034,0.1883,0.9481,100
C0446,72.436,4.965,0.2144,1.0644,10
C0446,72.262,4.958,0.2189,1.0852,20
C0446,72.246,4.968,0.213,1.0583,30
C0446,72.368,4.952,0.2196,1.0877,40
C0446,71.75,4.957,0.2135,1.0584,50
C0446,72.038,4.967,0.2135,1.0606,60
C0446,73.087,4.952,0.2155,1.0669,70
C0446,71.785,4.964,0.2147,1.0659,80
C0446,72.157,4.972,0.2122,1.0548,90
C0446,72.602,4.952,0.2152,1.0659,100
C0447,73.075,4.963,0.2134,1.0591,10
C0447,73.556,4.977,0.2139,1.0646,20
C0447,73.641,4.98,0.2165,1.0785,30
C0447,72.949,4.969,0.2124,1.0556,40
C0447,72.818,4.973,0.2132,1.0605,50
C0447,74.107,4.967,0.2093,1.0397,60
C0447,73.502,4.973,0.2105,1.0469,70
C0447,73.584,4.969,0.2194,1.0901,80
C0447,72.544,4.966,0.2138,1.0617,90
C0447,73.929,4.965,0.2148,1.0663,100
C0448,70.337,5.033,0.2082,1.0477,10
C0448,69.89,5.012,0.2012,1.0082,20
C0448,70.585,5.008,0.209,1.0467,30
C0448,71.048,5.009,0.2039,1.0215,40
C0448,70.264,5.026,0.2111,1.0612,50
C0448,69.243,5.014,0.2036,1.021,60
C0448,69.414,5.013,0.2064,1.0346,70
C0448,70.087,5.002,0.2162,1.0814,80
C0448,70.414,5.019,0.2003,1.0052,90
C0448,70.41,5.016,0.1971,0.9888,100
C0449,73.458,4.957,0.1957,0.97,10
C0449,73.162,4.935,0.1942,0.9582,20
C0449,73.691,4.951,0.1956,0.9684,30
C0449,73.033,4.964,0.1906,0.9462,40
C0449,72.583,4.969,0.1932,0.9603,50
C0449,72.103,4.952,0.1986,0.9834,60
C0449,71.469,4.921,0.1967,0.9678,70
C0449,73.026,4.949,0.1934,0.9569,80
C0449,72.226,4.968,0.1932,0.9595,90
C0449,72.668,4.94,0.1914,0.9455,100
C0450,73.941,4.974,0.2154,1.0712,10
C0450,73.485,4.982,0.2063,1.028,20
C0450,73.327,4.982,0.2124,1.0583,30
C0450,73.055,4.988,0.2155,1.0751,40
C0450,72.737,4.987,0.2085,1.0401,50
C0450,73.454,4.961,0.2144,1.0637,60
C0450,73.819,4.979,0.2184,1.0876,70
C0450,73.961,4.956,0.215,1.0655,80
C0450,71.542,4.988,0.2155,1.0752,90
C0450,71.778,5.009,0.2167,1.0855,100
C0451,68.767,4.956,0.2047,1.0143,10
C0451,70.469,4.949,0.2066,1.0223,20
C0451,70.162,4.949,0.2053,1.0161,30
C0451,69.274,4.942,0.2138,1.0567,40
C0451,70.288,4.958,0.2012,0.9975,50
C0451,69.499,4.934,0.1998,0.9859,60
C0451,69.126,4.949,0.2037,1.0081,70
C0451,70.625,4.943,0.1955,0.9665,80
C0451,70.366,4.926,0.206,1.0147,90
C0451,69.637,4.949,0.1994,0.9866,100
C0452,79.386,5.111,0.2375,1.2138,10
C0452,80.78,5.12,0.2436,1.2475,20
C0452,83.957,5.153,0.2534,1.3058,30
C0452,83.776,5.175,0.2766,1.4316,40
C0452,86.678,5.177,0.2761,1.4292,50
C0452,88.438,5.227,0.2853,1.4912,60
C0452,88.082,5.225,0.3011,1.573,70
C0452,90.785,5.238,0.3066,1.6059,80
C0452,93.407,5.252,0.3131,1.6445,90
C0452,96.065,5.279,0.3243,1.7122,100
C0453,71.843,4.977,0.1927,0.9591,10
C0453,72.319,4.97,0.1877,0.9331,20
C0453,71.114,4.945,0.1922,0.9502,30
C0453,72.652,4.972,0.1879,0.9343,40
C0453,72.873,4.983,0.1937,0.9651,50
C0453,72.952,4.971,0.1903,0.9461,60
C0453,71.661,4.947,0.1895,0.9371,70
C0453,71.918,4.961,0.1908,0.9464,80
C0453,70.684,4.971,0.1948,0.9683,90
C0453,72.282,4.951,0.1927,0.9541,100
C0454,71.662,5.037,0.2033,1.0237,10
C0454,71.726,5.042,0.1964,0.9899,20
C0454,71.887,5.039,0.2008,1.0119,30
C0454,71.91,5.032,0.1986,0.9994,40
C0454,72.738,5.024,0.2032,1.0209,50
C0454,72.282,5.024,0.2022,1.0161,60
C0454,71.488,5.048,0.1974,0.9964,70
C0454,71.642,5.022,0.1965,0.9868,80
C0454,72.989,5.039,0.2025,1.0205,90
C0454,71.64,5.043,0.1986,1.0018,100
C0455,72.641,5.014,0.2111,1.0586,10
C0455,73.438,5.02,0.2056,1.0323,20
C0455,73.985,5.002,0.2078,1.0395,30
C0455,73.184,5.007,0.2131,1.067,40
C0455,71.609,5.021,0.2088,1.0481,50
C0455,72.639,5.022,0.2057,1.0333,60
C0455,73.817,5.055,0.208,1.0513,70
C0455,73.586,5.01,0.2075,1.0395,80
C0455,73.0,5.027,0.2009,1.0102,90
C0455,72.58,5.031,0.2075,1.0439,100
C0456,73.913,5.007,0.2026,1.0143,10
C0456,74.578,5.011,0.2065,1.0347,20
C0456,74.428,5.012,0.2085,1.045,30
C0456,73.772,5.03,0.2047,1.0295,40
C0456,73.976,5.006,0.2026,1.0142,50
C0456,73.863,5.003,0.2021,1.0108,60
C0456,73.503,5.021,0.2081,1.0452,70
C0456,73.25,5.032,0.2024,1.0186,80
C0456,73.401,5.023,0.2011,1.0103,90
C0456,73.937,5.011,0.1997,1.0005,100
C0457,72.627,5.006,0.196,0.9813,10
C0457,71.713,5.001,0.2021,1.0106,20
C0457,73.614,5.003,0.1993,0.9968,30
C0457,72.527,5.011,0.202,1.0119,40
C0457,72.06,5.007,0.1999,1.0008,50
C0457,72.601,5.026,0.2021,1.0159,60
C0457,72.254,5.022,0.2046,1.0275,70
C0457,72.223,5.012,0.1989,0.9969,80
C0457,72.898,5.014,0.195,0.9778,90
C0457,72.649,5.028,0.2069,1.0403,100
C0458,71.435,4.99,0.2046,1.0211,10
C0458,70.285,4.992,0.1997,0.9972,20
C0458,71.199,4.992,0.2005,1.001,30
C0458,70.452,5.002,0.1905,0.953,40
C0458,70.6,4.981,0.2045,1.0186,50
C0458,71.096,4.984,0.2025,1.0092,60
C0458,71.101,4.972,0.1951,0.9701,70
C0458,72.104,4.985,0.2045,1.0194,80
C0458,71.724,4.978,0.197,0.9805,90
C0458,70.769,4.977,0.2147,1.0686,100
C0459,72.571,5.01,0.221,1.1072,10
C0459,73.645,5.029,0.2136,1.074,20
C0459,73.11,5.036,0.2083,1.0492,30
C0459,73.583,5.038,0.2171,1.0936,40
C0459,73.254,5.028,0.2192,1.1023,50
C0459,73.646,5.045,0.2071,1.045,60
C0459,73.841,5.02,0.2138,1.0732,70
C0459,74.122,5.018,0.2226,1.1167,80
C0459,73.96,5.034,0.2104,1.0589,90
C0459,73.189,5.024,0.2092,1.0509,100
C0460,80.1,5.027,0.2294,1.153,10
C0460,80.87,5.055,0.2501,1.2643,20
C0460,83.691,5.085,0.2563,1.3034,30
C0460,84.621,5.074,0.2591,1.3145,40
C0460,86.941,5.096,0.2689,1.3704,50
C0460,89.448,5.124,0.2865,1.4683,60
C0460,89.209,5.132,0.2977,1.5277,70
C0460,92.45,5.157,0.2983,1.5385,80
C0460,93.771,5.171,0.313,1.6185,90
C0460,94.038,5.194,0.3199,1.6614,100
C0461,75.308,5.038,0.1964,0.9895,10
C0461,74.502,5.035,0.1897,0.9553,20
C0461,72.953,5.046,0.188,0.9488,30
C0461,74.998,5.054,0.1885,0.9528,40
C0461,74.04,5.047,0.189,0.9538,50
C0461,75.213,5.03,0.1966,0.9889,60
C0461,74.239,5.04,0.1948,0.9817,70
C0461,74.729,5.048,0.185,0.9339,80
C0461,74.178,5.038,0.1878,0.946,90
C0461,75.005,5.032,0.1878,0.9449,100
C0462,80.339,5.026,0.226,1.1359,10
C0462,81.285,5.052,0.2399,1.212,20
C0462,83.575,5.08,0.2496,1.268,30
C0462,88.596,5.076,0.2628,1.3342,40
C0462,86.492,5.105,0.2748,1.4031,50
C0462,86.77,5.134,0.2737,1.405,60
C0462,91.614,5.137,0.2889,1.4841,70
C0462,91.117,5.147,0.3028,1.5582,80
C0462,92.505,5.183,0.3135,1.6251,90
C0462,94.953,5.199,0.3264,1.6973,100
C0463,72.49,5.046,0.1947,0.9825,10
C0463,72.812,5.042,0.2018,1.0175,20
C0463,71.339,5.042,0.1961,0.9886,30
C0463,71.609,5.055,0.1987,1.0044,40
C0463,71.233,5.036,0.2017,1.0156,50
C0463,71.608,5.031,0.1973,0.9928,60
C0463,72.401,5.034,0.1995,1.0041,70
C0463,72.14,5.042,0.1883,0.9494,80
C0463,72.129,5.038,0.1995,1.005,90
C0463,71.727,5.037,0.2,1.0076,100
C0464,73.765,5.032,0.1883,0.9475,10
C0464,74.842,5.024,0.1908,0.9584,20
C0464,73.747,5.018,0.1913,0.9601,30
C0464,74.788,5.01,0.1895,0.9495,40
C0464,74.195,5.026,0.1869,0.9395,50
C0464,73.379,5.026,0.1845,0.9272,60
C0464,74.94,5.017,0.1844,0.9251,70
C0464,73.88,5.023,0.1884,0.9465,80
C0464,74.181,5.026,0.1898,0.9538,90
C0464,73.606,5.016,0.1962,0.9843,100
C0465,75.616,5.046,0.2016,1.0173,10
C0465,74.487,5.033,0.2018,1.0156,20
C0465,74.234,5.044,0.1963,0.9903,30
C0465,75.6,5.045,0.196,0.9887,40
C0465,74.902,5.034,0.1958,0.9858,50
C0465,75.829,5.041,0.2021,1.0189,60
C0465,75.569,5.048,0.1959,0.9888,70
C0465,74.753,5.06,0.1997,1.0105,80
C0465,75.046,5.061,0.199,1.0072,90
C0465,74.278,5.039,0.1994,1.0049,100
C0466,74.068,4.97,0.2093,1.0402,10
C0466,74.03,4.974,0.2131,1.06,20
C0466,74.301,4.971,0.2019,1.0034,30
C0466,74.273,4.961,0.2074,1.029,40
C0466,74.984,4.962,0.2104,1.0437,50
C0466,75.179,4.971,0.2022,1.005,60
C0466,73.894,4.955,0.208,1.0307,70
C0466,73.534,4.969,0.1999,0.9934,80
C0466,74.755,4.963,0.2096,1.04,90
C0466,74.946,4.977,0.2101,1.0455,100
C0467,67.071,5.022,0.2052,1.0305,10
C0467,68.469,5.02,0.2086,1.0472,20
C0467,69.266,5.022,0.2048,1.0287,30
C0467,68.555,5.023,0.2084,1.047,40
C0467,68.297,5.029,0.214,1.076,50
C0467,67.913,5.03,0.2126,1.0695,60
C0467,68.414,5.038,0.2085,1.0506,70
C0467,67.998,5.013,0.2119,1.0623,80
C0467,69.09,5.041,0.2115,1.066,90
C0467,68.614,5.03,0.2091,1.0517,100
C0468,71.487,4.978,0.1845,0.9184,10
C0468,71.15,4.975,0.1798,0.8943,20
C0468,71.105,4.978,0.1798,0.8949,30
C0468,70.877,4.971,0.1846,0.9178,40
C0468,71.849,4.983,0.1777,0.8856,50
C0468,71.805,4.995,0.1747,0.8727,60
C0468,71.721,4.981,0.177,0.8814,70
C0468,71.598,4.986,0.1807,0.9008,80
C0468,71.793,4.971,0.1723,0.8564,90
C0468,71.279,5.004,0.1743,0.8723,100
C0469,78.818,5.094,0.2281,1.1621,10
C0469,79.153,5.099,0.2354,1.2003,20
C0469,82.678,5.118,0.2511,1.2851,30
C0469,84.961,5.142,0.2531,1.3013,40
C0469,85.656,5.177,0.2685,1.3899,50
C0469,87.672,5.188,0.2715,1.4087,60
C0469,89.75,5.208,0.2875,1.4976,70
C0469,92.054,5.221,0.2977,1.5545,80
C0469,92.29,5.228,0.2995,1.566,90
C0469,98.516,5.259,0.3141,1.652,100
C0470,73.827,5.035,0.1974,0.9937,10
C0470,74.421,5.076,0.1958,0.9941,20
C0470,74.187,5.071,0.1992,1.0101,30
C0470,72.54,5.063,0.2022,1.0237,40
C0470,73.342,5.058,0.1945,0.9839,50
C0470,72.368,5.071,0.1991,1.0098,60
C0470,74.869,5.069,0.1977,1.0023,70
C0470,73.86,5.066,0.203,1.0285,80
C0470,74.104,5.071,0.198,1.004,90
C0470,73.312,5.06,0.2,1.0118,100
C0471,71.503,4.978,0.1955,0.9731,10
C0471,72.147,4.995,0.1913,0.9554,20
C0471,72.48,4.987,0.1928,0.9615,30
C0471,71.395,4.983,0.1898,0.9456,40
C0471,71.541,4.985,0.1934,0.9642,50
C0471,70.705,4.982,0.2052,1.0224,60
C0471,71.165,4.973,0.1956,0.9727,70
C0471,72.534,4.963,0.1995,0.9901,80
C0471,71.31,4.976,0.1923,0.9572,90
C0471,71.443,4.97,0.1942,0.9653,100
C0472,67.104,5.006,0.1865,0.9338,10
C0472,69.059,5.009,0.1852,0.9279,20
C0472,67.732,5.02,0.1895,0.9516,30
C0472,67.554,5.006,0.1864,0.9331,40
C0472,68.094,5.013,0.1892,0.9482,50
C0472,68.187,5.003,0.1918,0.9596,60
C0472,68.861,5.006,0.1793,0.8976,70
C0472,68.508,5.012,0.1748,0.8762,80
C0472,68.453,5.001,0.1849,0.9249,90
C0472,67.757,5.004,0.1914,0.9577,100
C0473,72.832,5.003,0.2029,1.0152,10
C0473,70.51,5.002,0.195,0.9757,20
C0473,72.144,4.973,0.2097,1.0428,30
C0473,72.759,4.993,0.2086,1.0416,40
C0473,72.828,4.998,0.2045,1.022,50
C0473,72.279,4.984,0.2068,1.0305,60
C0473,72.466,4.979,0.2049,1.0204,70
C0473,72.533,5.013,0.204,1.0227,80
C0473,71.8,4.979,0.208,1.0354,90
C0473,72.47,4.988,0.2,0.9978,100
C0474,73.41,4.975,0.1999,0.9945,10
C0474,72.673,4.975,0.2035,1.0122,20
C0474,74.258,4.965,0.1997,0.9917,30
C0474,74.188,4.987,0.2029,1.0119,40
C0474,74.202,4.969,0.1967,0.9772,50
C0474,74.528,4.981,0.2057,1.0246,60
C0474,73.838,4.978,0.2064,1.0276,70
C0474,74.92,4.982,0.2031,1.0119,80
C0474,73.163,4.973,0.2039,1.014,90
C0474,74.373,4.985,0.2025,1.0094,100
C0475,71.736,4.986,0.1907,0.951,10
C0475,71.994,4.992,0.2009,1.0028,20
C0475,69.601,4.992,0.1984,0.9901,30
C0475,69.985,4.996,0.1914,0.9565,40
C0475,69.981,5.001,0.1954,0.9771,50
C0475,70.269,4.99,0.1968,0.982,60
C0475,70.98,4.991,0.1922,0.9595,70
C0475,70.124,4.981,0.1964,0.9784,80
C0475,70.632,4.992,0.1888,0.9426,90
C0475,71.18,4.988,0.1938,0.9667,100
C0476,73.448,5.027,0.2024,1.0174,10
C0476,74.581,5.018,0.1966,0.9863,20
C0476,73.315,5.02,0.2034,1.0211,30
C0476,72.548,5.016,0.2058,1.0322,40
C0476,73.284,5.025,0.2013,1.0117,50
C0476,74.002,5.008,0.1961,0.9821,60
C0476,73.441,5.001,0.1983,0.9914,70
C0476,73.58,5.034,0.201,1.0116,80
C0476,73.804,5.028,0.1955,0.9828,90
C0476,73.329,5.04,0.199,1.0031,100
C0477,73.147,5.057,0.1908,0.9647,10
C0477,72.545,5.061,0.1951,0.9873,20
C0477,71.828,5.07,0.1963,0.995,30
C0477,72.512,5.044,0.1961,0.9892,40
C0477,72.979,5.059,0.194,0.9813,50
C0477,73.41,5.06,0.1896,0.9592,60
C0477,72.326,5.055,0.2009,1.0153,70
C0477,72.591,5.055,0.1953,0.9871,80
C0477,72.43,5.059,0.1918,0.9702,90
C0477,73.431,5.042,0.2009,1.0132,100
C0478,70.992,4.996,0.1943,0.9709,10
C0478,71.003,5.015,0.1962,0.9838,20
C0478,71.643,5.023,0.1979,0.9943,30
C0478,72.779,4.999,0.1977,0.9882,40
C0478,71.208,5.02,0.1893,0.9504,50
C0478,70.665,5.009,0.2045,1.0244,60
C0478,71.667,4.997,0.1935,0.9669,70
C0478,72.535,5.004,0.1945,0.9734,80
C0478,72.418,5.021,0.2034,1.0211,90
C0478,70.961,4.995,0.1988,0.9932,100
C0479,71.746,5.025,0.1922,0.9658,10
C0479,71.151,5.041,0.1879,0.9474,20
C0479,70.578,5.043,0.1849,0.9323,30
C0479,71.891,5.026,0.1887,0.9486,40
C0479,71.434,5.03,0.1933,0.9723,50
C0479,71.43,5.032,0.189,0.9509,60
C0479,70.537,5.061,0.1834,0.9283,70
C0479,71.741,5.037,0.1925,0.9695,80
C0479,71.517,5.03,0.1803,0.9071,90
C0479,70.342,5.034,0.1933,0.9728,100
C0480,70.063,4.942,0.2088,1.0318,10
C0480,69.144,4.965,0.2054,1.02,20
C0480,69.432,4.951,0.2122,1.0507,30
C0480,69.362,4.953,0.2095,1.0375,40
C0480,70.713,4.954,0.2062,1.0213,50
C0480,69.842,4.956,0.2047,1.0145,60
C0480,70.831,4.954,0.2088,1.0346,70
C0480,69.588,4.975,0.2036,1.013,80
C0480,69.657,4.979,0.2108,1.0498,90
C0480,68.751,4.952,0.2112,1.0456,100
C0481,78.038,5.002,0.227,1.1355,10
C0481,77.837,5.037,0.2317,1.1672,20
C0481,81.555,5.044,0.2425,1.2229,30
C0481,81.548,5.082,0.2539,1.29,40
C0481,83.945,5.105,0.2654,1.3549,50
C0481,87.591,5.113,0.2657,1.3588,60
C0481,90.942,5.111,0.2828,1.4452,70
C0481,91.173,5.142,0.2888,1.4849,80
C0481,91.675,5.153,0.2921,1.5052,90
C0481,92.413,5.182,0.3104,1.6086,100
C0482,71.289,4.995,0.1995,0.9963,10
C0482,72.151,5.001,0.1972,0.9862,20
C0482,71.783,4.998,0.1973,0.9858,30
C0482,72.304,5.006,0.1978,0.9901,40
C0482,71.683,4.989,0.2089,1.042,50
C0482,71.623,4.997,0.2006,1.0023,60
C0482,72.517,5.008,0.1967,0.9851,70
C0482,72.444,5.003,0.1972,0.9868,80
C0482,72.448,5.013,0.1984,0.9946,90
C0482,72.291,5.013,0.2023,1.0143,100
C0483,72.289,4.993,0.2183,1.0897,10
C0483,72.084,4.981,0.2118,1.0551,20
C0483,72.325,4.995,0.2152,1.0746,30
C0483,71.204,4.996,0.2131,1.0648,40
C0483,72.246,4.98,0.2212,1.1018,50
C0483,72.035,4.984,0.216,1.0764,60
C0483,72.401,4.995,0.2094,1.0459,70
C0483,72.572,4.985,0.2133,1.0633,80
C0483,70.561,4.984,0.2115,1.054,90
C0483,72.157,4.983,0.2069,1.031,100
C0484,72.612,4.96,0.1921,0.9525,10
C0484,71.819,4.975,0.1899,0.945,20
C0484,72.517,4.955,0.1934,0.9584,30
C0484,72.64,4.946,0.1933,0.9558,40
C0484,73.08,4.977,0.1928,0.9594,50
C0484,72.391,4.982,0.1978,0.9855,60
C0484,71.995,4.953,0.1971,0.9764,70
C0484,71.759,4.97,0.1946,0.9674,80
C0484,72.676,4.957,0.1908,0.9456,90
C0484,73.243,4.957,0.1916,0.95,100
C0485,70.04,4.954,0.1993,0.9874,10
C0485,69.447,4.944,0.2046,1.0114,20
C0485,68.779,4.968,0.206,1.0234,30
C0485,70.296,4.964,0.203,1.0077,40
C0485,70.49,4.965,0.2094,1.0395,50
C0485,71.275,4.978,0.201,1.0004,60
C0485,70.81,4.968,0.2016,1.0014,70
C0485,69.823,4.96,0.1999,0.9914,80
C0485,69.521,4.968,0.2043,1.0149,90
C0485,70.372,4.973,0.2034,1.0112,100
C0486,74.53,5.021,0.1908,0.9582,10
C0486,72.846,5.026,0.186,0.9349,20
C0486,74.544,5.035,0.1946,0.9796,30
C0486,72.411,5.023,0.1955,0.9819,40
C0486,73.601,5.011,0.188,0.9423,50
C0486,72.974,5.015,0.1967,0.9867,60
C0486,72.093,5.028,0.1855,0.9325,70
C0486,72.669,5.001,0.1884,0.9424,80
C0486,74.152,5.024,0.1858,0.9336,90
C0486,73.856,5.034,0.191,0.9617,100
C0487,78.022,5.032,0.2205,1.1096,10
C0487,80.943,5.059,0.2338,1.1826,20
C0487,82.055,5.06,0.2347,1.1875,30
C0487,83.251,5.081,0.2467,1.2535,40
C0487,84.089,5.099,0.2625,1.3382,50
C0487,87.332,5.096,0.2664,1.3575,60
C0487,90.005,5.139,0.2743,1.4096,70
C0487,89.958,5.165,0.2862,1.4783,80
C0487,90.783,5.157,0.2968,1.5305,90
C0487,95.517,5.189,0.2997,1.5551,100
C0488,71.05,4.924,0.2034,1.0016,10
C0488,71.877,4.923,0.1955,0.9627,20
C0488,71.297,4.933,0.1986,0.9795,30
C0488,72.894,4.914,0.1978,0.9717,40
C0488,71.567,4.943,0.1993,0.9851,50
C0488,72.111,4.937,0.1942,0.9585,60
C0488,72.483,4.941,0.2016,0.9959,70
C0488,72.515,4.937,0.2038,1.0063,80
C0488,71.983,4.931,0.1979,0.9756,90
C0488,71.742,4.928,0.2044,1.0073,100
C0489,78.011,5.011,0.2258,1.1313,10
C0489,79.026,5.055,0.2367,1.1965,20
C0489,82.774,5.071,0.2425,1.2296,30
C0489,83.738,5.074,0.259,1.3142,40
C0489,86.192,5.105,0.2648,1.3516,50
C0489,86.338,5.132,0.2804,1.4392,60
C0489,90.095,5.136,0.287,1.4737,70
C0489,89.871,5.143,0.2951,1.5179,80
C0489,91.474,5.177,0.3025,1.5661,90
C0489,95.179,5.19,0.314,1.6297,100
C0490,79.96,5.106,0.2273,1.1606,10
C0490,83.246,5.111,0.2259,1.1543,20
C0490,81.616,5.128,0.237,1.2152,30
C0490,85.653,5.134,0.2524,1.2959,40
C0490,86.021,5.165,0.2599,1.3427,50
C0490,89.125,5.168,0.2686,1.3879,60
C0490,91.068,5.195,0.282,1.4649,70
C0490,91.003,5.216,0.2837,1.4799,80
C0490,93.967,5.233,0.3046,1.5939,90
C0490,97.065,5.237,0.3196,1.6737,100
C0491,72.244,4.984,0.2039,1.0163,10
C0491,72.836,4.97,0.201,0.999,20
C0491,73.345,4.958,0.205,1.0163,30
C0491,73.549,4.955,0.2025,1.0035,40
C0491,72.844,4.953,0.1957,0.9692,50
C0491,72.045,4.963,0.2028,1.0067,60
C0491,72.372,4.983,0.2053,1.0228,70
C0491,72.866,4.959,0.2014,0.999,80
C0491,73.255,4.973,0.2048,1.0184,90
C0491,72.412,4.958,0.1954,0.9691,100
C0492,72.938,4.995,0.1957,0.9777,10
C0492,73.168,4.998,0.2012,1.0056,20
C0492,72.624,5.001,0.1987,0.9937,30
C0492,72.212,5.006,0.1981,0.9916,40
C0492,72.891,5.005,0.1982,0.9918,50
C0492,72.07,5.025,0.1984,0.997,60
C0492,73.167,5.02,0.2037,1.0225,70
C0492,72.613,5.0,0.1972,0.9859,80
C0492,73.322,5.007,0.1985,0.9936,90
C0492,72.168,4.988,0.2045,1.0198,100
C0493,70.382,5.03,0.1922,0.9666,10
C0493,70.502,5.037,0.1952,0.9834,20
C0493,70.303,5.033,0.1912,0.9625,30
C0493,70.472,5.01,0.1916,0.9602,40
C0493,70.955,5.04,0.1889,0.9521,50
C0493,70.277,5.02,0.1782,0.8948,60
C0493,70.434,5.057,0.1953,0.9877,70
C0493,70.082,5.024,0.1881,0.9453,80
C0493,71.516,5.052,0.1906,0.9628,90
C0493,70.835,5.035,0.1902,0.9574,100
C0494,73.143,4.931,0.2162,1.066,10
C0494,72.281,4.955,0.2089,1.0352,20
C0494,72.124,4.926,0.2164,1.0662,30
C0494,72.139,4.945,0.2152,1.0638,40
C0494,71.972,4.95,0.2194,1.086,50
C0494,72.754,4.942,0.2153,1.0639,60
C0494,72.352,4.949,0.2089,1.0336,70
C0494,72.659,4.947,0.2178,1.0775,80
C0494,72.333,4.918,0.2158,1.0614,90
C0494,73.497,4.944,0.2163,1.0696,100
C0495,69.954,5.024,0.2052,1.0309,10
C0495,71.086,5.006,0.207,1.0363,20
C0495,69.476,4.999,0.1975,0.9875,30
C0495,69.692,5.003,0.2007,1.004,40
C0495,70.249,5.02,0.1938,0.9727,50
C0495,69.267,4.979,0.1965,0.9782,60
C0495,69.723,4.996,0.1953,0.9757,70
C0495,70.043,4.999,0.1963,0.9814,80
C0495,70.081,4.997,0.2045,1.0218,90
C0495,69.892,4.999,0.2009,1.0044,100
C0496,68.284,4.964,0.2033,1.0093,10
C0496,69.984,4.972,0.1968,0.9784,20
C0496,69.717,4.972,0.1991,0.9901,30
C0496,68.801,4.98,0.2081,1.0366,40
C0496,70.07,4.966,0.2067,1.0267,50
C0496,68.572,4.96,0.2101,1.0419,60
C0496,69.269,4.978,0.2082,1.0366,70
C0496,68.58,4.965,0.2067,1.0262,80
C0496,69.688,4.991,0.2097,1.0467,90
C0496,69.009,4.978,0.2066,1.0283,100
C0497,71.149,4.966,0.2106,1.0461,10
C0497,71.839,4.96,0.204,1.0117,20
C0497,71.55,4.971,0.1983,0.9856,30
C0497,72.35,4.971,0.199,0.9891,40
C0497,72.098,4.989,0.1998,0.9968,50
C0497,72.337,4.974,0.2046,1.0176,60
C0497,72.423,4.967,0.2036,1.0112,70
C0497,71.942,4.961,0.2048,1.0161,80
C0497,71.665,4.988,0.201,1.0023,90
C0497,71.09,4.981,0.2,0.9962,100
C0498,69.852,4.972,0.2054,1.0215,10
C0498,70.276,4.951,0.2106,1.0427,20
C0498,70.395,4.95,0.2011,0.9954,30
C0498,70.136,4.945,0.2084,1.0303,40
C0498,69.095,4.953,0.2067,1.0238,50
C0498,70.385,4.947,0.2069,1.0236,60
C0498,69.648,4.954,0.2069,1.0249,70
C0498,70.458,4.948,0.2091,1.0343,80
C0498,70.232,4.962,0.2104,1.0438,90
C0498,70.851,4.966,0.205,1.0181,100
C0499,72.89,5.01,0.2076,1.0403,10
C0499,72.958,5.03,0.2091,1.0518,20
C0499,72.559,5.014,0.2124,1.0652,30
C0499,72.478,5.026,0.2086,1.0483,40
C0499,72.393,5.022,0.208,1.0447,50
C0499,73.328,5.009,0.203,1.017,60
C0499,72.724,5.013,0.2013,1.009,70
C0499,72.863,5.038,0.2041,1.028,80
C0499,71.177,5.013,0.2065,1.0352,90
C0499,73.403,5.021,0.2126,1.0676,100
C0500,72.812,5.066,0.202,1.0232,10
C0500,73.236,5.057,0.2003,1.013,20
C0500,72.779,5.044,0.2032,1.0252,30
C0500,71.887,5.041,0.2046,1.0314,40
C0500,72.776,5.059,0.2048,1.0358,50
C0500,73.043,5.038,0.1979,0.9972,60
C0500,74.681,5.062,0.1996,1.0104,70
C0500,72.718,5.045,0.2001,1.0093,80
C0500,72.337,5.044,0.2044,1.031,90
C0500,72.003,5.052,0.2046,1.0336,100
C0501,74.346,4.983,0.1922,0.9578,10
C0501,74.563,4.993,0.1958,0.9774,20
C0501,73.917,4.983,0.2016,1.0048,30
C0501,73.82,5.008,0.1933,0.968,40
C0501,74.123,4.996,0.2024,1.011,50
C0501,74.993,4.978,0.1965,0.9782,60
C0501,73.951,4.981,0.2,0.9964,70
C0501,73.948,4.967,0.2032,1.0092,80
C0501,74.357,4.992,0.1973,0.9847,90
C0501,74.791,5.008,0.1939,0.9711,100
C0502,72.676,5.004,0.2046,1.0238,10
C0502,70.597,5.01,0.197,0.9869,20
C0502,71.0,5.036,0.206,1.0374,30
C0502,71.686,5.016,0.2036,1.0214,40
C0502,71.068,5.019,0.1983,0.9951,50
C0502,70.407,5.026,0.1962,0.9861,60
C0502,70.216,5.031,0.2016,1.0143,70
C0502,70.721,5.04,0.1981,0.9982,80
C0502,70.651,5.032,0.1986,0.9993,90
C0502,70.884,5.001,0.1992,0.996,100
C0503,71.012,4.966,0.1854,0.9205,10
C0503,72.03,4.965,0.1881,0.9339,20
C0503,72.257,4.967,0.1861,0.9243,30
C0503,70.962,4.966,0.1935,0.961,40
C0503,72.057,4.997,0.1851,0.9249,50
C0503,72.659,4.968,0.186,0.9243,60
C0503,73.388,4.967,0.1944,0.9656,70
C0503,71.735,4.965,0.1823,0.9052,80
C0503,71.818,4.964,0.1869,0.9276,90
C0503,70.612,4.979,0.1819,0.9055,100
C0504,77.66,5.065,0.2341,1.1859,10
C0504,78.673,5.092,0.2497,1.2716,20
C0504,79.154,5.112,0.2491,1.2732,30
C0504,82.667,5.125,0.2619,1.3423,40
C0504,83.273,5.13,0.2776,1.4238,50
C0504,87.421,5.147,0.279,1.4359,60
C0504,87.456,5.176,0.2887,1.4947,70
C0504,90.562,5.218,0.2969,1.5492,80
C0504,91.491,5.204,0.3182,1.6559,90
C0504,93.326,5.223,0.3297,1.7219,100
C0505,72.054,4.922,0.1964,0.9665,10
C0505,73.129,4.936,0.2001,0.9875,20
C0505,72.366,4.937,0.1975,0.9751,30
C0505,73.203,4.94,0.199,0.9829,40
C0505,72.153,4.936,0.1993,0.9836,50
C0505,72.705,4.928,0.1957,0.9645,60
C0505,72.827,4.924,0.1973,0.9717,70
C0505,72.986,4.937,0.1937,0.9563,80
C0505,72.813,4.953,0.201,0.9957,90
C0505,72.469,4.946,0.2071,1.0244,100
C0506,72.78,5.021,0.1976,0.9919,10
C0506,74.168,5.003,0.2098,1.0495,20
C0506,73.513,5.007,0.208,1.0414,30
C0506,73.78,5.0,0.2099,1.0496,40
C0506,72.644,5.004,0.2091,1.0463,50
C0506,73.892,5.008,0.2042,1.0226,60
C0506,73.833,4.997,0.2128,1.0632,70
C0506,73.244,4.988,0.201,1.0026,80
C0506,73.321,5.005,0.2136,1.0693,90
C0506,72.672,5.004,0.2015,1.0084,100
C0507,72.677,4.971,0.2097,1.0424,10
C0507,73.8,4.991,0.2235,1.1155,20
C0507,73.853,4.968,0.2155,1.0705,30
C0507,72.978,4.96,0.2143,1.0628,40
C0507,73.717,4.963,0.2063,1.0242,50
C0507,72.42,4.98,0.2086,1.0388,60
C0507,72.889,4.968,0.2165,1.0756,70
C0507,73.313,4.976,0.2149,1.0692,80
C0507,72.605,4.981,0.2084,1.0381,90
C0507,73.641,4.984,0.2248,1.1204,100
C0508,71.531,5.003,0.2092,1.0468,10
C0508,71.066,4.981,0.2017,1.0047,20
C0508,70.506,4.998,0.2033,1.0159,30
C0508,71.318,5.003,0.2072,1.0368,40
C0508,70.115,5.003,0.1976,0.9884,50
C0508,70.771,5.004,0.209,1.046,60
C0508,69.93,5.006,0.2039,1.0207,70
C0508,70.381,5.011,0.2161,1.0829,80
C0508,70.9,4.995,0.2088,1.0431,90
C0508,71.432,5.01,0.219,1.0973,100
C0509,78.048,5.064,0.2358,1.194,10
C0509,78.573,5.078,0.2361,1.199,20
C0509,81.878,5.103,0.2481,1.266,30
C0509,84.465,5.103,0.255,1.3015,40
C0509,84.572,5.129,0.2639,1.3538,50
C0509,88.065,5.135,0.2709,1.3913,60
C0509,89.367,5.156,0.2886,1.4879,70
C0509,91.43,5.191,0.2978,1.5456,80
C0509,92.664,5.21,0.3057,1.5929,90
C0509,94.927,5.234,0.3239,1.6954,100
C0510,72.34,4.968,0.2036,1.0117,10
C0510,72.906,4.974,0.2141,1.0647,20
C0510,73.28,4.996,0.2081,1.0399,30
C0510,72.721,4.971,0.2116,1.052,40
C0510,72.794,4.989,0.2144,1.0695,50
C0510,72.203,4.982,0.2089,1.0409,60
C0510,72.005,4.981,0.2096,1.0441,70
C0510,72.371,4.996,0.2016,1.0072,80
C0510,73.24,4.99,0.2054,1.0247,90
C0510,72.011,4.962,0.2045,1.0145,100
C0511,72.385,5.031,0.2001,1.0066,10
C0511,71.739,5.053,0.1961,0.9907,20
C0511,71.56,5.053,0.195,0.9853,30
C0511,72.013,5.032,0.201,1.0116,40
C0511,72.663,5.031,0.1995,1.0037,50
C0511,72.269,5.039,0.2034,1.0251,60
C0511,72.796,5.029,0.2022,1.0167,70
C0511,72.189,5.04,0.1964,0.9899,80
C0511,70.996,5.041,0.1986,1.0008,90
C0511,73.082,5.031,0.1909,0.9604,100
C0512,70.583,5.008,0.2138,1.0704,10
C0512,70.14,4.985,0.2046,1.0197,20
C0512,70.349,5.013,0.215,1.0777,30
C0512,70.605,5.016,0.2149,1.078,40
C0512,70.158,4.992,0.2217,1.1066,50
C0512,70.547,4.991,0.2089,1.0426,60
C0512,70.983,4.99,0.221,1.1028,70
C0512,68.577,5.015,0.2155,1.0808,80
C0512,70.302,4.999,0.2212,1.1054,90
C0512,70.655,4.991,0.2067,1.0318,100
C0513,72.101,5.013,0.1939,0.9719,10
C0513,72.341,5.02,0.2053,1.0309,20
C0513,73.104,5.016,0.2056,1.0315,30
C0513,72.007,4.998,0.2038,1.0186,40
C0513,72.44,5.012,0.1997,1.0011,50
C0513,72.283,5.009,0.2017,1.0105,60
C0513,71.443,5.004,0.1947,0.9743,70
C0513,73.343,5.013,0.2048,1.0267,80
C0513,71.338,5.011,0.2022,1.013,90
C0513,72.879,5.006,0.1984,0.9931,100
C0514,70.359,5.083,0.1851,0.9406,10
C0514,70.388,5.076,0.1855,0.9413,20
C0514,70.603,5.066,0.1826,0.925,30
C0514,70.202,5.063,0.1812,0.9173,40
C0514,70.818,5.067,0.1886,0.956,50
C0514,71.489,5.06,0.1872,0.9474,60
C0514,71.108,5.067,0.1833,0.9289,70
C0514,70.195,5.069,0.1784,0.9043,80
C0514,70.651,5.038,0.1799,0.9063,90
C0514,70.286,5.075,0.188,0.954,100
C0515,71.548,4.988,0.1999,0.9974,10
C0515,72.216,4.985,0.2026,1.0102,20
C0515,72.392,4.993,0.1984,0.9907,30
C0515,72.391,4.996,0.2002,1.0004,40
C0515,73.032,5.0,0.1879,0.9397,50
C0515,71.787,4.984,0.1931,0.9625,60
C0515,72.058,4.998,0.1967,0.9832,70
C0515,72.408,4.987,0.1947,0.9709,80
C0515,72.345,5.003,0.1892,0.9467,90
C0515,73.255,5.012,0.2013,1.0092,100
C0516,70.066,4.976,0.1932,0.9614,10
C0516,70.446,4.965,0.1972,0.9794,20
C0516,69.766,4.982,0.1953,0.9732,30
C0516,70.689,4.991,0.2044,1.0202,40
C0516,68.998,4.972,0.1968,0.9786,50
C0516,70.791,4.964,0.1941,0.9636,60
C0516,70.593,4.981,0.1996,0.994,70
C0516,70.781,4.984,0.1988,0.9909,80
C0516,70.549,4.987,0.1891,0.943,90
C0516,71.442,4.958,0.1937,0.9606,100
C0517,73.998,5.004,0.1987,0.9945,10
C0517,72.84,5.001,0.1988,0.9944,20
C0517,73.149,4.985,0.1971,0.9825,30
C0517,73.904,4.975,0.2004,0.997,40
C0517,73.59,4.983,0.2063,1.0281,50
C0517,73.979,4.984,0.1996,0.9947,60
C0517,73.977,4.989,0.2056,1.0258,70
C0517,73.78,4.991,0.201,1.0031,80
C0517,75.329,4.978,0.1956,0.9738,90
C0517,73.295,5.003,0.1901,0.9512,100
C0518,69.689,4.966,0.2012,0.999,10
C0518,68.621,4.98,0.2015,1.0035,20
C0518,69.773,4.969,0.2026,1.0065,30
C0518,68.62,4.96,0.2046,1.0151,40
C0518,70.08,4.954,0.2002,0.992,50
C0518,68.886,4.958,0.2004,0.9936,60
C0518,69.829,4.97,0.198,0.9839,70
C0518,69.453,4.962,0.2009,0.9968,80
C0518,69.982,4.945,0.2024,1.001,90
C0518,68.221,4.978,0.1967,0.9791,100
C0519,72.432,4.982,0.1897,0.9451,10
C0519,70.774,4.984,0.1997,0.9955,20
C0519,71.328,5.0,0.1946,0.9732,30
C0519,71.054,4.977,0.1999,0.9948,40
C0519,71.757,4.998,0.1972,0.9857,50
C0519,70.736,4.99,0.1978,0.9873,60
C0519,71.729,4.989,0.2014,1.0048,70
C0519,71.482,5.001,0.1943,0.9716,80
C0519,70.939,4.997,0.1964,0.9816,90
C0519,71.37,4.979,0.1975,0.9836,100
C0520,71.003,4.958,0.211,1.0462,10
C0520,70.456,4.973,0.2072,1.0302,20
C0520,69.777,4.956,0.2065,1.0235,30
C0520,71.631,4.975,0.2147,1.0683,40
C0520,71.802,4.96,0.2075,1.0292,50
C0520,70.563,4.959,0.2009,0.9962,60
C0520,70.801,4.953,0.2081,1.0307,70
C0520,72.079,4.96,0.209,1.0369,80
C0520,71.354,4.968,0.2094,1.0405,90
C0520,70.592,4.963,0.2044,1.0145,100
C0521,70.324,5.025,0.1929,0.9695,10
C0521,69.089,5.011,0.1877,0.9405,20
C0521,70.116,5.043,0.1911,0.9638,30
C0521,68.688,5.012,0.1831,0.9179,40
C0521,69.4,5.019,0.1885,0.9463,50
C0521,68.833,5.01,0.1895,0.9492,60
C0521,69.768,5.01,0.191,0.9568,70
C0521,70.045,4.998,0.1954,0.9767,80
C0521,69.899,5.031,0.185,0.9308,90
C0521,69.95,5.031,0.1865,0.9382,100
C0522,78.956,5.076,0.2194,1.1136,10
C0522,80.387,5.11,0.2266,1.1581,20
C0522,82.905,5.102,0.2402,1.2258,30
C0522,84.518,5.136,0.2547,1.3083,40
C0522,85.502,5.159,0.2657,1.3708,50
C0522,89.104,5.168,0.2707,1.3988,60
C0522,90.486,5.181,0.2796,1.4487,70
C0522,90.413,5.203,0.2974,1.5473,80
C0522,93.053,5.241,0.2991,1.5674,90
C0522,94.798,5.235,0.3125,1.636,100
C0523,70.178,5.006,0.21,1.0514,10
C0523,70.595,4.984,0.1951,0.9725,20
C0523,70.928,5.006,0.2059,1.0308,30
C0523,71.036,4.99,0.2019,1.0076,40
C0523,70.996,5.012,0.2041,1.0231,50
C0523,69.883,5.008,0.2054,1.0285,60
C0523,70.107,4.985,0.2075,1.0341,70
C0523,70.371,5.006,0.2058,1.0302,80
C0523,70.054,5.009,0.2017,1.0104,90
C0523,69.845,4.988,0.2052,1.0234,100
C0524,74.737,5.092,0.2063,1.0503,10
C0524,74.698,5.076,0.2032,1.0316,20
C0524,73.901,5.079,0.1967,0.9992,30
C0524,73.323,5.078,0.2062,1.0472,40
C0524,74.947,5.077,0.2081,1.0567,50
C0524,74.05,5.059,0.1924,0.9734,60
C0524,73.682,5.086,0.1986,1.0101,70
C0524,74.668,5.094,0.1968,1.0023,80
C0524,74.678,5.083,0.1977,1.005,90
C0524,75.204,5.075,0.1996,1.013,100
C0525,72.667,4.988,0.2133,1.0639,10
C0525,71.448,4.971,0.2078,1.0332,20
C0525,71.95,4.987,0.2047,1.021,30
C0525,71.754,4.972,0.2054,1.0212,40
C0525,72.227,4.973,0.2151,1.0695,50
C0525,71.939,4.981,0.2111,1.0514,60
C0525,70.615,4.962,0.2122,1.0527,70
C0525,72.307,4.975,0.216,1.0745,80
C0525,72.41,4.992,0.2008,1.0023,90
C0525,73.145,4.97,0.2107,1.0474,100
C0526,73.678,4.973,0.1985,0.9872,10
C0526,74.316,4.977,0.197,0.9803,20
C0526,74.03,4.958,0.1929,0.9566,30
C0526,74.317,4.978,0.1988,0.9897,40
C0526,73.472,4.978,0.1913,0.9523,50
C0526,74.427,4.967,0.2027,1.0066,60
C0526,72.867,4.987,0.1945,0.9699,70
C0526,73.552,4.971,0.1932,0.9602,80
C0526,73.737,4.962,0.1931,0.9583,90
C0526,74.072,4.96,0.1929,0.9567,100
C0527,71.915,4.966,0.2031,1.0084,10
C0527,71.473,4.963,0.2098,1.0414,20
C0527,70.46,4.955,0.2087,1.0339,30
C0527,71.015,4.973,0.2023,1.0061,40
C0527,71.287,4.969,0.1996,0.9919,50
C0527,71.025,4.944,0.2116,1.0462,60
C0527,70.236,4.962,0.2057,1.0208,70
C0527,70.449,4.982,0.203,1.0113,80
C0527,70.865,4.957,0.203,1.006,90
C0527,70.961,4.971,0.2064,1.0259,100
C0528,70.502,4.941,0.2068,1.0218,10
C0528,70.664,4.944,0.1985,0.9816,20
C0528,70.283,4.948,0.2019,0.9988,30
C0528,70.865,4.937,0.2009,0.9918,40
C0528,70.821,4.917,0.1987,0.9771,50
C0528,71.236,4.929,0.2034,1.0026,60
C0528,71.092,4.922,0.1945,0.9573,70
C0528,70.768,4.925,0.2011,0.9906,80
C0528,70.431,4.924,0.204,1.0046,90
C0528,70.951,4.923,0.1999,0.984,100
C0529,72.354,4.993,0.2055,1.0262,10
C0529,71.563,5.008,0.2059,1.0312,20
C0529,71.314,4.999,0.2053,1.0265,30
C0529,71.841,5.008,0.2087,1.0454,40
C0529,71.309,5.013,0.1982,0.9934,50
C0529,72.797,5.007,0.2025,1.014,60
C0529,71.292,4.999,0.1998,0.9989,70
C0529,71.476,5.01,0.2054,1.0289,80
C0529,71.431,5.008,0.1997,1.0,90
C0529,71.159,5.01,0.2023,1.0138,100
C0530,71.372,5.038,0.2052,1.0339,10
C0530,73.493,5.038,0.2072,1.0436,20
C0530,72.293,5.03,0.2125,1.0692,30
C0530,73.063,5.022,0.2178,1.0937,40
C0530,73.402,5.024,0.2107,1.0588,50
C0530,73.465,5.046,0.2091,1.055,60
C0530,72.927,5.063,0.2109,1.0677,70
C0530,72.059,5.035,0.2114,1.0645,80
C0530,72.124,5.038,0.2054,1.0349,90
C0530,72.039,5.041,0.2034,1.0254,100
C0531,69.004,5.041,0.1973,0.9946,10
C0531,69.014,5.056,0.1926,0.974,20
C0531,69.459,5.048,0.1961,0.9898,30
C0531,69.448,5.07,0.199,1.009,40
C0531,69.225,5.056,0.197,0.9961,50
C0531,69.631,5.048,0.1994,1.0066,60
C0531,68.609,5.06,0.1979,1.0017,70
C0531,68.768,5.04,0.1947,0.9815,80
C0531,67.593,5.054,0.1908,0.9642,90
C0531,71.039,5.066,0.1961,0.9934,100
C0532,74.658,5.019,0.2031,1.0196,10
C0532,73.444,5.05,0.2074,1.0471,20
C0532,75.707,5.028,0.2019,1.0152,30
C0532,73.913,5.047,0.2033,1.0261,40
C0532,74.073,5.034,0.205,1.0317,50
C0532,73.607,5.031,0.2041,1.0268,60
C0532,73.994,5.042,0.2118,1.0681,70
C0532,73.494,5.029,0.2015,1.0133,80
C0532,74.111,5.027,0.2058,1.0344,90
C0532,74.661,5.008,0.2068,1.0354,100
C0533,74.247,4.975,0.1979,0.9845,10
C0533,73.469,4.963,0.196,0.9726,20
C0533,73.672,4.977,0.1944,0.9674,30
C0533,73.639,4.952,0.199,0.9853,40
C0533,74.017,4.946,0.1973,0.9755,50
C0533,73.583,4.976,0.195,0.9706,60
C0533,73.341,4.986,0.2018,1.0059,70
C0533,73.712,4.972,0.1936,0.9628,80
C0533,72.799,4.982,0.1923,0.9578,90
C0533,74.587,4.975,0.1966,0.9782,100
C0534,71.88,5.022,0.2179,1.0945,10
C0534,72.38,4.988,0.2182,1.0882,20
C0534,71.862,5.004,0.2085,1.0434,30
C0534,71.935,5.009,0.2092,1.048,40
C0534,71.055,5.013,0.2179,1.0925,50
C0534,72.053,5.02,0.2141,1.0748,60
C0534,71.906,4.999,0.2082,1.0409,70
C0534,73.051,5.02,0.2089,1.0485,80
C0534,72.032,5.008,0.2133,1.0683,90
C0534,71.693,5.012,0.2177,1.0912,100
C0535,74.737,4.939,0.2036,1.0057,10
C0535,74.568,4.944,0.21,1.0382,20
C0535,76.127,4.944,0.2038,1.0075,30
C0535,74.641,4.959,0.2084,1.0337,40
C0535,75.23,4.951,0.2097,1.038,50
C0535,75.792,4.939,0.2053,1.0138,60
C0535,74.294,4.952,0.2096,1.0382,70
C0535,75.266,4.948,0.2086,1.0324,80
C0535,75.037,4.966,0.2048,1.0169,90
C0535,74.287,4.949,0.2176,1.0767,100
C0536,70.214,5.03,0.2075,1.0438,10
C0536,70.573,5.018,0.1992,0.9995,20
C0536,71.904,5.024,0.1976,0.9926,30
C0536,69.705,5.005,0.2014,1.0079,40
C0536,70.785,5.019,0.1999,1.0032,50
C0536,69.69,5.024,0.2019,1.0142,60
C0536,70.071,5.04,0.1966,0.9908,70
C0536,70.563,5.032,0.1996,1.0044,80
C0536,70.279,5.009,0.2054,1.0286,90
C0536,70.291,5.029,0.2026,1.0189,100
C0537,72.313,4.982,0.2114,1.0534,10
C0537,72.076,5.004,0.2088,1.0451,20
C0537,70.982,4.989,0.2096,1.0457,30
C0537,71.757,4.982,0.203,1.0114,40
C0537,71.846,4.979,0.2081,1.0362,50
C0537,71.451,4.982,0.2104,1.0483,60
C0537,71.672,4.994,0.2124,1.0607,70
C0537,71.646,4.972,0.2117,1.0525,80
C0537,71.501,4.981,0.2041,1.0165,90
C0537,71.938,5.008,0.2073,1.0384,100
C0538,72.7,5.003,0.2157,1.0791,10
C0538,73.138,4.988,0.212,1.0577,20
C0538,73.841,5.004,0.2007,1.0041,30
C0538,73.167,5.002,0.2043,1.022,40
C0538,71.926,5.014,0.2087,1.0464,50
C0538,72.389,5.004,0.2091,1.0461,60
C0538,72.994,5.002,0.2068,1.0346,70
C0538,72.627,5.009,0.2118,1.0608,80
C0538,72.885,5.024,0.2146,1.0778,90
C0538,73.445,5.003,0.2125,1.0631,100
C0539,72.385,4.993,0.197,0.9838,10
C0539,72.493,4.998,0.2103,1.051,20
C0539,72.784,4.988,0.1988,0.9919,30
C0539,72.657,4.988,0.2006,1.0007,40
C0539,72.047,4.992,0.2058,1.0276,50
C0539,71.302,5.008,0.2021,1.0121,60
C0539,72.116,5.004,0.2021,1.0112,70
C0539,71.868,4.98,0.2057,1.0243,80
C0539,72.952,4.991,0.2082,1.0391,90
C0539,72.518,5.009,0.1991,0.9971,100
C0540,70.465,4.998,0.1958,0.9787,10
C0540,70.618,4.991,0.201,1.0034,20
C0540,70.267,4.99,0.1958,0.977,30
C0540,70.283,4.983,0.1938,0.9655,40
C0540,70.846,4.98,0.196,0.9762,50
C0540,70.99,4.987,0.2006,1.0005,60
C0540,70.026,4.98,0.1909,0.9508,70
C0540,71.168,4.98,0.2003,0.9973,80
C0540,69.78,5.004,0.2061,1.0314,90
C0540,69.368,4.98,0.2004,0.9979,100
C0541,70.504,5.011,0.1909,0.9564,10
C0541,69.454,5.008,0.1869,0.9363,20
C0541,70.973,5.018,0.1943,0.975,30
C0541,71.504,5.02,0.1845,0.926,40
C0541,71.183,5.008,0.1868,0.9353,50
C0541,69.583,5.033,0.1927,0.9697,60
C0541,71.575,5.019,0.1871,0.9389,70
C0541,70.289,5.01,0.1961,0.9824,80
C0541,72.63,5.016,0.1927,0.9668,90
C0541,70.511,5.028,0.1946,0.9785,100
C0542,70.463,5.046,0.1973,0.9956,10
C0542,70.962,5.034,0.1941,0.9771,20
C0542,69.919,5.041,0.1973,0.9948,30
C0542,69.293,5.053,0.19,0.9599,40
C0542,70.101,5.054,0.1959,0.9898,50
C0542,70.489,5.03,0.1904,0.9575,60
C0542,70.85,5.036,0.1926,0.9697,70
C0542,70.864,5.031,0.1956,0.9842,80
C0542,70.311,5.042,0.1925,0.9703,90
C0542,69.937,5.031,0.1965,0.9884,100
C0543,70.782,4.98,0.1877,0.935,10
C0543,71.106,4.992,0.2001,0.9988,20
C0543,70.617,4.969,0.1965,0.9765,30
C0543,71.434,4.999,0.1992,0.9956,40
C0543,71.768,4.978,0.1995,0.9929,50
C0543,70.68,4.996,0.1943,0.9707,60
C0543,70.293,4.999,0.1914,0.9571,70
C0543,71.992,4.98,0.1893,0.9425,80
C0543,70.479,5.003,0.187,0.9355,90
C0543,71.425,5.006,0.1926,0.9641,100
C0544,72.348,5.064,0.22,1.1141,10
C0544,70.931,5.051,0.2192,1.1071,20
C0544,72.701,5.077,0.2244,1.1391,30
C0544,70.834,5.068,0.2204,1.117,40
C0544,70.119,5.062,0.218,1.1035,50
C0544,70.926,5.056,0.2194,1.1093,60
C0544,71.39,5.058,0.2139,1.0818,70
C0544,72.323,5.049,0.2176,1.0985,80
C0544,71.213,5.058,0.2272,1.1492,90
C0544,71.572,5.064,0.2225,1.1267,100
C0545,70.637,5.069,0.2008,1.0176,10
C0545,72.128,5.034,0.2094,1.0538,20
C0545,71.334,5.04,0.1945,0.9801,30
C0545,72.029,5.041,0.1944,0.98,40
C0545,71.769,5.045,0.1996,1.0069,50
C0545,70.717,5.047,0.1955,0.9867,60
C0545,72.343,5.039,0.2043,1.0293,70
C0545,71.818,5.045,0.2057,1.0376,80
C0545,71.321,5.033,0.2028,1.0207,90
C0545,71.021,5.036,0.1943,0.9783,100
C0546,72.564,4.976,0.1919,0.9548,10
C0546,72.965,4.984,0.1971,0.9824,20
C0546,73.698,4.991,0.1855,0.9259,30
C0546,75.026,4.982,0.1884,0.9386,40
C0546,74.518,4.986,0.1895,0.9448,50
C0546,73.559,4.985,0.1908,0.9511,60
C0546,74.059,4.981,0.1862,0.9277,70
C0546,73.362,4.974,0.1829,0.9099,80
C0546,73.906,4.997,0.1928,0.9634,90
C0546,72.299,4.985,0.1849,0.9217,100
C0547,74.209,5.054,0.227,1.1471,10
C0547,76.203,5.06,0.233,1.179,20
C0547,80.916,5.083,0.2428,1.2343,30
C0547,81.278,5.109,0.2574,1.3152,40
C0547,84.608,5.127,0.2645,1.3562,50
C0547,85.971,5.141,0.2757,1.4175,60
C0547,88.455,5.167,0.2841,1.4683,70
C0547,89.66,5.18,0.2913,1.509,80
C0547,91.208,5.207,0.3014,1.5697,90
C0547,92.111,5.219,0.3146,1.6419,100
C0548,73.433,4.978,0.1917,0.9544,10
C0548,74.101,5.002,0.1889,0.9448,20
C0548,73.113,4.986,0.1949,0.9718,30
C0548,74.502,4.996,0.1867,0.9327,40
C0548,74.462,4.987,0.1897,0.946,50
C0548,74.452,4.986,0.1921,0.9577,60
C0548,73.953,4.994,0.1848,0.9228,70
C0548,73.206,4.997,0.1831,0.9148,80
C0548,73.719,5.0,0.1927,0.9635,90
C0548,72.802,5.008,0.1955,0.9792,100
C0549,70.268,5.053,0.2016,1.0185,10
C0549,70.8,5.042,0.2058,1.0377,20
C0549,70.773,5.072,0.2071,1.0504,30
C0549,70.431,5.067,0.1979,1.0029,40
C0549,70.21,5.074,0.1973,1.001,50
C0549,70.608,5.049,0.1976,0.9978,60
C0549,70.187,5.073,0.2023,1.0262,70
C0549,70.996,5.04,0.2004,1.01,80
C0549,70.261,5.063,0.2099,1.0626,90
C0549,69.056,5.062,0.2091,1.0583,100
C0550,71.27,5.043,0.2074,1.0457,10
C0550,70.403,5.024,0.2019,1.0141,20
C0550,71.294,5.03,0.204,1.0261,30
C0550,71.833,5.049,0.2046,1.033,40
C0550,70.724,5.03,0.202,1.016,50
C0550,71.544,5.036,0.2105,1.0599,60
C0550,70.958,5.036,0.2117,1.066,70
C0550,70.884,5.033,0.1985,0.9991,80
C0550,71.285,5.024,0.2065,1.0373,90
C0550,71.324,5.022,0.2056,1.0328,100
C0551,74.745,5.038,0.2032,1.0239,10
C0551,74.854,5.051,0.2038,1.0293,20
C0551,74.303,5.028,0.2058,1.035,30
C0551,74.181,5.036,0.2001,1.0078,40
C0551,74.132,5.043,0.2014,1.0155,50
C0551,74.492,5.06,0.1922,0.9724,60
C0551,74.357,5.034,0.1964,0.9889,70
C0551,76.23,5.062,0.1991,1.008,80
C0551,75.636,5.046,0.2085,1.052,90
C0551,74.81,5.044,0.2075,1.0465,100
C0552,75.047,4.931,0.2053,1.0121,10
C0552,74.403,4.944,0.2063,1.0198,20
C0552,73.64,4.939,0.2053,1.0139,30
C0552,73.899,4.932,0.2054,1.0127,40
C0552,74.816,4.939,0.2007,0.9911,50
C0552,73.784,4.936,0.2003,0.9886,60
C0552,73.958,4.936,0.2031,1.0027,70
C0552,73.966,4.928,0.1987,0.979,80
C0552,74.277,4.924,0.2017,0.9932,90
C0552,72.794,4.939,0.2073,1.0239,100
C0553,70.113,5.022,0.202,1.0143,10
C0553,69.637,5.005,0.2031,1.0164,20
C0553,69.068,5.0,0.2027,1.0133,30
C0553,70.084,5.004,0.21,1.051,40
C0553,68.551,4.973,0.2012,1.0007,50
C0553,68.589,4.987,0.2083,1.0386,60
C0553,68.288,5.007,0.2111,1.0572,70
C0553,68.4,4.999,0.2085,1.0423,80
C0553,68.841,5.005,0.2056,1.0291,90
C0553,69.194,4.997,0.1999,0.9992,100
C0554,71.309,5.03,0.2083,1.0479,10
C0554,69.433,5.034,0.2151,1.0828,20
C0554,69.955,5.029,0.2083,1.0475,30
C0554,71.259,5.014,0.2175,1.0908,40
C0554,70.83,5.037,0.2078,1.0467,50
C0554,70.601,5.01,0.213,1.0671,60
C0554,70.897,5.043,0.2116,1.067,70
C0554,70.792,5.015,0.2118,1.0621,80
C0554,70.13,5.021,0.2103,1.056,90
C0554,70.146,5.02,0.2081,1.0448,100
C0555,71.396,5.002,0.2095,1.048,10
C0555,70.666,5.004,0.2025,1.0131,20
C0555,71.973,5.012,0.2037,1.021,30
C0555,71.66,5.008,0.2069,1.0362,40
C0555,72.042,4.993,0.2008,1.0028,50
C0555,70.606,4.994,0.2026,1.0116,60
C0555,71.201,5.001,0.205,1.0251,70
C0555,71.248,5.0,0.2062,1.031,80
C0555,70.808,5.006,0.2005,1.0034,90
C0555,72.151,4.998,0.2032,1.0153,100
C0556,68.462,5.032,0.2068,1.0404,10
C0556,69.16,5.017,0.2083,1.0452,20
C0556,68.732,5.047,0.206,1.0397,30
C0556,68.581,5.021,0.2044,1.0264,40
C0556,70.763,5.017,0.2051,1.0289,50
C0556,68.993,5.031,0.2035,1.0236,60
C0556,68.632,5.024,0.2044,1.0266,70
C0556,68.96,5.02,0.2103,1.0557,80
C0556,69.124,5.015,0.2037,1.0215,90
C0556,69.348,5.012,0.2121,1.0629,100
C0557,81.018,5.054,0.2157,1.0902,10
C0557,81.4,5.098,0.2206,1.1245,20
C0557,84.096,5.13,0.2315,1.1875,30
C0557,85.056,5.139,0.2425,1.2463,40
C0557,85.886,5.159,0.2518,1.299,50
C0557,88.641,5.168,0.2648,1.3686,60
C0557,90.263,5.178,0.2761,1.4296,70
C0557,92.686,5.193,0.286,1.4855,80
C0557,92.616,5.225,0.2944,1.5382,90
C0557,96.407,5.226,0.3074,1.6066,100
C0558,69.269,5.029,0.2004,1.0078,10
C0558,69.796,5.03,0.1993,1.0026,20
C0558,70.826,5.014,0.2078,1.0419,30
C0558,69.005,5.023,0.1973,0.9909,40
C0558,70.262,5.013,0.201,1.0076,50
C0558,69.2,5.027,0.1972,0.9914,60
C0558,70.6,5.008,0.1944,0.9738,70
C0558,70.161,5.012,0.1998,1.0014,80
C0558,69.397,5.005,0.1995,0.9986,90
C0558,70.349,5.028,0.2008,1.0094,100
C0559,72.446,5.006,0.1895,0.9484,10
C0559,74.38,5.002,0.1943,0.9722,20
C0559,73.558,5.013,0.1932,0.9682,30
C0559,73.053,5.007,0.1945,0.9738,40
C0559,73.377,5.002,0.1998,0.9997,50
C0559,73.186,5.007,0.1943,0.9726,60
C0559,73.843,5.021,0.1965,0.9865,70
C0559,72.782,5.018,0.1956,0.9815,80
C0559,74.19,5.012,0.2023,1.0138,90
C0559,73.259,5.002,0.2087,1.044,100
C0560,70.429,4.968,0.2102,1.0441,10
C0560,69.846,4.984,0.2111,1.0522,20
C0560,71.177,5.002,0.212,1.0605,30
C0560,70.912,4.988,0.2002,0.9986,40
C0560,70.224,4.994,0.2021,1.0094,50
C0560,69.783,5.004,0.207,1.0359,60
C0560,69.357,4.994,0.2075,1.0365,70
C0560,68.672,4.995,0.2022,1.0102,80
C0560,70.225,4.981,0.2117,1.0543,90
C0560,69.584,4.991,0.2088,1.0421,100
C0561,71.278,4.996,0.2048,1.0229,10
C0561,71.001,4.983,0.1975,0.9844,20
C0561,70.936,4.986,0.1981,0.9875,30
C0561,71.478,4.991,0.1967,0.9816,40
C0561,69.805,4.975,0.2024,1.007,50
C0561,71.837,4.956,0.1906,0.9448,60
C0561,71.958,4.979,0.1859,0.9254,70
C0561,72.16,4.992,0.1933,0.9652,80
C0561,72.272,4.977,0.1942,0.9664,90
C0561,71.233,4.966,0.1983,0.9848,100
C0562,72.429,5.016,0.1842,0.924,10
C0562,73.038,5.031,0.1929,0.9706,20
C0562,72.577,5.022,0.1893,0.9508,30
C0562,73.153,5.01,0.1948,0.9762,40
C0562,73.336,5.029,0.1924,0.9673,50
C0562,73.101,5.009,0.187,0.9366,60
C0562,71.79,5.023,0.1869,0.9387,70
C0562,72.756,5.031,0.1857,0.9344,80
C0562,72.629,5.019,0.1802,0.9044,90
C0562,72.621,4.994,0.1852,0.925,100
C0563,71.333,4.994,0.1986,0.9918,10
C0563,72.141,4.984,0.2029,1.0114,20
C0563,72.133,4.981,0.2048,1.0201,30
C0563,71.812,4.99,0.2042,1.0191,40
C0563,72.765,4.989,0.2015,1.0052,50
C0563,72.53,5.007,0.2014,1.0082,60
C0563,72.404,4.985,0.195,0.9719,70
C0563,72.453,4.986,0.1973,0.9838,80
C0563,72.505,4.993,0.2019,1.0081,90
C0563,71.351,4.985,0.2075,1.0346,100
C0564,70.296,5.017,0.1926,0.9664,10
C0564,70.925,5.014,0.1992,0.9988,20
C0564,71.269,5.037,0.1974,0.9944,30
C0564,72.035,5.006,0.1947,0.9749,40
C0564,70.754,5.0,0.1983,0.9918,50
C0564,70.837,5.006,0.1907,0.9547,60
C0564,70.535,5.01,0.1915,0.9593,70
C0564,72.051,5.01,0.199,0.997,80
C0564,71.522,5.021,0.1954,0.9808,90
C0564,71.021,5.03,0.1946,0.9789,100
C0565,71.578,4.97,0.1849,0.9192,10
C0565,71.004,4.972,0.1852,0.921,20
C0565,69.769,4.944,0.1816,0.8979,30
C0565,70.886,4.952,0.1901,0.9415,40
C0565,70.061,4.954,0.1787,0.8854,50
C0565,70.558,4.961,0.1903,0.9442,60
C0565,70.897,4.968,0.19,0.9441,70
C0565,71.06,4.952,0.1876,0.9291,80
C0565,71.718,4.958,0.1882,0.9332,90
C0565,71.142,4.957,0.1898,0.9407,100
C0566,76.306,5.124,0.242,1.2398,10
C0566,79.552,5.14,0.2491,1.2804,20
C0566,80.402,5.158,0.2541,1.3105,30
C0566,82.578,5.191,0.2618,1.359,40
C0566,84.343,5.198,0.2723,1.4156,50
C0566,84.842,5.228,0.2814,1.471,60
C0566,88.234,5.242,0.2932,1.5369,70
C0566,89.293,5.271,0.304,1.6023,80
C0566,93.449,5.266,0.3196,1.6831,90
C0566,94.179,5.302,0.3239,1.7171,100
C0567,71.074,4.952,0.2032,1.006,10
C0567,73.316,4.948,0.2064,1.0212,20
C0567,72.207,4.953,0.2049,1.0147,30
C0567,71.281,4.948,0.1975,0.9774,40
C0567,72.168,4.979,0.2057,1.024,50
C0567,72.079,4.934,0.2017,0.9953,60
C0567,72.412,4.935,0.2021,0.9972,70
C0567,72.216,4.958,0.2045,1.014,80
C0567,71.949,4.951,0.2,0.9904,90
C0567,71.831,4.952,0.2046,1.0133,100
C0568,69.248,5.038,0.2098,1.0572,10
C0568,69.04,5.061,0.2019,1.022,20
C0568,68.662,5.037,0.1999,1.007,30
C0568,68.549,5.047,0.203,1.0244,40
C0568,66.798,5.056,0.1991,1.0067,50
C0568,69.465,5.046,0.2143,1.0814,60
C0568,69.71,5.041,0.203,1.0234,70
C0568,70.013,5.031,0.2066,1.0394,80
C0568,69.033,5.042,0.2073,1.045,90
C0568,69.225,5.05,0.2064,1.0423,100
C0569,72.539,4.974,0.1952,0.9711,10
C0569,73.457,4.983,0.2038,1.0155,20
C0569,72.347,4.992,0.2003,1.0001,30
C0569,72.574,4.97,0.193,0.9591,40
C0569,71.935,4.967,0.1916,0.9515,50
C0569,72.402,4.964,0.2038,1.0117,60
C0569,73.086,4.967,0.2012,0.9992,70
C0569,73.336,4.977,0.2025,1.0076,80
C0569,73.657,4.965,0.1959,0.9728,90
C0569,72.56,5.003,0.1972,0.9865,100
C0570,75.06,4.995,0.2027,1.0123,10
C0570,75.211,4.986,0.2068,1.0312,20
C0570,74.636,5.0,0.2063,1.0316,30
C0570,75.522,4.995,0.2078,1.038,40
C0570,75.231,4.989,0.2012,1.0035,50
C0570,76.353,5.008,0.1976,0.9893,60
C0570,76.257,5.003,0.2093,1.0474,70
C0570,75.885,4.995,0.2077,1.0374,80
C0570,76.073,5.017,0.207,1.0384,90
C0570,75.746,4.983,0.2008,1.0007,100
C0571,72.468,4.954,0.2028,1.0046,10
C0571,72.117,4.964,0.2022,1.0039,20
C0571,71.799,4.964,0.2025,1.0052,30
C0571,70.707,4.952,0.1998,0.9895,40
C0571,72.076,4.956,0.1941,0.9618,50
C0571,71.093,4.946,0.2021,0.9998,60
C0571,72.632,4.94,0.1992,0.9839,70
C0571,71.959,4.947,0.2022,1.0003,80
C0571,72.372,4.948,0.2032,1.0054,90
C0571,71.919,4.944,0.2013,0.9953,100
C0572,73.309,5.011,0.2006,1.0053,10
C0572,74.12,5.016,0.1929,0.9678,20
C0572,72.117,5.018,0.1935,0.9709,30
C0572,73.008,5.026,0.1894,0.9517,40
C0572,72.13,5.006,0.196,0.981,50
C0572,73.018,5.0,0.1957,0.9784,60
C0572,71.964,5.0,0.1922,0.9611,70
C0572,72.353,5.017,0.1938,0.9724,80
C0572,73.744,5.006,0.1922,0.9621,90
C0572,73.411,5.008,0.1986,0.9947,100
C0573,75.818,5.017,0.1938,0.9726,10
C0573,75.369,4.999,0.1918,0.9588,20
C0573,74.979,5.02,0.1911,0.9591,30
C0573,75.002,5.023,0.2034,1.0215,40
C0573,74.495,5.01,0.1872,0.9381,50
C0573,75.009,5.006,0.1983,0.9925,60
C0573,74.314,4.996,0.1993,0.9959,70
C0573,74.638,5.011,0.1944,0.9743,80
C0573,74.545,5.001,0.1978,0.9891,90
C0573,75.424,5.009,0.1927,0.9653,100
C0574,73.398,5.009,0.2005,1.0043,10
C0574,73.422,5.004,0.2038,1.0198,20
C0574,72.356,5.0,0.2006,1.0028,30
C0574,72.89,5.024,0.2064,1.0372,40
C0574,72.298,5.001,0.1993,0.9965,50
C0574,71.766,5.008,0.1992,0.9975,60
C0574,72.911,4.988,0.1976,0.9858,70
C0574,72.04,5.022,0.1961,0.9848,80
C0574,72.611,5.009,0.2047,1.0255,90
C0574,72.832,5.012,0.1983,0.9939,100
C0575,70.854,4.974,0.2116,1.0522,10
C0575,70.324,4.971,0.2075,1.0314,20
C0575,71.047,4.953,0.2101,1.0405,30
C0575,70.204,4.995,0.2131,1.0642,40
C0575,70.653,4.964,0.2169,1.077,50
C0575,72.234,4.978,0.2121,1.056,60
C0575,69.244,4.98,0.2095,1.0434,70
C0575,70.01,4.983,0.2116,1.0541,80
C0575,70.407,4.981,0.2106,1.0491,90
C0575,69.69,4.978,0.2165,1.0776,100
C0576,70.235,5.06,0.1894,0.9583,10
C0576,71.285,5.03,0.192,0.966,20
C0576,71.71,5.04,0.197,0.9931,30
C0576,70.938,5.034,0.191,0.9616,40
C0576,71.413,5.039,0.1849,0.932,50
C0576,71.321,5.033,0.1878,0.945,60
C0576,71.153,5.027,0.1855,0.9328,70
C0576,69.564,5.054,0.1923,0.972,80
C0576,71.064,5.03,0.1786,0.8983,90
C0576,70.697,5.044,0.1939,0.9778,100
C0577,72.533,5.016,0.1991,0.9986,10
C0577,72.412,5.009,0.1936,0.9698,20
C0577,71.39,5.032,0.1916,0.9639,30
C0577,72.01,5.028,0.197,0.9903,40
C0577,72.58,5.001,0.1987,0.9938,50
C0577,71.706,5.006,0.192,0.9609,60
C0577,72.754,5.027,0.1995,1.0028,70
C0577,72.39,5.007,0.1973,0.9877,80
C0577,72.474,5.017,0.2017,1.012,90
C0577,71.447,5.022,0.1979,0.9937,100
C0578,71.932,4.971,0.1938,0.9636,10
C0578,74.432,4.963,0.1966,0.9756,20
C0578,72.78,4.945,0.1969,0.9734,30
C0578,73.089,4.942,0.1887,0.9325,40
C0578,72.557,4.974,0.2036,1.0127,50
C0578,73.255,4.957,0.1934,0.9587,60
C0578,72.571,4.969,0.2023,1.005,70
C0578,72.596,4.954,0.193,0.956,80
C0578,72.88,4.967,0.1895,0.9414,90
C0578,73.412,4.963,0.1942,0.9637,100
C0579,72.767,4.986,0.1873,0.9339,10
C0579,72.696,4.982,0.1855,0.9241,20
C0579,71.332,4.977,0.1849,0.9201,30
C0579,71.342,5.01,0.1845,0.9244,40
C0579,70.863,4.989,0.1888,0.9419,50
C0579,72.154,4.98,0.1856,0.9246,60
C0579,72.762,4.97,0.1906,0.947,70
C0579,72.172,4.994,0.1879,0.9384,80
C0579,71.009,5.001,0.1873,0.9368,90
C0579,72.676,4.989,0.1872,0.934,100
C0580,73.386,4.984,0.2057,1.0252,10
C0580,72.493,4.99,0.2044,1.0198,20
C0580,70.854,4.999,0.2139,1.0692,30
C0580,72.223,4.977,0.2062,1.0259,40
C0580,72.478,4.997,0.2069,1.034,50
C0580,72.115,4.974,0.2102,1.0454,60
C0580,72.95,4.998,0.2028,1.0137,70
C0580,73.693,4.97,0.2095,1.0414,80
C0580,71.444,4.979,0.2129,1.0603,90
C0580,73.089,4.982,0.2046,1.0194,100
C0581,70.239,5.035,0.1983,0.9986,10
C0581,70.011,5.04,0.196,0.9877,20
C0581,69.728,5.027,0.2067,1.0391,30
C0581,69.501,5.034,0.2055,1.0345,40
C0581,70.089,5.043,0.21,1.0592,50
C0581,70.742,5.046,0.2052,1.0354,60
C0581,70.176,5.031,0.2021,1.0168,70
C0581,68.982,5.034,0.2014,1.0141,80
C0581,69.509,5.026,0.2023,1.0169,90
C0581,69.24,5.057,0.2056,1.0396,100
C0582,70.734,4.945,0.1889,0.9343,10
C0582,69.674,4.979,0.1876,0.9343,20
C0582,71.708,4.976,0.1881,0.9363,30
C0582,70.073,4.963,0.1903,0.9446,40
C0582,70.924,4.958,0.1937,0.9603,50
C0582,70.875,4.962,0.1879,0.9322,60
C0582,70.605,4.957,0.191,0.9466,70
C0582,70.767,4.968,0.1978,0.9826,80
C0582,70.637,4.975,0.1916,0.9535,90
C0582,70.573,4.964,0.1905,0.9456,100
C0583,73.727,5.061,0.2088,1.0566,10
C0583,73.793,5.055,0.2062,1.0424,20
C0583,73.118,5.037,0.2068,1.0417,30
C0583,74.225,5.036,0.2101,1.058,40
C0583,74.6,5.032,0.2176,1.0951,50
C0583,73.559,5.042,0.2086,1.0517,60
C0583,74.015,5.061,0.2064,1.0445,70
C0583,73.735,5.053,0.1955,0.9877,80
C0583,74.608,5.06,0.1979,1.0011,90
C0583,74.046,5.03,0.2071,1.0419,100
C0584,76.243,4.996,0.2126,1.0622,10
C0584,75.584,4.998,0.2102,1.0508,20
C0584,74.952,4.995,0.2071,1.0344,30
C0584,75.906,4.997,0.2042,1.0205,40
C0584,74.931,4.966,0.2074,1.0302,50
C0584,75.388,4.997,0.2173,1.086,60
C0584,75.71,5.003,0.2028,1.0149,70
C0584,75.146,4.993,0.2063,1.03,80
C0584,74.885,4.98,0.2043,1.0175,90
C0584,75.89,4.997,0.2074,1.0363,100
C0585,72.828,5.006,0.1818,0.9103,10
C0585,74.204,5.008,0.189,0.9463,20
C0585,73.367,4.977,0.1885,0.938,30
C0585,74.176,5.008,0.1846,0.9245,40
C0585,72.142,4.988,0.1803,0.8995,50
C0585,72.57,4.989,0.1851,0.9233,60
C0585,72.933,4.983,0.1826,0.9099,70
C0585,72.463,4.994,0.1857,0.9276,80
C0585,72.886,4.996,0.183,0.9141,90
C0585,72.798,5.014,0.1798,0.9018,100
C0586,73.125,4.978,0.1954,0.973,10
C0586,73.904,4.972,0.1888,0.9386,20
C0586,74.366,4.995,0.1918,0.9582,30
C0586,74.261,4.978,0.1943,0.9673,40
C0586,72.999,4.969,0.1929,0.9585,50
C0586,74.425,4.966,0.1832,0.9096,60
C0586,73.399,4.984,0.185,0.9219,70
C0586,72.991,4.976,0.1908,0.9496,80
C0586,74.054,4.962,0.19,0.9428,90
C0586,74.415,4.962,0.1972,0.9786,100
C0587,71.171,5.016,0.2082,1.044,10
C0587,70.03,5.011,0.2045,1.0246,20
C0587,72.17,5.024,0.2061,1.0354,30
C0587,70.813,5.005,0.2116,1.0589,40
C0587,71.729,5.046,0.2082,1.0505,50
C0587,71.462,5.031,0.2106,1.0594,60
C0587,70.754,5.015,0.2122,1.0644,70
C0587,71.202,5.02,0.2122,1.0654,80
C0587,71.132,5.027,0.2063,1.037,90
C0587,71.669,5.006,0.2027,1.0144,100
C0588,72.965,5.012,0.2128,1.0663,10
C0588,71.966,5.039,0.2158,1.0875,20
C0588,72.14,5.018,0.2158,1.083,30
C0588,73.478,5.009,0.2218,1.1112,40
C0588,72.611,5.031,0.2234,1.1242,50
C0588,72.588,5.016,0.2174,1.0904,60
C0588,72.481,5.003,0.2233,1.1172,70
C0588,72.685,5.008,0.2088,1.0458,80
C0588,71.141,5.027,0.2146,1.079,90
C0588,72.265,5.024,0.215,1.0804,100
C0589,73.109,5.005,0.2017,1.0096,10
C0589,72.896,4.978,0.2105,1.048,20
C0589,73.56,5.009,0.2094,1.0486,30
C0589,72.597,4.992,0.1994,0.9952,40
C0589,73.246,4.992,0.2029,1.0128,50
C0589,72.776,4.999,0.2054,1.027,60
C0589,71.556,4.997,0.2077,1.0378,70
C0589,72.382,4.991,0.2082,1.0391,80
C0589,72.387,5.001,0.2035,1.0179,90
C0589,72.641,5.015,0.2067,1.0364,100
C0590,70.748,5.038,0.194,0.9771,10
C0590,70.07,5.011,0.1898,0.9511,20
C0590,69.711,5.017,0.1861,0.9335,30
C0590,69.034,5.017,0.1907,0.9567,40
C0590,69.825,5.002,0.1918,0.9592,50
C0590,69.573,5.013,0.1977,0.991,60
C0590,70.558,5.001,0.1855,0.9277,70
C0590,70.258,5.001,0.1826,0.9132,80
C0590,70.487,5.018,0.1924,0.9655,90
C0590,70.325,5.014,0.188,0.9424,100
C0591,69.49,5.001,0.1847,0.924,10
C0591,70.864,5.01,0.1926,0.9648,20
C0591,70.47,5.007,0.1936,0.9694,30
C0591,69.874,5.008,0.1869,0.936,40
C0591,71.004,5.008,0.1921,0.9623,50
C0591,69.814,5.018,0.1928,0.9677,60
C0591,69.188,5.009,0.1902,0.9529,70
C0591,69.984,5.023,0.1849,0.9287,80
C0591,69.894,5.001,0.1939,0.9695,90
C0591,69.546,4.991,0.1915,0.9557,100
C0592,70.41,5.023,0.2119,1.0644,10
C0592,71.528,5.036,0.2052,1.0331,20
C0592,71.896,5.013,0.202,1.0125,30
C0592,72.227,5.033,0.2065,1.0393,40
C0592,71.055,5.025,0.2114,1.0623,50
C0592,72.837,5.021,0.1997,1.0029,60
C0592,72.295,5.021,0.2102,1.0553,70
C0592,71.96,5.015,0.2066,1.0363,80
C0592,72.576,5.023,0.2022,1.0158,90
C0592,70.838,5.016,0.2047,1.0271,100
C0593,71.853,5.031,0.2061,1.0366,10
C0593,70.277,5.047,0.2122,1.071,20
C0593,69.494,5.041,0.2018,1.0173,30
C0593,70.196,5.026,0.2099,1.0551,40
C0593,71.333,5.053,0.1994,1.0077,50
C0593,70.705,5.055,0.2064,1.0432,60
C0593,70.508,5.061,0.202,1.0221,70
C0593,70.437,5.053,0.2061,1.0413,80
C0593,70.874,5.052,0.2069,1.0453,90
C0593,70.319,5.04,0.2054,1.0349,100
C0594,74.684,5.061,0.1927,0.9753,10
C0594,73.954,5.069,0.1965,0.9963,20
C0594,72.935,5.06,0.1939,0.9812,30
C0594,74.346,5.076,0.2013,1.0221,40
C0594,75.189,5.055,0.1977,0.9994,50
C0594,73.64,5.054,0.1946,0.9833,60
C0594,73.483,5.074,0.1899,0.9636,70
C0594,75.089,5.073,0.2003,1.016,80
C0594,73.598,5.045,0.1961,0.9892,90
C0594,74.642,5.061,0.1941,0.9823,100
C0595,73.968,5.03,0.196,0.9859,10
C0595,74.125,5.029,0.1982,0.9967,20
C0595,74.12,5.019,0.1964,0.9858,30
C0595,74.626,5.022,0.1937,0.973,40
C0595,74.064,5.018,0.1977,0.9919,50
C0595,74.716,5.015,0.21,1.053,60
C0595,75.188,5.036,0.195,0.9821,70
C0595,73.138,5.019,0.2003,1.0054,80
C0595,74.259,5.017,0.1922,0.9642,90
C0595,73.953,5.02,0.1972,0.9897,100
C0596,70.709,5.047,0.2028,1.0236,10
C0596,71.498,5.054,0.2031,1.0263,20
C0596,70.695,5.05,0.1903,0.961,30
C0596,71.503,5.04,0.2013,1.0148,40
C0596,71.952,5.047,0.1976,0.9971,50
C0596,71.553,5.042,0.1961,0.9888,60
C0596,72.114,5.057,0.1958,0.9901,70
C0596,71.391,5.042,0.1899,0.9576,80
C0596,71.047,5.057,0.1934,0.9779,90
C0596,72.517,5.053,0.198,1.0003,100
C0597,73.153,5.009,0.1792,0.8974,10
C0597,73.487,4.999,0.1887,0.9433,20
C0597,73.943,5.037,0.1804,0.9087,30
C0597,72.915,5.031,0.1892,0.9519,40
C0597,74.306,5.032,0.1856,0.9338,50
C0597,73.22,5.028,0.1829,0.9197,60
C0597,73.559,5.017,0.1858,0.9319,70
C0597,74.242,5.017,0.1827,0.9165,80
C0597,73.433,5.009,0.1874,0.9384,90
C0597,73.566,5.02,0.186,0.9338,100
C0598,70.548,5.002,0.196,0.9802,10
C0598,70.02,5.018,0.196,0.9834,20
C0598,70.005,5.011,0.1997,1.0005,30
C0598,69.589,4.99,0.2005,1.0008,40
C0598,69.366,5.02,0.2023,1.0155,50
C0598,70.172,4.989,0.1995,0.9956,60
C0598,70.123,5.012,0.2063,1.0338,70
C0598,68.706,5.022,0.2003,1.0062,80
C0598,69.347,5.025,0.2075,1.0429,90
C0598,70.41,5.035,0.208,1.0472,100
C0599,71.616,4.977,0.1784,0.8878,10
C0599,71.886,4.986,0.1805,0.9001,20
C0599,72.386,4.99,0.1779,0.8876,30
C0599,73.019,4.97,0.1785,0.8874,40
C0599,72.553,4.963,0.1777,0.8821,50
C0599,72.789,4.978,0.1725,0.8585,60
C0599,71.829,4.969,0.1817,0.903,70
C0599,72.432,4.967,0.1732,0.8602,80
C0599,71.927,4.983,0.1771,0.8823,90
C0599,72.572,4.985,0.1819,0.9068,100
C0600,69.831,5.022,0.1958,0.9834,10
C0600,69.539,5.034,0.2069,1.0415,20
C0600,70.835,5.007,0.1932,0.9672,30
C0600,69.166,5.022,0.1876,0.9421,40
C0600,69.527,5.035,0.2028,1.0209,50
C0600,69.575,5.016,0.2011,1.0088,60
C0600,70.441,5.015,0.1979,0.9925,70
C0600,69.54,5.007,0.198,0.9912,80
C0600,69.702,5.008,0.2014,1.0087,90
C0600,70.17,5.028,0.1958,0.9842,100
C0601,69.394,4.979,0.2003,0.9974,10
C0601,70.906,4.993,0.1931,0.9644,20
C0601,69.722,5.004,0.1965,0.9835,30
C0601,69.432,5.007,0.1953,0.978,40
C0601,68.631,4.996,0.1864,0.9314,50
C0601,70.572,4.99,0.1984,0.99,60
C0601,71.333,4.991,0.2031,1.0138,70
C0601,70.343,4.977,0.1943,0.967,80
C0601,71.223,4.975,0.1991,0.9904,90
C0601,69.883,4.973,0.2004,0.9967,100
C0602,72.633,4.998,0.196,0.9796,10
C0602,72.538,5.011,0.2032,1.0183,20
C0602,72.711,5.022,0.2058,1.0337,30
C0602,73.132,5.021,0.1954,0.9813,40
C0602,71.965,5.014,0.194,0.9729,50
C0602,72.481,5.016,0.2051,1.0287,60
C0602,72.502,5.002,0.2007,1.0039,70
C0602,72.011,5.007,0.1994,0.9983,80
C0602,72.638,5.01,0.1961,0.9822,90
C0602,72.219,5.001,0.1929,0.9649,100
C0603,70.266,5.049,0.1972,0.9957,10
C0603,70.01,5.051,0.1995,1.0079,20
C0603,70.198,5.048,0.1963,0.9908,30
C0603,69.394,5.02,0.203,1.0192,40
C0603,71.145,5.036,0.2013,1.0139,50
C0603,70.622,5.046,0.1982,1.0001,60
C0603,70.929,5.045,0.2012,1.0149,70
C0603,69.924,5.049,0.1997,1.008,80
C0603,70.957,5.056,0.2021,1.0219,90
C0603,70.051,5.034,0.1996,1.0047,100
C0604,70.869,4.99,0.1987,0.9916,10
C0604,69.905,5.004,0.1973,0.9872,20
C0604,70.146,5.007,0.1972,0.9872,30
C0604,70.217,4.999,0.1973,0.9863,40
C0604,70.43,4.992,0.1956,0.9765,50
C0604,69.664,5.002,0.1946,0.9735,60
C0604,70.759,5.009,0.1933,0.9682,70
C0604,70.296,5.009,0.1963,0.9832,80
C0604,69.86,4.991,0.2004,1.0003,90
C0604,70.839,5.0,0.2001,1.0003,100
C0605,73.471,5.001,0.2033,1.017,10
C0605,72.939,4.998,0.2056,1.0276,20
C0605,72.916,5.008,0.2036,1.0197,30
C0605,72.583,5.004,0.2125,1.0632,40
C0605,72.47,4.997,0.2092,1.0453,50
C0605,73.513,5.004,0.2051,1.0262,60
C0605,71.576,5.001,0.2064,1.0323,70
C0605,73.846,4.991,0.2117,1.0563,80
C0605,72.984,4.993,0.202,1.0089,90
C0605,73.798,4.987,0.2075,1.0346,100
C0606,70.654,4.926,0.1976,0.9732,10
C0606,71.22,4.909,0.1989,0.9761,20
C0606,71.329,4.905,0.2079,1.0195,30
C0606,71.503,4.919,0.1945,0.9568,40
C0606,70.684,4.92,0.1996,0.982,50
C0606,71.689,4.915,0.2001,0.9833,60
C0606,70.013,4.915,0.1993,0.9797,70
C0606,71.203,4.912,0.1961,0.963,80
C0606,71.665,4.931,0.1987,0.9796,90
C0606,69.447,4.944,0.1977,0.9777,100
C0607,73.593,4.993,0.2003,1.0003,10
C0607,72.258,4.983,0.1969,0.9811,20
C0607,73.545,4.99,0.1922,0.9588,30
C0607,73.422,4.988,0.1968,0.9817,40
C0607,72.455,4.975,0.2028,1.009,50
C0607,73.705,4.984,0.1954,0.9737,60
C0607,74.447,4.985,0.1951,0.9725,70
C0607,72.637,4.982,0.1888,0.9408,80
C0607,73.425,4.997,0.2006,1.0026,90
C0607,72.691,4.961,0.1969,0.977,100
C0608,80.124,5.042,0.2151,1.0845,10
C0608,80.386,5.06,0.2253,1.1403,20
C0608,84.702,5.075,0.2422,1.2293,30
C0608,82.745,5.117,0.2525,1.2922,40
C0608,86.053,5.106,0.2671,1.3637,50
C0608,89.835,5.128,0.2701,1.3851,60
C0608,91.734,5.149,0.2813,1.4485,70
C0608,91.978,5.196,0.2952,1.5339,80
C0608,95.453,5.202,0.3001,1.561,90
C0608,96.66,5.198,0.3165,1.645,100
C0609,71.095,5.024,0.2011,1.0104,10
C0609,72.07,5.033,0.2047,1.0304,20
C0609,70.781,5.052,0.2019,1.0197,30
C0609,72.253,5.025,0.2031,1.0205,40
C0609,71.523,5.041,0.2021,1.0189,50
C0609,72.186,5.025,0.1937,0.9731,60
C0609,72.329,5.049,0.1996,1.0076,70
C0609,71.018,5.049,0.2037,1.0284,80
C0609,73.0,5.041,0.2023,1.0199,90
C0609,72.722,5.03,0.206,1.0363,100
C0610,77.907,5.005,0.2244,1.1233,10
C0610,79.65,5.049,0.237,1.1966,20
C0610,81.333,5.047,0.2425,1.2237,30
C0610,83.903,5.076,0.2563,1.3012,40
C0610,84.668,5.077,0.267,1.3555,50
C0610,86.52,5.111,0.2739,1.4001,60
C0610,87.599,5.116,0.2867,1.4669,70
C0610,92.959,5.13,0.2943,1.5098,80
C0610,93.051,5.15,0.3092,1.5923,90
C0610,93.714,5.174,0.3146,1.6279,100
C0611,71.337,4.961,0.1887,0.9363,10
C0611,70.135,4.961,0.1958,0.9715,20
C0611,71.394,4.935,0.1932,0.9535,30
C0611,71.291,4.958,0.1918,0.9508,40
C0611,70.51,4.945,0.1959,0.9686,50
C0611,71.188,4.936,0.198,0.9773,60
C0611,71.654,4.966,0.1957,0.9718,70
C0611,70.403,4.953,0.1936,0.9587,80
C0611,70.154,4.938,0.1941,0.9586,90
C0611,71.454,4.973,0.1901,0.9455,100
C0612,68.751,5.051,0.1885,0.9522,10
C0612,69.791,5.053,0.1851,0.9356,20
C0612,70.011,5.04,0.1871,0.9427,30
C0612,68.502,5.06,0.1921,0.9719,40
C0612,70.625,5.067,0.1971,0.9987,50
C0612,69.649,5.048,0.1919,0.9684,60
C0612,69.831,5.064,0.1895,0.9595,70
C0612,69.769,5.048,0.1872,0.9448,80
C0612,68.806,5.058,0.1866,0.9439,90
C0612,69.221,5.066,0.1872,0.9486,100
C0613,72.62,4.987,0.2137,1.0658,10
C0613,71.966,4.991,0.206,1.028,20
C0613,71.844,4.982,0.211,1.0514,30
C0613,72.305,4.978,0.2105,1.0481,40
C0613,73.155,4.982,0.2054,1.0233,50
C0613,72.084,5.002,0.2065,1.0331,60
C0613,73.185,4.978,0.209,1.0405,70
C0613,71.059,4.979,0.2074,1.0328,80
C0613,72.242,5.001,0.2055,1.0276,90
C0613,72.332,4.975,0.2123,1.0563,100
C0614,74.05,5.021,0.1964,0.9862,10
C0614,74.006,5.032,0.199,1.0013,20
C0614,73.868,5.026,0.199,1.0002,30
C0614,74.366,5.01,0.193,0.9668,40
C0614,74.63,5.024,0.1956,0.9828,50
C0614,73.807,5.022,0.1995,1.0021,60
C0614,73.301,5.025,0.1983,0.9964,70
C0614,74.203,5.027,0.1994,1.0022,80
C0614,73.622,5.016,0.2071,1.0389,90
C0614,73.785,5.023,0.2,1.0047,100
C0615,72.269,5.043,0.1939,0.9779,10
C0615,71.551,5.026,0.1898,0.9538,20
C0615,71.837,5.003,0.1904,0.9528,30
C0615,71.233,5.022,0.1934,0.9714,40
C0615,70.769,5.044,0.1963,0.9903,50
C0615,72.466,5.027,0.1935,0.9727,60
C0615,72.144,5.031,0.1904,0.9579,70
C0615,71.722,5.03,0.1884,0.9476,80
C0615,70.222,5.023,0.1832,0.9204,90
C0615,71.128,5.046,0.1853,0.935,100
C0616,72.949,5.011,0.2184,1.0942,10
C0616,73.492,5.015,0.2189,1.0979,20
C0616,72.35,4.981,0.2181,1.0865,30
C0616,72.722,5.014,0.2142,1.074,40
C0616,72.709,4.976,0.2177,1.0831,50
C0616,72.86,4.999,0.2217,1.1084,60
C0616,72.912,5.0,0.2196,1.0977,70
C0616,72.045,4.975,0.2172,1.0806,80
C0616,72.593,5.006,0.219,1.0963,90
C0616,72.555,4.998,0.2183,1.091,100
C0617,72.918,5.094,0.2103,1.0714,10
C0617,72.78,5.089,0.2142,1.0899,20
C0617,72.309,5.083,0.2147,1.0914,30
C0617,72.201,5.077,0.207,1.0509,40
C0617,72.926,5.113,0.2064,1.0556,50
C0617,72.864,5.088,0.2145,1.0914,60
C0617,72.859,5.098,0.2112,1.0766,70
C0617,71.976,5.08,0.2108,1.071,80
C0617,72.757,5.083,0.218,1.1083,90
C0617,73.042,5.066,0.2095,1.0613,100
C0618,70.528,5.069,0.2055,1.0418,10
C0618,71.054,5.059,0.2057,1.0405,20
C0618,70.592,5.055,0.21,1.0617,30
C0618,70.188,5.075,0.2054,1.0425,40
C0618,71.436,5.055,0.2006,1.014,50
C0618,69.912,5.066,0.2111,1.0696,60
C0618,71.411,5.042,0.2059,1.0384,70
C0618,68.528,5.073,0.2094,1.0624,80
C0618,70.431,5.066,0.2052,1.0397,90
C0618,69.985,5.069,0.204,1.0342,100
C0619,71.461,5.022,0.199,0.9995,10
C0619,72.349,5.013,0.2037,1.0211,20
C0619,70.913,5.01,0.211,1.0571,30
C0619,71.627,5.015,0.2032,1.0191,40
C0619,71.546,5.025,0.2052,1.0311,50
C0619,71.674,5.009,0.2032,1.018,60
C0619,71.638,5.018,0.2028,1.0174,70
C0619,71.24,5.022,0.2063,1.0359,80
C0619,72.138,5.02,0.1961,0.9845,90
C0619,72.959,5.018,0.2028,1.0175,100
C0620,71.825,4.977,0.1805,0.8985,10
C0620,71.898,4.974,0.1831,0.9109,20
C0620,72.766,4.967,0.1867,0.9273,30
C0620,71.816,4.953,0.1911,0.9467,40
C0620,71.339,4.969,0.1895,0.9415,50
C0620,72.789,4.96,0.1853,0.9192,60
C0620,72.742,4.976,0.1898,0.9443,70
C0620,71.282,4.967,0.1864,0.926,80
C0620,71.398,4.954,0.1851,0.9168,90
C0620,72.725,4.972,0.1926,0.9575,100
C0621,79.833,5.046,0.2297,1.159,10
C0621,82.101,5.081,0.2376,1.2074,20
C0621,83.486,5.097,0.2457,1.2522,30
C0621,85.14,5.097,0.2602,1.3263,40
C0621,87.323,5.14,0.2617,1.3452,50
C0621,87.974,5.142,0.2773,1.4255,60
C0621,90.07,5.168,0.283,1.4626,70
C0621,91.436,5.184,0.3014,1.5625,80
C0621,91.906,5.201,0.3087,1.6054,90
C0621,94.412,5.212,0.3128,1.6301,100
C0622,72.706,5.024,0.2079,1.0447,10
C0622,72.095,5.02,0.2059,1.0337,20
C0622,72.822,5.031,0.2131,1.0719,30
C0622,72.863,5.037,0.2008,1.0116,40
C0622,72.232,5.02,0.2065,1.0368,50
C0622,71.987,5.027,0.2115,1.0632,60
C0622,72.688,5.041,0.2009,1.0125,70
C0622,72.438,5.04,0.2133,1.075,80
C0622,71.474,5.027,0.2114,1.0627,90
C0622,72.288,5.022,0.2011,1.0096,100
C0623,77.433,5.087,0.2357,1.199,10
C0623,79.385,5.08,0.2448,1.2436,20
C0623,81.54,5.098,0.2496,1.2726,30
C0623,81.078,5.092,0.263,1.3393,40
C0623,85.283,5.159,0.277,1.4289,50
C0623,85.892,5.164,0.2841,1.4669,60
C0623,87.614,5.16,0.2931,1.5121,70
C0623,90.9,5.196,0.2998,1.5577,80
C0623,93.09,5.209,0.3144,1.6374,90
C0623,94.619,5.231,0.328,1.7158,100
C0624,72.0,5.001,0.1963,0.9815,10
C0624,71.384,5.026,0.1992,1.0011,20
C0624,72.27,4.987,0.1919,0.9568,30
C0624,71.542,5.001,0.1904,0.9523,40
C0624,71.069,4.996,0.1957,0.9774,50
C0624,71.247,4.979,0.2001,0.9965,60
C0624,71.924,4.977,0.1892,0.9416,70
C0624,71.493,4.998,0.1968,0.9833,80
C0624,72.389,4.975,0.1953,0.9716,90
C0624,72.565,5.004,0.1958,0.9798,100
C0625,72.801,5.067,0.196,0.9928,10
C0625,72.324,5.085,0.1983,1.0084,20
C0625,71.054,5.073,0.1936,0.9822,30
C0625,72.265,5.084,0.1921,0.9767,40
C0625,71.792,5.056,0.1959,0.9906,50
C0625,71.515,5.056,0.1966,0.9939,60
C0625,72.717,5.063,0.1989,1.0072,70
C0625,72.596,5.078,0.1933,0.9817,80
C0625,73.72,5.061,0.195,0.9868,90
C0625,72.838,5.074,0.2009,1.0192,100
C0626,71.119,4.972,0.2082,1.0354,10
C0626,72.121,5.019,0.1955,0.9812,20
C0626,71.986,4.975,0.2113,1.0514,30
C0626,71.828,4.985,0.2074,1.034,40
C0626,71.203,4.997,0.2051,1.0252,50
C0626,72.582,5.013,0.2019,1.0122,60
C0626,72.17,4.998,0.1987,0.9929,70
C0626,71.117,5.018,0.2057,1.0324,80
C0626,72.135,4.992,0.2022,1.0092,90
C0626,71.551,4.992,0.1983,0.9901,100
C0627,72.874,4.939,0.197,0.9728,10
C0627,73.086,4.947,0.1965,0.9718,20
C0627,72.643,4.935,0.1914,0.9449,30
C0627,73.341,4.949,0.192,0.9501,40
C0627,72.567,4.927,0.1932,0.9521,50
C0627,72.849,4.944,0.1956,0.967,60
C0627,71.998,4.93,0.1989,0.9808,70
C0627,73.544,4.947,0.1945,0.9619,80
C0627,73.263,4.933,0.1994,0.9833,90
C0627,72.17,4.936,0.1938,0.9566,100
C0628,71.731,5.035,0.2034,1.0239,10
C0628,72.266,5.055,0.2081,1.0519,20
C0628,71.778,5.043,0.2175,1.097,30
C0628,71.968,5.041,0.2113,1.0653,40
C0628,70.993,5.024,0.2074,1.042,50
C0628,72.456,5.035,0.2085,1.0499,60
C0628,71.52,5.037,0.2174,1.0953,70
C0628,71.757,5.031,0.2107,1.0601,80
C0628,72.901,5.034,0.2059,1.0364,90
C0628,71.548,5.04,0.2134,1.0754,100
C0629,70.35,5.039,0.1976,0.996,10
C0629,70.14,5.037,0.1995,1.0051,20
C0629,70.05,5.049,0.2004,1.0117,30
C0629,71.061,5.046,0.1898,0.9579,40
C0629,69.934,5.03,0.1955,0.9836,50
C0629,70.679,5.032,0.1964,0.9881,60
C0629,71.071,5.034,0.1938,0.9754,70
C0629,71.369,5.035,0.1984,0.999,80
C0629,71.404,5.032,0.1926,0.9693,90
C0629,70.521,5.045,0.1945,0.9811,100
C0630,74.886,5.005,0.2056,1.0293,10
C0630,74.403,4.982,0.2035,1.0139,20
C0630,75.737,5.001,0.2017,1.0088,30
C0630,74.397,4.977,0.2043,1.0168,40
C0630,76.339,4.993,0.1969,0.9832,50
C0630,74.521,4.981,0.2,0.9963,60
C0630,74.724,4.991,0.206,1.0283,70
C0630,75.612,4.993,0.1955,0.9759,80
C0630,74.323,4.986,0.2039,1.0165,90
C0630,75.474,4.988,0.2035,1.015,100
C0631,77.501,5.027,0.2269,1.1407,10
C0631,76.987,5.077,0.2361,1.1987,20
C0631,79.131,5.08,0.2437,1.2381,30
C0631,80.6,5.093,0.2542,1.2946,40
C0631,83.609,5.109,0.2718,1.3888,50
C0631,86.166,5.13,0.2816,1.4448,60
C0631,87.687,5.158,0.2854,1.4719,70
C0631,92.769,5.179,0.2981,1.5437,80
C0631,91.8,5.184,0.3041,1.5767,90
C0631,92.982,5.209,0.3184,1.6587,100
C0632,71.422,4.974,0.1909,0.9496,10
C0632,72.08,4.999,0.194,0.97,20
C0632,72.53,4.986,0.201,1.0023,30
C0632,72.039,4.981,0.1942,0.9676,40
C0632,73.067,4.997,0.1966,0.9822,50
C0632,73.124,4.985,0.194,0.967,60
C0632,73.092,4.988,0.1917,0.9564,70
C0632,72.983,4.981,0.1933,0.9631,80
C0632,72.92,4.983,0.1962,0.9777,90
C0632,72.782,4.976,0.1962,0.9762,100
C0633,71.916,5.025,0.1907,0.958,10
C0633,72.189,5.034,0.2019,1.0161,20
C0633,71.485,5.022,0.1948,0.9782,30
C0633,72.042,5.038,0.1957,0.9859,40
C0633,71.951,5.009,0.202,1.0117,50
C0633,71.357,4.994,0.1847,0.9221,60
C0633,71.837,5.008,0.194,0.9713,70
C0633,70.745,5.023,0.196,0.9847,80
C0633,71.748,5.013,0.1973,0.989,90
C0633,71.403,5.018,0.1917,0.9621,100
C0634,71.494,5.025,0.2044,1.027,10
C0634,71.412,5.016,0.2028,1.0174,20
C0634,72.114,5.033,0.2132,1.0731,30
C0634,71.419,5.027,0.205,1.0306,40
C0634,71.407,5.024,0.2078,1.0437,50
C0634,71.616,5.025,0.2117,1.0637,60
C0634,72.736,5.042,0.2089,1.0533,70
C0634,72.055,5.049,0.2097,1.0588,80
C0634,71.247,5.034,0.2092,1.053,90
C0634,71.001,5.027,0.2111,1.0611,100
C0635,71.279,4.956,0.1979,0.9808,10
C0635,71.444,4.945,0.2034,1.0058,20
C0635,71.864,4.959,0.2047,1.0152,30
C0635,70.952,4.953,0.2115,1.0475,40
C0635,71.856,4.954,0.2047,1.0141,50
C0635,71.537,4.963,0.2051,1.0176,60
C0635,70.326,4.958,0.2048,1.0153,70
C0635,72.623,4.985,0.2077,1.0355,80
C0635,70.982,4.965,0.1984,0.9848,90
C0635,71.069,4.942,0.2074,1.0247,100
C0636,69.148,4.976,0.2006,0.9983,10
C0636,70.266,4.975,0.1996,0.993,20
C0636,70.316,4.961,0.2013,0.9986,30
C0636,69.889,4.958,0.2023,1.0028,40
C0636,70.35,4.959,0.1934,0.9591,50
C0636,71.083,4.953,0.203,1.0054,60
C0636,70.289,4.947,0.204,1.0093,70
C0636,70.337,4.973,0.1983,0.9861,80
C0636,70.606,4.942,0.197,0.9737,90
C0636,69.42,4.956,0.2009,0.9957,100
C0637,71.697,4.975,0.2118,1.0537,10
C0637,70.98,4.979,0.206,1.0256,20
C0637,72.667,4.981,0.2021,1.0064,30
C0637,73.191,4.996,0.205,1.0244,40
C0637,71.381,4.989,0.2073,1.034,50
C0637,72.055,4.966,0.2055,1.0203,60
C0637,72.915,4.995,0.2064,1.0308,70
C0637,72.081,4.993,0.202,1.0086,80
C0637,71.642,4.985,0.2127,1.0604,90
C0637,73.406,4.972,0.2048,1.0184,100
C0638,75.128,5.042,0.1966,0.9916,10
C0638,75.194,5.047,0.1881,0.9495,20
C0638,75.94,5.033,0.1908,0.9605,30
C0638,76.381,5.06,0.196,0.9921,40
C0638,75.816,5.043,0.1915,0.9656,50
C0638,75.433,5.033,0.1956,0.9843,60
C0638,75.68,5.039,0.2008,1.012,70
C0638,76.015,5.055,0.1926,0.9737,80
C0638,75.65,5.055,0.1952,0.9865,90
C0638,76.612,5.046,0.1925,0.9716,100
C0639,70.282,5.023,0.1917,0.9629,10
C0639,69.632,5.028,0.1925,0.9681,20
C0639,69.706,5.009,0.1922,0.9625,30
C0639,70.151,5.012,0.1869,0.9366,40
C0639,69.708,5.003,0.1936,0.9688,50
C0639,69.623,5.029,0.1866,0.9382,60
C0639,71.127,5.012,0.1888,0.9463,70
C0639,70.636,5.015,0.1912,0.9587,80
C0639,70.293,5.011,0.1881,0.9428,90
C0639,70.031,5.031,0.1875,0.9434,100
C0640,73.942,4.989,0.208,1.0379,10
C0640,74.124,4.958,0.2028,1.0054,20
C0640,74.845,4.97,0.203,1.0087,30
C0640,74.547,4.956,0.2103,1.0421,40
C0640,74.728,4.966,0.2028,1.0069,50
C0640,74.581,4.966,0.2092,1.0387,60
C0640,74.861,4.978,0.206,1.0253,70
C0640,73.645,4.98,0.2042,1.0167,80
C0640,74.097,4.969,0.2091,1.0392,90
C0640,74.442,4.965,0.2063,1.0244,100
C0641,70.738,5.029,0.2021,1.0163,10
C0641,70.945,5.022,0.2099,1.0543,20
C0641,71.328,5.019,0.2039,1.0235,30
C0641,71.033,5.024,0.2051,1.0305,40
C0641,70.839,5.04,0.2044,1.0302,50
C0641,71.231,5.05,0.2028,1.0243,60
C0641,71.166,5.028,0.2062,1.0367,70
C0641,71.075,5.017,0.2077,1.0418,80
C0641,69.948,5.044,0.2131,1.0747,90
C0641,70.853,5.037,0.205,1.0327,100
C0642,71.594,5.02,0.1939,0.9735,10
C0642,71.584,5.023,0.1931,0.9701,20
C0642,72.075,5.008,0.1945,0.9741,30
C0642,71.357,5.016,0.1959,0.9829,40
C0642,71.052,5.015,0.1976,0.9911,50
C0642,71.167,5.041,0.2002,1.0091,60
C0642,71.718,5.015,0.1962,0.9838,70
C0642,71.146,5.003,0.1935,0.9682,80
C0642,71.934,5.024,0.1929,0.9691,90
C0642,72.779,5.008,0.1908,0.9556,100
C0643,72.728,5.066,0.1988,1.007,10
C0643,72.726,5.062,0.1981,1.0026,20
C0643,71.855,5.061,0.1897,0.9601,30
C0643,72.61,5.057,0.2002,1.0125,40
C0643,72.465,5.063,0.1891,0.9575,50
C0643,73.519,5.055,0.1958,0.9898,60
C0643,73.373,5.074,0.1933,0.9807,70
C0643,73.222,5.055,0.1987,1.0042,80
C0643,72.435,5.056,0.1979,1.0004,90
C0643,72.472,5.086,0.1953,0.9932,100
C0644,69.893,4.988,0.1961,0.9784,10
C0644,70.618,4.988,0.2062,1.0285,20
C0644,69.273,4.982,0.1997,0.9949,30
C0644,69.368,4.974,0.1988,0.9887,40
C0644,70.765,4.984,0.1978,0.9856,50
C0644,69.778,4.975,0.2021,1.0053,60
C0644,70.816,4.985,0.2026,1.01,70
C0644,70.056,4.961,0.2075,1.0296,80
C0644,69.944,4.994,0.2032,1.0146,90
C0644,71.427,4.985,0.1967,0.9802,100
C0645,71.978,5.006,0.2013,1.0076,10
C0645,71.957,5.008,0.2043,1.0229,20
C0645,72.517,5.006,0.2034,1.0184,30
C0645,72.003,5.035,0.1999,1.0064,40
C0645,72.545,5.006,0.204,1.0212,50
C0645,71.102,5.028,0.2051,1.0314,60
C0645,72.285,4.994,0.2017,1.0072,70
C0645,72.137,5.007,0.206,1.0317,80
C0645,73.151,5.014,0.2025,1.0151,90
C0645,71.499,5.001,0.2025,1.013,100
C0646,69.444,5.061,0.2096,1.0606,10
C0646,70.997,5.04,0.2061,1.0385,20
C0646,71.014,5.039,0.2044,1.03,30
C0646,70.798,5.053,0.21,1.0614,40
C0646,71.755,5.049,0.2046,1.0332,50
C0646,71.718,5.04,0.2124,1.0706,60
C0646,70.722,5.043,0.2084,1.051,70
C0646,71.826,5.052,0.2099,1.0605,80
C0646,72.553,5.032,0.2057,1.035,90
C0646,70.773,5.032,0.207,1.0415,100
C0647,73.238,4.994,0.1897,0.9472,10
C0647,72.401,5.005,0.1961,0.9817,20
C0647,72.86,4.998,0.1862,0.9307,30
C0647,73.972,5.008,0.1881,0.9418,40
C0647,73.373,4.995,0.1968,0.9829,50
C0647,72.201,5.018,0.1893,0.95,60
C0647,71.735,5.014,0.195,0.978,70
C0647,71.27,5.001,0.1962,0.9812,80
C0647,72.918,5.017,0.195,0.9782,90
C0647,72.96,5.014,0.1957,0.9813,100
C0648,70.775,5.049,0.1943,0.9808,10
C0648,71.638,5.064,0.199,1.0076,20
C0648,70.442,5.063,0.1924,0.974,30
C0648,70.487,5.051,0.2005,1.0127,40
C0648,71.668,5.052,0.2065,1.0434,50
C0648,71.454,5.063,0.2026,1.026,60
C0648,70.639,5.051,0.208,1.0505,70
C0648,71.112,5.046,0.2002,1.0101,80
C0648,71.134,5.045,0.1975,0.9966,90
C0648,72.274,5.052,0.1942,0.9808,100
C0649,72.475,4.995,0.204,1.0187,10
C0649,72.726,5.005,0.2031,1.0163,20
C0649,73.405,4.998,0.2037,1.0182,30
C0649,72.789,5.001,0.2075,1.0374,40
C0649,73.254,4.995,0.2064,1.0308,50
C0649,73.218,5.012,0.2097,1.0508,60
C0649,73.153,4.986,0.2059,1.0266,70
C0649,72.679,4.989,0.2001,0.9982,80
C0649,73.224,5.018,0.2083,1.0454,90
C0649,73.668,5.007,0.2064,1.0334,100
C0650,71.194,4.95,0.2026,1.0029,10
C0650,71.251,4.957,0.2048,1.0154,20
C0650,69.477,4.934,0.197,0.9721,30
C0650,71.19,4.938,0.2039,1.0071,40
C0650,71.827,4.95,0.2051,1.0152,50
C0650,72.015,4.941,0.2077,1.0262,60
C0650,71.481,4.936,0.1949,0.9622,70
C0650,72.304,4.939,0.2143,1.0582,80
C0650,71.427,4.94,0.2047,1.0113,90
C0650,71.009,4.943,0.2027,1.0018,100
C0651,74.127,4.968,0.2035,1.0109,10
C0651,73.883,4.959,0.1953,0.9686,20
C0651,75.18,4.964,0.2025,1.0055,30
C0651,74.421,4.959,0.1994,0.9889,40
C0651,74.511,4.963,0.2029,1.0071,50
C0651,75.953,4.955,0.2064,1.0229,60
C0651,74.372,4.969,0.1959,0.9732,70
C0651,74.056,4.972,0.1976,0.9827,80
C0651,75.444,4.968,0.1995,0.991,90
C0651,75.004,4.971,0.2015,1.0019,100
C0652,71.119,5.024,0.1993,1.0013,10
C0652,71.509,5.029,0.1926,0.9685,20
C0652,71.346,5.023,0.195,0.9793,30
C0652,71.216,5.037,0.1923,0.9686,40
C0652,70.369,5.051,0.1925,0.9722,50
C0652,72.181,5.038,0.1976,0.9953,60
C0652,71.274,5.026,0.1887,0.9484,70
C0652,72.587,5.015,0.1928,0.9668,80
C0652,71.453,5.023,0.1912,0.9601,90
C0652,72.23,5.033,0.1951,0.9818,100
C0653,73.9,4.994,0.2102,1.0496,10
C0653,74.148,4.971,0.2181,1.0842,20
C0653,74.646,4.984,0.2104,1.0485,30
C0653,73.655,4.985,0.2092,1.0428,40
C0653,74.086,4.988,0.2106,1.0502,50
C0653,74.062,4.993,0.2062,1.0293,60
C0653,73.058,4.971,0.21,1.044,70
C0653,74.468,4.971,0.2242,1.1145,80
C0653,74.16,4.98,0.2043,1.0173,90
C0653,73.185,4.961,0.2149,1.0662,100
C0654,73.081,5.042,0.1959,0.9876,10
C0654,73.417,5.041,0.1963,0.9894,20
C0654,73.352,5.045,0.2008,1.0132,30
C0654,72.964,5.048,0.1985,1.0018,40
C0654,74.251,5.052,0.1978,0.9993,50
C0654,74.187,5.036,0.2053,1.0337,60
C0654,73.339,5.048,0.1992,1.0057,70
C0654,73.209,5.053,0.1975,0.9981,80
C0654,72.799,5.015,0.1965,0.9854,90
C0654,74.644,5.057,0.1971,0.9967,100
C0655,70.352,4.96,0.2098,1.0408,10
C0655,69.888,4.974,0.2175,1.0817,20
C0655,71.157,4.964,0.2081,1.0332,30
C0655,71.224,4.957,0.2034,1.0086,40
C0655,70.877,4.966,0.2039,1.0129,50
C0655,70.281,4.96,0.2026,1.005,60
C0655,71.492,4.93,0.2033,1.0022,70
C0655,71.937,4.963,0.2087,1.0356,80
C0655,71.012,4.958,0.2123,1.0528,90
C0655,70.746,4.956,0.2106,1.0437,100
C0656,75.884,5.026,0.2171,1.091,10
C0656,77.32,5.052,0.2349,1.1868,20
C0656,77.935,5.091,0.2373,1.2079,30
C0656,81.054,5.086,0.2554,1.2992,40
C0656,84.099,5.093,0.2678,1.3637,50
C0656,82.571,5.127,0.2722,1.3958,60
C0656,85.385,5.129,0.2852,1.4629,70
C0656,87.532,5.165,0.2962,1.5298,80
C0656,89.545,5.179,0.3044,1.5764,90
C0656,89.725,5.179,0.3104,1.6075,100
C0657,72.416,5.014,0.1927,0.9661,10
C0657,72.211,4.999,0.1808,0.9037,20
C0657,71.538,5.028,0.1852,0.9315,30
C0657,71.844,5.02,0.1804,0.9057,40
C0657,72.114,5.012,0.1889,0.9466,50
C0657,72.302,5.006,0.1795,0.8987,60
C0657,71.451,5.015,0.1925,0.9652,70
C0657,71.056,4.994,0.1788,0.8927,80
C0657,71.33,5.016,0.1903,0.9546,90
C0657,70.543,4.994,0.1795,0.8964,100
C0658,71.604,4.976,0.1931,0.9607,10
C0658,70.616,4.976,0.1945,0.9677,20
C0658,70.101,4.976,0.1935,0.9629,30
C0658,71.625,4.993,0.191,0.9537,40
C0658,71.382,4.946,0.1969,0.9742,50
C0658,70.263,4.971,0.1925,0.9569,60
C0658,70.606,4.975,0.1971,0.9805,70
C0658,70.468,4.962,0.198,0.9825,80
C0658,71.015,4.992,0.1942,0.9695,90
C0658,69.904,4.98,0.1868,0.9302,100
C0659,73.862,5.084,0.2266,1.152,10
C0659,76.684,5.074,0.2343,1.1892,20
C0659,76.183,5.113,0.2504,1.2805,30
C0659,78.74,5.132,0.2558,1.3128,40
C0659,83.617,5.162,0.2751,1.42,50
C0659,84.515,5.171,0.2825,1.4606,60
C0659,84.445,5.207,0.281,1.4633,70
C0659,89.797,5.213,0.2857,1.4894,80
C0659,89.934,5.219,0.3164,1.6514,90
C0659,92.11,5.237,0.3151,1.6498,100
C0660,72.937,5.049,0.1969,0.9941,10
C0660,73.7,5.058,0.2024,1.0237,20
C0660,73.609,5.051,0.2014,1.0171,30
C0660,72.125,5.05,0.1984,1.002,40
C0660,73.43,5.047,0.1999,1.0091,50
C0660,72.958,5.059,0.2001,1.0124,60
C0660,73.393,5.041,0.2015,1.0156,70
C0660,73.427,5.041,0.198,0.9979,80
C0660,73.68,5.054,0.2001,1.0115,90
C0660,73.358,5.058,0.2031,1.0276,100
C0661,71.239,5.008,0.1927,0.9648,10
C0661,71.551,5.026,0.1933,0.9717,20
C0661,72.465,5.027,0.195,0.9802,30
C0661,71.805,4.994,0.1923,0.9603,40
C0661,71.709,5.011,0.1958,0.9813,50
C0661,70.93,4.999,0.2017,1.0081,60
C0661,72.148,5.013,0.1966,0.9854,70
C0661,70.963,5.02,0.2047,1.0274,80
C0661,71.294,5.005,0.1922,0.9622,90
C0661,71.929,5.027,0.2019,1.0149,100
C0662,75.705,5.038,0.1822,0.9178,10
C0662,75.281,5.024,0.1797,0.9027,20
C0662,74.612,5.019,0.1789,0.8981,30
C0662,75.386,5.02,0.1771,0.8892,40
C0662,75.774,5.03,0.1784,0.8975,50
C0662,75.622,5.021,0.1808,0.9081,60
C0662,75.903,5.02,0.1759,0.883,70
C0662,75.231,5.012,0.1795,0.8996,80
C0662,75.15,5.001,0.1827,0.9138,90
C0662,75.208,5.038,0.1815,0.9141,100
C0663,71.748,5.08,0.1917,0.974,10
C0663,71.872,5.068,0.1979,1.0031,20
C0663,72.024,5.055,0.1916,0.9687,30
C0663,72.262,5.061,0.1914,0.9686,40
C0663,71.379,5.076,0.1928,0.9785,50
C0663,71.869,5.071,0.1878,0.9524,60
C0663,71.964,5.079,0.193,0.9803,70
C0663,72.07,5.066,0.1975,1.0006,80
C0663,72.059,5.089,0.1942,0.9882,90
C0663,71.677,5.079,0.1924,0.9773,100
C0664,70.581,4.997,0.1988,0.9932,10
C0664,70.674,4.994,0.1966,0.982,20
C0664,70.566,4.981,0.199,0.9912,30
C0664,71.664,4.983,0.1994,0.9939,40
C0664,72.05,4.976,0.1987,0.9886,50
C0664,71.599,4.987,0.2022,1.0085,60
C0664,72.42,4.992,0.1963,0.98,70
C0664,71.687,4.997,0.1872,0.9353,80
C0664,71.099,4.984,0.1988,0.9911,90
C0664,70.984,4.987,0.1938,0.9666,100
C0665,72.834,5.01,0.1862,0.9331,10
C0665,72.046,5.028,0.1825,0.9177,20
C0665,73.271,5.042,0.181,0.9124,30
C0665,72.091,5.024,0.1832,0.9204,40
C0665,72.28,5.019,0.1843,0.9253,50
C0665,72.492,5.027,0.1869,0.9395,60
C0665,71.819,5.029,0.1927,0.9694,70
C0665,72.664,5.008,0.1837,0.9198,80
C0665,71.022,5.012,0.1915,0.9595,90
C0665,72.032,5.008,0.1913,0.958,100
C0666,73.797,4.974,0.1954,0.972,10
C0666,73.053,4.99,0.191,0.9531,20
C0666,73.391,4.984,0.1956,0.9749,30
C0666,73.012,4.981,0.1883,0.9379,40
C0666,73.704,4.978,0.1842,0.9171,50
C0666,73.094,5.001,0.1923,0.9617,60
C0666,73.854,4.982,0.1911,0.952,70
C0666,73.469,4.99,0.1917,0.9566,80
C0666,73.024,4.987,0.1815,0.9051,90
C0666,73.975,4.971,0.1909,0.949,100
C0667,72.783,4.983,0.1975,0.9842,10
C0667,72.527,4.979,0.1885,0.9385,20
C0667,73.553,4.971,0.1969,0.9789,30
C0667,73.123,4.984,0.1931,0.9623,40
C0667,72.466,4.98,0.1864,0.9282,50
C0667,72.668,4.995,0.1931,0.9647,60
C0667,72.664,4.97,0.1948,0.968,70
C0667,72.217,4.989,0.1986,0.9907,80
C0667,73.499,4.966,0.1969,0.9779,90
C0667,73.072,4.976,0.1988,0.9892,100
C0668,72.724,5.016,0.216,1.0837,10
C0668,72.531,5.021,0.2157,1.0832,20
C0668,72.063,5.025,0.2102,1.0563,30
C0668,72.192,5.021,0.2068,1.0383,40
C0668,73.083,5.002,0.2185,1.0929,50
C0668,71.846,5.018,0.2179,1.0935,60
C0668,73.941,5.023,0.2079,1.0444,70
C0668,73.194,5.02,0.2161,1.0849,80
C0668,72.956,5.0,0.2159,1.0793,90
C0668,72.376,5.034,0.2188,1.1013,100
C0669,70.143,5.0,0.209,1.0447,10
C0669,69.283,4.963,0.2119,1.0516,20
C0669,69.405,4.967,0.2058,1.0224,30
C0669,70.628,4.975,0.2045,1.0175,40
C0669,70.758,4.989,0.2146,1.0704,50
C0669,70.841,4.989,0.2049,1.0222,60
C0669,70.425,4.991,0.2153,1.0746,70
C0669,70.133,4.974,0.2044,1.0164,80
C0669,70.618,4.972,0.2083,1.0357,90
C0669,69.502,4.977,0.2096,1.0434,100
C0670,71.492,4.979,0.2036,1.0137,10
C0670,71.666,4.999,0.2049,1.0242,20
C0670,72.243,5.017,0.2059,1.0332,30
C0670,71.834,4.994,0.2012,1.0051,40
C0670,71.938,4.976,0.205,1.0199,50
C0670,72.045,4.986,0.1973,0.9837,60
C0670,71.955,4.986,0.2025,1.0097,70
C0670,70.851,4.987,0.198,0.9874,80
C0670,73.245,5.016,0.1995,1.001,90
C0670,71.371,4.988,0.2002,0.9984,100
C0671,68.701,5.015,0.2108,1.0575,10
C0671,70.668,5.039,0.2047,1.0313,20
C0671,69.282,5.019,0.212,1.0639,30
C0671,69.583,5.008,0.2058,1.0304,40
C0671,68.538,4.997,0.2035,1.0168,50
C0671,70.16,5.024,0.212,1.0649,60
C0671,69.329,5.017,0.2087,1.0468,70
C0671,68.511,5.024,0.2132,1.0708,80
C0671,68.773,5.006,0.2111,1.0569,90
C0671,69.669,5.024,0.2154,1.0823,100
C0672,70.346,4.959,0.2006,0.9945,10
C0672,69.809,4.953,0.2008,0.9944,20
C0672,71.218,4.962,0.201,0.9975,30
C0672,70.868,4.97,0.1952,0.9702,40
C0672,69.947,4.955,0.2067,1.0244,50
C0672,70.718,4.966,0.2005,0.9957,60
C0672,69.621,4.981,0.2009,1.0009,70
C0672,70.847,4.944,0.2021,0.9994,80
C0672,70.199,4.949,0.1952,0.966,90
C0672,69.654,4.949,0.1993,0.9862,100
C0673,72.914,4.961,0.1903,0.9442,10
C0673,72.634,4.97,0.1996,0.9919,20
C0673,72.247,4.966,0.2058,1.0217,30
C0673,72.357,4.96,0.2051,1.0176,40
C0673,72.998,4.974,0.2008,0.9988,50
C0673,71.394,4.972,0.2007,0.998,60
C0673,71.89,4.972,0.1995,0.992,70
C0673,72.235,4.975,0.1939,0.9645,80
C0673,71.291,4.956,0.2069,1.0256,90
C0673,72.286,4.972,0.2037,1.0128,100
C0674,70.262,4.982,0.1824,0.909,10
C0674,69.632,4.977,0.1803,0.8973,20
C0674,70.614,4.971,0.1881,0.9352,30
C0674,69.6,4.987,0.1854,0.9247,40
C0674,70.888,4.984,0.1815,0.9047,50
C0674,70.959,4.96,0.1807,0.8961,60
C0674,71.608,4.986,0.1944,0.9694,70
C0674,70.208,4.975,0.1883,0.9367,80
C0674,70.423,4.967,0.1826,0.9068,90
C0674,70.558,4.964,0.1818,0.9022,100
C0675,71.008,5.036,0.1907,0.9603,10
C0675,70.958,5.025,0.1907,0.9585,20
C0675,70.524,5.029,0.1973,0.992,30
C0675,72.171,5.044,0.1936,0.9763,40
C0675,72.217,5.054,0.1937,0.9792,50
C0675,70.627,5.044,0.1882,0.9494,60
C0675,70.69,5.01,0.1959,0.9817,70
C0675,69.832,5.041,0.2003,1.0095,80
C0675,72.258,5.019,0.1856,0.9313,90
C0675,70.836,5.04,0.1978,0.9971,100
C0676,72.54,5.011,0.2035,1.0195,10
C0676,72.096,5.027,0.1991,1.0008,20
C0676,72.506,5.005,0.2029,1.0155,30
C0676,72.988,5.031,0.1952,0.982,40
C0676,72.65,5.015,0.1972,0.989,50
C0676,73.0,5.019,0.2022,1.0146,60
C0676,73.9,5.003,0.2016,1.0084,70
C0676,72.609,5.02,0.202,1.0138,80
C0676,72.405,5.007,0.2023,1.0127,90
C0676,73.011,5.013,0.2029,1.017,100
C0677,72.191,4.998,0.1934,0.9669,10
C0677,72.472,5.01,0.1915,0.9594,20
C0677,71.784,5.013,0.1894,0.9495,30
C0677,72.729,5.027,0.1962,0.9865,40
C0677,71.617,5.01,0.1993,0.9985,50
C0677,72.008,5.012,0.2013,1.0087,60
C0677,72.415,5.0,0.1993,0.9964,70
C0677,72.428,5.012,0.1981,0.9931,80
C0677,71.552,4.997,0.2033,1.0159,90
C0677,70.933,5.026,0.1955,0.9825,100
C0678,73.487,5.068,0.2023,1.0254,10
C0678,74.554,5.068,0.2109,1.0691,20
C0678,73.804,5.063,0.1986,1.0056,30
C0678,73.923,5.066,0.2022,1.0242,40
C0678,73.911,5.058,0.1975,0.999,50
C0678,73.646,5.075,0.2065,1.0479,60
C0678,73.825,5.054,0.2007,1.0145,70
C0678,75.126,5.074,0.2032,1.0312,80
C0678,74.449,5.079,0.1964,0.9977,90
C0678,73.636,5.059,0.2034,1.0288,100
C0679,73.594,5.033,0.192,0.9666,10
C0679,74.565,5.017,0.1969,0.9879,20
C0679,75.261,5.024,0.1973,0.9914,30
C0679,73.996,5.007,0.2037,1.0199,40
C0679,74.089,5.013,0.1952,0.9783,50
C0679,74.229,5.03,0.1962,0.9866,60
C0679,73.328,5.007,0.194,0.9716,70
C0679,74.729,4.999,0.196,0.9796,80
C0679,74.552,5.023,0.1937,0.9728,90
C0679,74.743,5.006,0.1978,0.99,100
C0680,72.627,5.004,0.2017,1.0093,10
C0680,72.928,5.005,0.1998,1.0,20
C0680,71.079,4.992,0.2032,1.0144,30
C0680,72.266,5.009,0.1972,0.9878,40
C0680,71.644,4.984,0.1962,0.978,50
C0680,71.531,4.999,0.2047,1.0232,60
C0680,71.339,4.988,0.1945,0.9699,70
C0680,72.036,4.988,0.2082,1.0387,80
C0680,72.153,4.994,0.199,0.9939,90
C0680,71.011,4.982,0.1991,0.9919,100
C0681,73.8,4.993,0.1936,0.9669,10
C0681,72.96,4.986,0.2057,1.0257,20
C0681,71.893,4.98,0.2005,0.9984,30
C0681,72.587,4.985,0.203,1.0118,40
C0681,72.631,4.986,0.204,1.0169,50
C0681,73.263,4.983,0.1997,0.995,60
C0681,72.524,4.984,0.2041,1.0175,70
C0681,72.295,4.994,0.2072,1.0348,80
C0681,72.782,4.986,0.2017,1.0054,90
C0681,73.655,5.008,0.2034,1.0185,100
C0682,78.091,5.047,0.2243,1.1319,10
C0682,81.972,5.083,0.2351,1.1949,20
C0682,83.816,5.088,0.2455,1.2493,30
C0682,84.757,5.099,0.2581,1.3157,40
C0682,88.784,5.136,0.2618,1.3444,50
C0682,87.4,5.156,0.2727,1.4063,60
C0682,89.386,5.155,0.2813,1.4501,70
C0682,94.013,5.198,0.2894,1.5041,80
C0682,94.273,5.202,0.2981,1.5504,90
C0682,94.824,5.219,0.3157,1.6478,100
C0683,71.651,4.975,0.2015,1.0021,10
C0683,71.646,4.974,0.1986,0.9878,20
C0683,71.252,4.987,0.1977,0.9859,30
C0683,71.852,4.979,0.1961,0.9763,40
C0683,71.144,4.965,0.1937,0.9615,50
C0683,71.533,4.984,0.1989,0.9914,60
C0683,71.198,4.97,0.1997,0.9927,70
C0683,72.358,4.986,0.1987,0.9909,80
C0683,71.071,4.972,0.1934,0.9616,90
C0683,70.879,4.983,0.1953,0.9732,100
C0684,71.257,5.007,0.1911,0.9567,10
C0684,71.969,5.023,0.185,0.9294,20
C0684,71.132,5.022,0.1826,0.9171,30
C0684,71.435,5.035,0.1886,0.9498,40
C0684,70.687,5.014,0.1868,0.9368,50
C0684,72.864,5.037,0.1923,0.9684,60
C0684,71.374,5.032,0.1848,0.93,70
C0684,72.226,5.029,0.1887,0.9493,80
C0684,72.263,5.016,0.1843,0.9243,90
C0684,72.167,5.019,0.1918,0.9625,100
C0685,73.584,5.015,0.1925,0.9653,10
C0685,73.929,5.011,0.1886,0.9451,20
C0685,73.635,5.022,0.1861,0.9345,30
C0685,73.675,5.014,0.1834,0.9194,40
C0685,72.912,5.012,0.1898,0.9513,50
C0685,73.93,5.037,0.1872,0.9429,60
C0685,74.081,5.023,0.1893,0.9509,70
C0685,74.145,5.028,0.1886,0.9481,80
C0685,73.292,5.025,0.1936,0.9727,90
C0685,73.765,5.018,0.1914,0.9605,100
C0686,68.734,5.028,0.1902,0.9563,10
C0686,70.172,5.015,0.1927,0.9666,20
C0686,69.705,5.047,0.1924,0.9711,30
C0686,69.93,5.038,0.2026,1.0207,40
C0686,70.389,5.043,0.2001,1.0093,50
C0686,69.197,5.036,0.2001,1.0075,60
C0686,69.348,5.026,0.1935,0.9724,70
C0686,70.386,5.031,0.1954,0.9831,80
C0686,69.153,5.031,0.1944,0.9781,90
C0686,70.068,5.02,0.1974,0.991,100
C0687,70.111,5.005,0.1929,0.9657,10
C0687,71.072,5.0,0.1998,0.9992,20
C0687,70.408,4.991,0.1955,0.9757,30
C0687,71.051,4.991,0.198,0.9881,40
C0687,70.582,5.004,0.1961,0.9814,50
C0687,70.656,4.997,0.2027,1.0128,60
C0687,70.372,5.004,0.1929,0.9651,70
C0687,70.761,4.985,0.1947,0.9705,80
C0687,70.328,5.0,0.1942,0.9709,90
C0687,71.053,4.988,0.1961,0.9783,100
C0688,74.196,4.992,0.1898,0.9473,10
C0688,74.235,4.989,0.1914,0.955,20
C0688,72.854,4.993,0.1807,0.9023,30
C0688,73.639,4.999,0.1826,0.9131,40
C0688,73.332,5.018,0.1823,0.9148,50
C0688,75.177,4.992,0.1856,0.9268,60
C0688,74.526,5.007,0.1832,0.9172,70
C0688,73.88,5.003,0.1889,0.945,80
C0688,74.848,4.999,0.195,0.9747,90
C0688,74.294,4.996,0.189,0.9445,100
C0689,73.504,4.997,0.2064,1.0311,10
C0689,73.138,4.999,0.2116,1.058,20
C0689,73.62,4.988,0.2012,1.0037,30
C0689,73.761,5.022,0.2065,1.0371,40
C0689,73.039,5.004,0.2042,1.0215,50
C0689,74.215,5.0,0.2075,1.0374,60
C0689,72.853,5.004,0.2058,1.03,70
C0689,73.743,5.0,0.2128,1.0637,80
C0689,73.412,5.027,0.2098,1.0547,90
C0689,73.405,4.992,0.2111,1.0537,100
C0690,71.689,4.981,0.2009,1.0008,10
C0690,71.433,4.997,0.2121,1.0601,20
C0690,71.632,5.001,0.1982,0.9913,30
C0690,72.658,4.997,0.2045,1.0218,40
C0690,71.351,4.98,0.2014,1.0029,50
C0690,72.596,4.981,0.2007,0.9994,60
C0690,71.029,4.979,0.2048,1.0194,70
C0690,72.103,4.984,0.1992,0.9929,80
C0690,71.625,4.99,0.2087,1.0414,90
C0690,71.177,4.988,0.2041,1.018,100
C0691,75.244,5.067,0.2311,1.1708,10
C0691,76.786,5.089,0.2498,1.2713,20
C0691,78.464,5.111,0.2563,1.3096,30
C0691,81.035,5.142,0.2647,1.3609,40
C0691,80.786,5.157,0.2727,1.4066,50
C0691,83.221,5.172,0.2799,1.4477,60
C0691,85.944,5.166,0.2961,1.5298,70
C0691,87.048,5.203,0.307,1.5972,80
C0691,89.164,5.222,0.3183,1.6621,90
C0691,92.791,5.225,0.3221,1.6833,100
C0692,72.158,4.99,0.2003,0.9995,10
C0692,70.728,5.015,0.1968,0.987,20
C0692,69.672,5.008,0.1977,0.9902,30
C0692,69.48,5.026,0.1976,0.9933,40
C0692,71.198,4.995,0.1991,0.9948,50
C0692,71.449,5.009,0.1963,0.9836,60
C0692,70.259,5.005,0.1943,0.9726,70
C0692,71.138,4.998,0.1986,0.9929,80
C0692,70.292,5.004,0.1988,0.9951,90
C0692,70.373,5.013,0.1986,0.9956,100
C0693,74.831,4.984,0.1836,0.9153,10
C0693,73.361,5.007,0.177,0.8863,20
C0693,73.138,4.988,0.1831,0.9132,30
C0693,73.699,4.999,0.1814,0.9066,40
C0693,74.124,5.003,0.1869,0.9351,50
C0693,73.771,4.997,0.1879,0.939,60
C0693,74.283,4.998,0.1753,0.8761,70
C0693,72.555,4.999,0.1835,0.9172,80
C0693,73.131,4.997,0.1772,0.8854,90
C0693,73.908,4.999,0.1832,0.916,100
C0694,72.692,5.02,0.1918,0.9628,10
C0694,72.595,5.01,0.192,0.9618,20
C0694,72.909,5.001,0.1985,0.9925,30
C0694,72.879,4.998,0.1999,0.9993,40
C0694,72.604,5.0,0.1976,0.9878,50
C0694,72.8,4.99,0.191,0.9532,60
C0694,72.671,4.986,0.1935,0.9646,70
C0694,72.598,4.996,0.1942,0.9702,80
C0694,72.508,4.996,0.1968,0.9832,90
C0694,73.006,5.005,0.1923,0.9626,100
C0695,71.425,5.024,0.1863,0.9361,10
C0695,71.369,5.025,0.1952,0.9806,20
C0695,72.607,5.024,0.1959,0.9839,30
C0695,73.176,5.03,0.1893,0.9519,40
C0695,73.072,5.04,0.1917,0.9664,50
C0695,72.868,5.017,0.1825,0.9154,60
C0695,71.552,5.027,0.1904,0.9573,70
C0695,72.712,5.01,0.1849,0.9261,80
C0695,72.592,5.01,0.1896,0.9502,90
C0695,72.149,5.018,0.193,0.9687,100
C0696,69.3,5.015,0.1847,0.9262,10
C0696,68.861,4.988,0.1876,0.9358,20
C0696,68.229,5.002,0.1952,0.9762,30
C0696,69.783,4.998,0.1865,0.9323,40
C0696,68.764,4.984,0.1887,0.9407,50
C0696,69.256,5.0,0.1959,0.9795,60
C0696,68.693,5.006,0.1919,0.9607,70
C0696,69.577,5.001,0.1927,0.9639,80
C0696,69.034,4.998,0.1999,0.9993,90
C0696,69.054,4.998,0.1926,0.9626,100
C0697,70.171,5.012,0.1825,0.9149,10
C0697,70.836,5.023,0.1884,0.9461,20
C0697,71.155,5.014,0.1846,0.9255,30
C0697,71.711,5.021,0.1902,0.9552,40
C0697,71.768,5.014,0.1835,0.9199,50
C0697,71.101,5.014,0.1836,0.9205,60
C0697,72.179,5.03,0.1858,0.9345,70
C0697,71.82,5.019,0.1843,0.9249,80
C0697,71.449,5.005,0.1828,0.9148,90
C0697,71.488,5.018,0.197,0.9888,100
C0698,72.287,4.991,0.1968,0.9821,10
C0698,72.496,4.993,0.1967,0.9821,20
C0698,72.054,5.001,0.195,0.9751,30
C0698,71.647,4.989,0.2008,1.0018,40
C0698,72.146,4.986,0.193,0.9624,50
C0698,72.386,4.98,0.2001,0.9965,60
C0698,71.688,4.993,0.2056,1.0266,70
C0698,73.59,4.975,0.2029,1.0096,80
C0698,71.673,5.002,0.2028,1.0145,90
C0698,72.613,4.994,0.1955,0.9761,100
C0699,73.998,5.027,0.1939,0.9748,10
C0699,73.273,5.05,0.1904,0.9615,20
C0699,73.733,5.032,0.1891,0.9518,30
C0699,74.808,5.026,0.1965,0.9878,40
C0699,74.976,5.03,0.1916,0.9641,50
C0699,73.94,5.025,0.1928,0.969,60
C0699,74.462,5.022,0.192,0.964,70
C0699,74.516,5.036,0.1838,0.9259,80
C0699,74.802,5.048,0.1922,0.9704,90
C0699,73.381,5.028,0.1913,0.9621,100
C0700,73.281,5.012,0.1909,0.9569,10
C0700,73.459,4.996,0.1926,0.9624,20
C0700,73.927,4.99,0.1824,0.9101,30
C0700,74.929,4.99,0.1923,0.9595,40
C0700,74.706,5.004,0.1878,0.9396,50
C0700,72.944,4.988,0.1917,0.9561,60
C0700,74.67,4.999,0.1879,0.9394,70
C0700,74.218,4.996,0.1913,0.9555,80
C0700,73.825,4.998,0.1901,0.9502,90
C0700,74.858,5.009,0.1945,0.9743,100
C0701,70.624,4.974,0.1951,0.9707,10
C0701,70.722,4.96,0.1879,0.932,20
C0701,69.099,4.976,0.2009,0.9998,30
C0701,70.444,4.975,0.1897,0.9437,40
C0701,70.579,4.972,0.1922,0.9557,50
C0701,69.902,4.966,0.1846,0.9166,60
C0701,70.346,4.962,0.1956,0.9704,70
C0701,70.107,4.954,0.1852,0.9174,80
C0701,70.446,4.98,0.1912,0.952,90
C0701,69.872,4.968,0.187,0.9289,100
C0702,78.536,5.004,0.2317,1.1597,10
C0702,80.263,5.025,0.2421,1.2164,20
C0702,82.213,5.036,0.2563,1.2907,30
C0702,84.511,5.048,0.2592,1.3085,40
C0702,86.584,5.095,0.2721,1.3861,50
C0702,88.333,5.091,0.2839,1.445,60
C0702,87.69,5.122,0.2926,1.4987,70
C0702,91.414,5.123,0.2903,1.4869,80
C0702,93.583,5.15,0.3214,1.6555,90
C0702,95.868,5.174,0.3182,1.6463,100
C0703,70.955,5.023,0.2111,1.0602,10
C0703,71.668,5.004,0.2112,1.0569,20
C0703,70.991,5.017,0.2024,1.0156,30
C0703,72.55,4.996,0.2145,1.0715,40
C0703,70.559,5.008,0.2131,1.0674,50
C0703,71.75,5.01,0.2081,1.0428,60
C0703,70.559,5.023,0.2084,1.0467,70
C0703,72.109,5.009,0.2147,1.0757,80
C0703,72.262,5.021,0.2054,1.0315,90
C0703,71.576,5.018,0.2124,1.0659,100
C0704,74.438,4.932,0.198,0.9766,10
C0704,75.303,4.953,0.2071,1.0259,20
C0704,73.973,4.916,0.2073,1.0193,30
C0704,74.599,4.937,0.2088,1.0308,40
C0704,74.888,4.943,0.2044,1.0104,50
C0704,74.41,4.948,0.2009,0.9938,60
C0704,74.635,4.932,0.2096,1.0339,70
C0704,74.698,4.934,0.2046,1.0096,80
C0704,73.867,4.956,0.2108,1.0446,90
C0704,74.797,4.957,0.2049,1.0156,100
C0705,75.475,4.994,0.1958,0.9776,10
C0705,74.706,4.988,0.1955,0.9752,20
C0705,74.74,4.986,0.1982,0.988,30
C0705,75.19,4.984,0.1995,0.9944,40
C0705,73.979,4.994,0.1981,0.9896,50
C0705,74.692,4.99,0.195,0.973,60
C0705,74.437,4.989,0.1937,0.9666,70
C0705,75.426,4.968,0.1954,0.9708,80
C0705,73.602,4.979,0.1936,0.964,90
C0705,75.546,5.001,0.1962,0.9813,100
C0706,72.102,4.989,0.1985,0.9905,10
C0706,71.35,4.986,0.1996,0.9954,20
C0706,71.654,4.998,0.1965,0.9822,30
C0706,71.993,5.001,0.2049,1.0244,40
C0706,72.826,4.983,0.2044,1.0184,50
C0706,71.458,4.986,0.2005,0.9997,60
C0706,71.75,4.986,0.1992,0.9933,70
C0706,71.506,4.998,0.2005,1.002,80
C0706,72.217,4.991,0.2014,1.0053,90
C0706,72.151,4.986,0.2069,1.0316,100
C0707,71.914,5.021,0.2076,1.0422,10
C0707,71.961,5.017,0.2074,1.0403,20
C0707,71.04,5.009,0.2116,1.06,30
C0707,70.901,5.016,0.2155,1.0811,40
C0707,70.874,5.023,0.2125,1.0674,50
C0707,71.559,5.025,0.2095,1.053,60
C0707,72.211,5.008,0.2178,1.091,70
C0707,72.597,4.997,0.215,1.0742,80
C0707,71.388,5.033,0.2143,1.0788,90
C0707,71.082,5.025,0.2075,1.0426,100
C0708,78.47,5.115,0.2353,1.2035,10
C0708,79.517,5.132,0.2468,1.2665,20
C0708,80.923,5.161,0.2634,1.3593,30
C0708,83.152,5.163,0.2603,1.3441,40
C0708,86.16,5.186,0.2703,1.4015,50
C0708,89.707,5.216,0.285,1.4866,60
C0708,88.397,5.242,0.2962,1.5527,70
C0708,91.842,5.245,0.3053,1.6013,80
C0708,91.178,5.254,0.3193,1.6774,90
C0708,94.855,5.289,0.3241,1.7143,100
C0709,73.775,4.954,0.2038,1.0098,10
C0709,74.238,4.963,0.207,1.0277,20
C0709,73.202,4.95,0.2005,0.9924,30
C0709,74.301,4.965,0.1967,0.9765,40
C0709,74.265,4.947,0.2025,1.0016,50
C0709,74.167,4.969,0.2038,1.0129,60
C0709,73.372,4.97,0.2019,1.0036,70
C0709,74.047,4.963,0.1962,0.9736,80
C0709,74.958,4.956,0.2018,0.9998,90
C0709,73.763,4.957,0.2017,1.0002,100
C0710,72.362,4.977,0.1906,0.9487,10
C0710,72.38,4.973,0.1976,0.9825,20
C0710,73.083,4.997,0.2004,1.0013,30
C0710,71.721,4.973,0.2,0.9948,40
C0710,72.752,4.986,0.1973,0.9836,50
C0710,72.244,4.994,0.1979,0.9883,60
C0710,71.852,4.991,0.1917,0.9567,70
C0710,70.365,4.984,0.2013,1.0033,80
C0710,72.71,4.963,0.1974,0.9799,90
C0710,72.295,4.971,0.2033,1.0107,100
C0711,71.492,5.014,0.2017,1.0114,10
C0711,72.478,5.015,0.1954,0.98,20
C0711,72.515,5.013,0.2007,1.006,30
C0711,72.162,5.015,0.1953,0.9795,40
C0711,72.52,4.996,0.1959,0.9788,50
C0711,71.684,5.044,0.1999,1.0081,60
C0711,71.452,4.995,0.1903,0.9504,70
C0711,71.419,5.001,0.1933,0.9668,80
C0711,71.822,5.017,0.1964,0.9857,90
C0711,72.53,4.998,0.1957,0.9783,100
C0712,71.113,5.013,0.204,1.0225,10
C0712,70.517,4.986,0.2005,0.9997,20
C0712,70.73,4.989,0.2104,1.0498,30
C0712,69.716,5.001,0.2015,1.0077,40
C0712,70.101,5.002,0.2028,1.0144,50
C0712,70.284,4.988,0.2126,1.0607,60
C0712,70.223,4.997,0.2047,1.0229,70
C0712,70.726,4.99,0.2047,1.0215,80
C0712,70.829,4.988,0.2099,1.0467,90
C0712,71.304,5.003,0.2058,1.0294,100
C0713,69.054,4.993,0.193,0.9637,10
C0713,69.904,4.986,0.1977,0.9859,20
C0713,70.05,5.005,0.2044,1.0233,30
C0713,69.117,4.997,0.1999,0.9987,40
C0713,70.281,4.993,0.195,0.9735,50
C0713,69.458,4.982,0.1978,0.9853,60
C0713,69.409,4.993,0.2045,1.0212,70
C0713,69.288,5.003,0.1941,0.9708,80
C0713,69.101,5.011,0.1963,0.9837,90
C0713,70.354,4.99,0.2006,1.001,100
C0714,73.314,5.038,0.2014,1.0145,10
C0714,73.242,5.042,0.2104,1.0609,20
C0714,73.031,5.037,0.2022,1.0186,30
C0714,73.538,5.047,0.2085,1.0524,40
C0714,72.701,5.041,0.2033,1.0247,50
C0714,74.01,5.038,0.1999,1.0071,60
C0714,73.271,5.044,0.207,1.0439,70
C0714,73.096,5.034,0.202,1.017,80
C0714,73.166,5.031,0.2099,1.0558,90
C0714,72.862,5.041,0.2062,1.0394,100
C0715,74.036,5.043,0.1937,0.9768,10
C0715,73.753,5.032,0.1897,0.9544,20
C0715,73.833,5.026,0.2014,1.012,30
C0715,73.18,5.036,0.1976,0.9952,40
C0715,72.603,5.03,0.1986,0.9989,50
C0715,74.251,5.033,0.2008,1.0106,60
C0715,73.96,5.039,0.1996,1.0058,70
C0715,73.472,5.023,0.2034,1.0219,80
C0715,74.098,5.032,0.1996,1.0046,90
C0715,73.876,5.024,0.1958,0.9838,100
C0716,73.988,4.997,0.2007,1.0027,10
C0716,74.728,4.993,0.1966,0.9819,20
C0716,73.709,4.997,0.1935,0.9669,30
C0716,73.182,4.991,0.2038,1.017,40
C0716,74.774,4.988,0.2042,1.0187,50
C0716,74.033,4.975,0.1999,0.9947,60
C0716,73.618,5.0,0.1999,0.9993,70
C0716,73.223,4.976,0.1999,0.9945,80
C0716,72.538,4.985,0.2009,1.0015,90
C0716,73.355,5.001,0.2047,1.0238,100
C0717,72.589,4.955,0.1952,0.9673,10
C0717,73.081,4.969,0.1975,0.9813,20
C0717,71.934,4.969,0.1986,0.9868,30
C0717,72.807,4.967,0.202,1.0034,40
C0717,72.048,4.966,0.2029,1.0077,50
C0717,72.546,4.95,0.1993,0.9864,60
C0717,73.227,4.961,0.2012,0.9982,70
C0717,72.746,4.955,0.1979,0.9804,80
C0717,71.054,4.967,0.2009,0.9979,90
C0717,72.384,4.982,0.1996,0.9945,100
C0718,70.021,5.018,0.1904,0.9556,10
C0718,70.104,5.006,0.1893,0.9476,20
C0718,69.28,5.016,0.1877,0.9416,30
C0718,70.191,5.013,0.1835,0.9196,40
C0718,70.051,5.027,0.1945,0.978,50
C0718,71.735,5.035,0.1847,0.93,60
C0718,70.026,5.018,0.1891,0.9491,70
C0718,70.313,5.042,0.1852,0.9336,80
C0718,69.843,5.035,0.187,0.9416,90
C0718,70.507,5.028,0.1914,0.9626,100
C0719,68.784,5.008,0.1971,0.987,10
C0719,69.42,5.017,0.1936,0.9716,20
C0719,69.841,4.997,0.1989,0.9938,30
C0719,69.66,5.01,0.1886,0.9449,40
C0719,69.734,5.011,0.2026,1.0153,50
C0719,70.652,5.027,0.1959,0.9849,60
C0719,69.25,5.005,0.1952,0.977,70
C0719,69.106,5.016,0.1979,0.9927,80
C0719,69.46,5.03,0.1946,0.9787,90
C0719,69.743,5.022,0.1987,0.9981,100
C0720,72.353,5.056,0.2065,1.0443,10
C0720,71.652,5.052,0.2021,1.021,20
C0720,72.554,5.047,0.2022,1.0206,30
C0720,72.144,5.044,0.2023,1.0204,40
C0720,71.788,5.039,0.2082,1.0489,50
C0720,72.17,5.036,0.2,1.0072,60
C0720,72.517,5.034,0.1952,0.9826,70
C0720,71.038,5.025,0.1959,0.9843,80
C0720,71.175,5.056,0.2009,1.0158,90
C0720,71.665,5.027,0.2005,1.0081,100
C0721,73.211,4.961,0.2011,0.9975,10
C0721,72.418,4.95,0.1974,0.977,20
C0721,72.127,4.958,0.1972,0.9776,30
C0721,73.16,4.953,0.1956,0.969,40
C0721,72.349,4.951,0.1949,0.965,50
C0721,73.664,4.968,0.2033,1.01,60
C0721,73.28,4.955,0.196,0.9711,70
C0721,73.567,4.968,0.1988,0.9877,80
C0721,73.049,4.946,0.1989,0.9835,90
C0721,72.316,4.951,0.2019,0.9997,100
C0722,72.59,5.019,0.1984,0.9957,10
C0722,72.486,5.024,0.1996,1.0028,20
C0722,72.74,5.01,0.1977,0.9906,30
C0722,72.047,5.013,0.2053,1.029,40
C0722,72.923,5.008,0.2019,1.011,50
C0722,72.253,5.012,0.1942,0.9732,60
C0722,73.071,5.005,0.1999,1.0006,70
C0722,71.92,5.026,0.1988,0.9992,80
C0722,72.407,5.018,0.2013,1.0102,90
C0722,72.496,5.018,0.1981,0.9939,100
C0723,70.59,4.951,0.1867,0.9244,10
C0723,69.752,4.961,0.1927,0.9562,20
C0723,69.704,4.961,0.195,0.9674,30
C0723,69.577,4.974,0.1934,0.9619,40
C0723,70.687,4.966,0.1891,0.939,50
C0723,68.927,4.974,0.1905,0.9475,60
C0723,70.042,4.958,0.1995,0.989,70
C0723,70.055,4.95,0.1931,0.9557,80
C0723,70.775,4.955,0.1879,0.9309,90
C0723,70.538,4.954,0.1873,0.928,100
C0724,70.167,5.018,0.1968,0.9875,10
C0724,70.627,5.023,0.2018,1.0134,20
C0724,70.252,5.018,0.1936,0.9714,30
C0724,70.852,5.014,0.1996,1.001,40
C0724,70.404,5.034,0.1945,0.9791,50
C0724,71.165,5.003,0.2001,1.0012,60
C0724,70.928,5.013,0.1961,0.9833,70
C0724,70.667,5.015,0.2053,1.0295,80
C0724,70.059,5.007,0.1993,0.9977,90
C0724,70.429,5.012,0.2024,1.0144,100
C0725,71.136,5.035,0.1747,0.8796,10
C0725,71.496,5.054,0.1824,0.9219,20
C0725,72.35,5.014,0.1863,0.9341,30
C0725,71.704,5.033,0.1857,0.9349,40
C0725,71.621,5.035,0.179,0.9014,50
C0725,71.962,5.036,0.1813,0.9132,60
C0725,71.352,5.026,0.1879,0.9442,70
C0725,72.492,5.038,0.1897,0.9555,80
C0725,71.952,5.033,0.1757,0.884,90
C0725,71.402,5.036,0.1871,0.9422,100
C0726,70.684,5.043,0.1962,0.9895,10
C0726,70.735,5.06,0.1957,0.99,20
C0726,69.437,5.044,0.2036,1.0267,30
C0726,69.381,5.046,0.1974,0.9959,40
C0726,70.481,5.036,0.2028,1.0213,50
C0726,69.966,5.034,0.2,1.0068,60
C0726,68.898,5.038,0.2011,1.0131,70
C0726,68.998,5.018,0.1904,0.9553,80
C0726,70.857,5.043,0.1976,0.9965,90
C0726,70.628,5.039,0.2008,1.012,100
C0727,70.735,4.991,0.1898,0.9473,10
C0727,69.856,5.001,0.1892,0.9464,20
C0727,71.794,5.021,0.1992,1.0005,30
C0727,70.402,4.997,0.1969,0.9838,40
C0727,70.982,5.005,0.1905,0.9532,50
C0727,70.51,5.007,0.1863,0.9326,60
C0727,69.961,5.007,0.1945,0.9736,70
C0727,70.437,5.013,0.1955,0.98,80
C0727,70.34,4.999,0.1946,0.9728,90
C0727,70.123,5.0,0.1911,0.9556,100
C0728,71.14,5.006,0.1945,0.9735,10
C0728,71.25,5.0,0.1877,0.9386,20
C0728,72.342,5.01,0.1961,0.9826,30
C0728,70.543,4.997,0.1922,0.9603,40
C0728,70.341,5.012,0.1993,0.9991,50
C0728,72.737,4.992,0.194,0.9685,60
C0728,72.294,5.0,0.1913,0.9564,70
C0728,70.38,5.014,0.1935,0.97,80
C0728,71.062,5.006,0.1941,0.9718,90
C0728,71.601,5.001,0.2,1.0002,100
C0729,74.492,5.016,0.2116,1.0614,10
C0729,74.52,4.983,0.2098,1.0457,20
C0729,74.086,5.0,0.2116,1.0582,30
C0729,75.202,5.001,0.2093,1.0468,40
C0729,75.372,5.01,0.2048,1.026,50
C0729,75.635,5.008,0.2056,1.0296,60
C0729,73.45,5.007,0.2098,1.0507,70
C0729,74.304,4.999,0.2138,1.0685,80
C0729,73.359,4.997,0.2092,1.0455,90
C0729,75.475,5.004,0.2123,1.0622,100
C0730,71.587,4.989,0.19,0.9479,10
C0730,72.425,4.984,0.1985,0.9894,20
C0730,71.839,4.978,0.1908,0.9497,30
C0730,71.153,4.981,0.2017,1.0048,40
C0730,71.214,4.999,0.1969,0.9841,50
C0730,71.493,4.991,0.1998,0.9969,60
C0730,70.839,5.007,0.1897,0.9497,70
C0730,71.803,4.976,0.1935,0.9631,80
C0730,71.39,4.985,0.1941,0.9675,90
C0730,70.502,4.98,0.1968,0.9801,100
C0731,79.843,5.042,0.2257,1.1382,10
C0731,81.824,5.043,0.233,1.1751,20
C0731,84.694,5.073,0.2372,1.2032,30
C0731,85.848,5.112,0.2565,1.3114,40
C0731,85.291,5.132,0.2698,1.3848,50
C0731,89.15,5.14,0.27,1.3878,60
C0731,89.7,5.162,0.2929,1.5122,70
C0731,91.731,5.191,0.2993,1.5535,80
C0731,95.688,5.165,0.3002,1.5507,90
C0731,94.615,5.21,0.3106,1.6181,100
C0732,67.573,4.996,0.198,0.9891,10
C0732,67.801,4.986,0.1936,0.9652,20
C0732,68.012,4.99,0.1968,0.9818,30
C0732,68.289,4.991,0.1994,0.9953,40
C0732,68.822,4.998,0.2023,1.0111,50
C0732,67.747,4.987,0.2011,1.0029,60
C0732,68.659,4.985,0.2009,1.0017,70
C0732,67.69,4.997,0.1984,0.9913,80
C0732,67.425,4.988,0.2072,1.0336,90
C0732,68.377,5.015,0.1927,0.9665,100
C0733,72.938,4.994,0.1913,0.9553,10
C0733,72.538,4.998,0.1875,0.9374,20
C0733,72.552,5.011,0.1854,0.9288,30
C0733,71.81,5.003,0.1898,0.9494,40
C0733,73.801,5.007,0.1912,0.9571,50
C0733,73.233,4.991,0.1834,0.9156,60
C0733,71.559,4.999,0.1892,0.9456,70
C0733,71.992,5.014,0.1861,0.9333,80
C0733,72.4,4.985,0.1932,0.9631,90
C0733,73.648,4.997,0.1903,0.9508,100
C0734,71.586,5.018,0.2,1.0038,10
C0734,71.21,4.986,0.1993,0.9935,20
C0734,72.242,5.018,0.1976,0.9917,30
C0734,71.347,5.021,0.2,1.004,40
C0734,71.72,5.041,0.1903,0.9593,50
C0734,71.783,5.004,0.2001,1.0012,60
C0734,70.737,5.003,0.194,0.9706,70
C0734,71.845,5.01,0.1942,0.973,80
C0734,71.577,5.014,0.2025,1.0153,90
C0734,72.097,5.013,0.2049,1.0273,100
C0735,79.736,5.071,0.223,1.131,10
C0735,80.931,5.07,0.2233,1.1322,20
C0735,84.076,5.086,0.2387,1.2143,30
C0735,86.582,5.125,0.2534,1.2983,40
C0735,84.774,5.132,0.2574,1.3207,50
C0735,86.36,5.147,0.2651,1.3647,60
C0735,89.976,5.153,0.2751,1.4177,70
C0735,92.661,5.179,0.2942,1.5239,80
C0735,95.715,5.19,0.3002,1.5581,90
C0735,95.026,5.205,0.3062,1.5937,100
C0736,76.006,5.073,0.2354,1.1942,10
C0736,77.698,5.07,0.2389,1.2109,20
C0736,79.923,5.091,0.2456,1.2503,30
C0736,80.157,5.112,0.2649,1.3542,40
C0736,84.28,5.129,0.2707,1.3882,50
C0736,86.262,5.146,0.2806,1.4441,60
C0736,86.788,5.162,0.2904,1.499,70
C0736,90.424,5.169,0.2985,1.5427,80
C0736,90.365,5.211,0.3157,1.6454,90
C0736,91.344,5.222,0.3202,1.6722,100
C0737,71.392,4.961,0.1904,0.9447,10
C0737,71.422,4.953,0.1895,0.9388,20
C0737,71.576,4.972,0.197,0.9793,30
C0737,71.538,4.97,0.196,0.9743,40
C0737,71.559,4.96,0.1903,0.9438,50
C0737,72.451,5.002,0.1964,0.9825,60
C0737,70.84,4.989,0.1918,0.9567,70
C0737,71.7,4.969,0.1942,0.9652,80
C0737,71.181,4.983,0.1928,0.9604,90
C0737,71.813,4.975,0.1931,0.9605,100
C0738,70.715,4.998,0.2038,1.0188,10
C0738,69.931,4.99,0.1997,0.9967,20
C0738,70.385,4.987,0.2035,1.0149,30
C0738,69.962,4.966,0.2016,1.0009,40
C0738,68.98,4.998,0.2016,1.0078,50
C0738,69.941,4.995,0.2024,1.0111,60
C0738,69.446,4.998,0.2027,1.0129,70
C0738,70.799,4.979,0.1997,0.9941,80
C0738,69.166,4.98,0.1995,0.9933,90
C0738,69.789,5.001,0.1966,0.9835,100
C0739,70.108,4.979,0.1994,0.9928,10
C0739,71.063,4.987,0.1915,0.9552,20
C0739,70.373,4.978,0.1972,0.9815,30
C0739,70.831,4.973,0.1906,0.948,40
C0739,69.226,4.979,0.1988,0.9899,50
C0739,70.56,4.968,0.1923,0.9551,60
C0739,70.597,4.984,0.1911,0.9526,70
C0739,71.209,4.969,0.1869,0.9287,80
C0739,70.616,4.99,0.1921,0.9588,90
C0739,70.68,4.974,0.1957,0.9732,100
C0740,73.02,5.014,0.2026,1.0157,10
C0740,74.069,5.009,0.2016,1.0098,20
C0740,74.206,5.031,0.2004,1.0082,30
C0740,74.415,5.006,0.205,1.0263,40
C0740,74.42,5.007,0.1942,0.9723,50
C0740,74.46,5.007,0.2016,1.0096,60
C0740,73.604,5.024,0.2053,1.0315,70
C0740,75.172,5.021,0.2043,1.0256,80
C0740,73.628,5.028,0.1982,0.9965,90
C0740,74.152,5.017,0.2049,1.028,100
C0741,72.376,5.047,0.1919,0.9685,10
C0741,72.335,5.023,0.2038,1.0237,20
C0741,73.83,5.034,0.199,1.0017,30
C0741,72.324,5.03,0.1974,0.9927,40
C0741,71.577,5.038,0.1931,0.9728,50
C0741,72.174,5.032,0.194,0.9761,60
C0741,72.745,5.027,0.2013,1.0118,70
C0741,71.864,5.03,0.1927,0.9694,80
C0741,72.976,5.028,0.1948,0.9795,90
C0741,72.272,5.03,0.1986,0.9993,100
C0742,74.195,4.988,0.1861,0.928,10
C0742,73.595,5.003,0.1865,0.9333,20
C0742,72.07,4.989,0.1848,0.922,30
C0742,72.813,5.001,0.1878,0.9393,40
C0742,72.785,4.989,0.1896,0.9458,50
C0742,73.577,4.997,0.1877,0.938,60
C0742,72.858,5.01,0.1848,0.9261,70
C0742,73.679,5.003,0.1885,0.9433,80
C0742,73.537,4.987,0.1905,0.9501,90
C0742,73.067,4.99,0.1903,0.9494,100
C0743,72.128,5.01,0.1932,0.9679,10
C0743,73.024,5.003,0.1985,0.9932,20
C0743,70.532,5.022,0.2062,1.0354,30
C0743,72.25,5.028,0.195,0.9807,40
C0743,72.181,5.017,0.2035,1.0212,50
C0743,70.952,5.027,0.1971,0.9909,60
C0743,71.068,5.012,0.189,0.9474,70
C0743,69.657,5.003,0.1939,0.9699,80
C0743,71.665,5.002,0.1942,0.9711,90
C0743,71.758,5.009,0.1911,0.9572,100
C0744,71.455,5.055,0.2098,1.0604,10
C0744,70.164,5.052,0.2037,1.029,20
C0744,70.07,5.055,0.212,1.0718,30
C0744,70.673,5.049,0.2028,1.0241,40
C0744,70.907,5.059,0.2106,1.0651,50
C0744,71.23,5.045,0.2048,1.0331,60
C0744,71.38,5.059,0.2067,1.0457,70
C0744,70.647,5.063,0.2059,1.0427,80
C0744,71.351,5.05,0.2032,1.0261,90
C0744,71.87,5.052,0.2045,1.0334,100
C0745,73.873,4.957,0.2117,1.0496,10
C0745,74.391,4.967,0.2107,1.0466,20
C0745,74.37,4.975,0.2123,1.0562,30
C0745,73.8,4.963,0.2149,1.0666,40
C0745,73.052,4.96,0.2124,1.0534,50
C0745,73.541,4.971,0.2137,1.062,60
C0745,75.503,4.96,0.213,1.0564,70
C0745,73.44,4.987,0.2198,1.0963,80
C0745,73.073,4.966,0.2132,1.0586,90
C0745,73.81,4.963,0.2161,1.0725,100
C0746,73.778,5.008,0.2015,1.0092,10
C0746,75.068,5.006,0.2029,1.0155,20
C0746,74.576,5.028,0.2063,1.037,30
C0746,74.076,5.034,0.1989,1.0014,40
C0746,75.337,5.014,0.2042,1.024,50
C0746,74.817,5.022,0.2063,1.0358,60
C0746,74.917,5.027,0.2054,1.0328,70
C0746,73.923,5.022,0.2013,1.0111,80
C0746,74.016,5.017,0.2043,1.0249,90
C0746,74.832,5.03,0.2088,1.0503,100
C0747,73.464,5.003,0.1865,0.9331,10
C0747,71.496,5.018,0.19,0.9535,20
C0747,72.798,5.006,0.1938,0.9704,30
C0747,72.875,4.99,0.1854,0.9251,40
C0747,72.636,5.004,0.1868,0.9348,50
C0747,73.15,5.001,0.183,0.9152,60
C0747,71.634,4.985,0.1833,0.9134,70
C0747,71.879,5.001,0.1822,0.911,80
C0747,71.641,4.998,0.1866,0.9324,90
C0747,71.964,5.001,0.1929,0.9647,100
C0748,73.618,4.983,0.201,1.0014,10
C0748,73.57,4.986,0.2121,1.0577,20
C0748,73.162,5.006,0.209,1.0463,30
C0748,72.701,4.974,0.2125,1.057,40
C0748,74.359,4.983,0.2074,1.0335,50
C0748,72.914,4.996,0.2029,1.0135,60
C0748,74.12,4.996,0.207,1.0342,70
C0748,74.193,5.001,0.2079,1.0396,80
C0748,73.508,4.982,0.2038,1.0155,90
C0748,73.153,4.987,0.2061,1.0281,100
C0749,69.881,4.994,0.1951,0.9746,10
C0749,69.648,4.979,0.2017,1.0043,20
C0749,69.064,4.99,0.2107,1.0513,30
C0749,69.24,4.995,0.2113,1.0555,40
C0749,69.984,4.981,0.2061,1.0263,50
C0749,69.982,4.982,0.2106,1.0494,60
C0749,69.121,4.993,0.2117,1.0569,70
C0749,69.901,4.979,0.2015,1.0035,80
C0749,69.121,4.994,0.2072,1.0349,90
C0749,69.426,4.993,0.2001,0.9992,100
C0750,70.717,5.033,0.1815,0.9133,10
C0750,72.34,5.022,0.1927,0.968,20
C0750,72.228,5.046,0.1941,0.9793,30
C0750,71.656,5.024,0.1861,0.9349,40
C0750,71.267,5.027,0.1871,0.9406,50
C0750,71.42,5.026,0.1855,0.9326,60
C0750,71.936,5.044,0.1801,0.9083,70
C0750,71.425,5.033,0.1818,0.9148,80
C0750,71.535,5.035,0.1886,0.9496,90
C0750,71.653,5.025,0.1946,0.9777,100
C0751,73.158,5.061,0.2005,1.0146,10
C0751,73.3,5.041,0.2038,1.0273,20
C0751,72.929,5.047,0.2043,1.0313,30
C0751,72.464,5.031,0.202,1.0164,40
C0751,71.634,5.042,0.2033,1.0253,50
C0751,72.399,5.037,0.204,1.0274,60
C0751,72.955,5.046,0.2034,1.0265,70
C0751,72.57,5.036,0.202,1.0175,80
C0751,73.378,5.039,0.2056,1.0358,90
C0751,71.287,5.04,0.2007,1.0113,100
C0752,70.226,5.032,0.1964,0.9883,10
C0752,69.443,5.002,0.202,1.0105,20
C0752,70.235,5.022,0.2021,1.0152,30
C0752,71.013,5.0,0.1957,0.9787,40
C0752,70.383,5.007,0.1936,0.9692,50
C0752,69.312,5.008,0.1965,0.9841,60
C0752,68.892,5.004,0.1948,0.9748,70
C0752,69.882,4.986,0.1994,0.9945,80
C0752,69.813,5.005,0.2034,1.0182,90
C0752,68.679,4.999,0.1978,0.9885,100
C0753,72.809,5.043,0.2056,1.037,10
C0753,71.431,5.011,0.2153,1.079,20
C0753,71.753,5.038,0.2053,1.0342,30
C0753,71.443,5.017,0.2159,1.0833,40
C0753,72.277,5.005,0.2091,1.0465,50
C0753,72.433,5.036,0.2126,1.0708,60
C0753,71.965,5.016,0.2152,1.0796,70
C0753,71.139,5.009,0.2118,1.0608,80
C0753,71.591,5.032,0.2129,1.0714,90
C0753,72.882,5.029,0.2152,1.0823,100
C0754,71.161,5.008,0.1822,0.9123,10
C0754,70.5,4.998,0.1763,0.8812,20
C0754,69.304,5.013,0.1807,0.9059,30
C0754,71.836,5.013,0.1903,0.9539,40
C0754,70.333,4.984,0.1797,0.8954,50
C0754,70.455,4.976,0.1821,0.9062,60
C0754,70.602,4.987,0.1799,0.8969,70
C0754,70.591,5.003,0.1805,0.9028,80
C0754,70.898,5.001,0.1842,0.9212,90
C0754,70.332,4.986,0.1908,0.9514,100
C0755,72.047,5.006,0.183,0.9163,10
C0755,72.318,4.997,0.1851,0.9248,20
C0755,71.988,5.007,0.185,0.9263,30
C0755,71.771,5.021,0.1841,0.9245,40
C0755,70.968,5.007,0.1835,0.9185,50
C0755,71.239,5.014,0.1854,0.9297,60
C0755,71.773,5.003,0.1854,0.9275,70
C0755,72.492,5.015,0.1891,0.9486,80
C0755,71.785,5.006,0.1883,0.9426,90
C0755,70.875,5.007,0.1843,0.9227,100
C0756,72.438,5.036,0.208,1.0474,10
C0756,74.113,5.028,0.2055,1.0335,20
C0756,72.67,5.009,0.2047,1.0253,30
C0756,72.814,5.029,0.2003,1.0072,40
C0756,72.836,5.032,0.2087,1.0501,50
C0756,71.863,5.033,0.205,1.0318,60
C0756,72.868,5.003,0.2119,1.0603,70
C0756,73.085,5.011,0.2075,1.0397,80
C0756,73.186,5.039,0.2047,1.0316,90
C0756,72.986,5.02,0.2084,1.046,100
C0757,70.822,4.985,0.1856,0.9254,10
C0757,70.047,4.989,0.1815,0.9055,20
C0757,70.774,4.978,0.1901,0.9461,30
C0757,70.506,4.999,0.186,0.9297,40
C0757,71.169,4.986,0.182,0.9077,50
C0757,71.161,4.981,0.1867,0.93,60
C0757,71.28,5.004,0.1873,0.9375,70
C0757,71.491,4.992,0.1845,0.9212,80
C0757,71.325,4.984,0.1838,0.916,90
C0757,70.263,4.992,0.1832,0.9144,100
C0758,79.265,5.094,0.2205,1.1232,10
C0758,80.49,5.114,0.2385,1.22,20
C0758,80.732,5.143,0.242,1.2445,30
C0758,85.652,5.173,0.2532,1.3099,40
C0758,83.887,5.17,0.2631,1.3603,50
C0758,88.887,5.194,0.2728,1.4171,60
C0758,87.738,5.203,0.2876,1.4964,70
C0758,93.175,5.223,0.2995,1.5642,80
C0758,92.093,5.237,0.3005,1.5738,90
C0758,95.472,5.262,0.3131,1.6476,100
C0759,72.979,5.013,0.197,0.9876,10
C0759,73.098,5.02,0.204,1.0241,20
C0759,72.744,5.019,0.2036,1.0215,30
C0759,73.291,5.012,0.1969,0.9868,40
C0759,72.758,5.003,0.2008,1.0044,50
C0759,72.917,5.023,0.2053,1.031,60
C0759,72.99,5.025,0.2028,1.0191,70
C0759,72.986,5.009,0.1983,0.9934,80
C0759,73.199,4.997,0.1989,0.9938,90
C0759,72.971,5.004,0.2027,1.0142,100
C0760,72.011,5.019,0.2088,1.048,10
C0760,73.293,5.022,0.2046,1.0273,20
C0760,72.72,5.01,0.1971,0.9876,30
C0760,72.209,5.015,0.1943,0.9741,40
C0760,72.129,5.002,0.2041,1.0211,50
C0760,71.891,5.014,0.1973,0.9891,60
C0760,73.18,4.993,0.202,1.0085,70
C0760,71.455,5.005,0.2009,1.0056,80
C0760,72.374,5.013,0.2007,1.0059,90
C0760,71.836,5.009,0.2002,1.0027,100
C0761,72.373,5.018,0.2084,1.046,10
C0761,72.259,5.005,0.2039,1.0207,20
C0761,72.523,5.006,0.1981,0.9917,30
C0761,72.655,5.009,0.1999,1.0013,40
C0761,71.807,5.017,0.206,1.0333,50
C0761,72.485,5.01,0.2069,1.0366,60
C0761,72.606,5.024,0.2054,1.032,70
C0761,71.776,5.005,0.2002,1.002,80
C0761,72.679,5.002,0.1963,0.982,90
C0761,70.996,5.002,0.1984,0.9924,100
C0762,72.011,5.004,0.2074,1.0379,10
C0762,72.188,5.02,0.196,0.9839,20
C0762,71.636,5.016,0.2067,1.0368,30
C0762,72.638,5.013,0.206,1.0324,40
C0762,72.005,5.034,0.2126,1.0703,50
C0762,72.484,5.011,0.2086,1.0455,60
C0762,72.683,5.014,0.2035,1.0204,70
C0762,73.257,5.013,0.2145,1.0755,80
C0762,72.299,5.008,0.212,1.0618,90
C0762,72.367,5.012,0.2017,1.0108,100
C0763,71.61,5.015,0.1968,0.9869,10
C0763,71.165,5.011,0.2013,1.009,20
C0763,71.521,5.03,0.1884,0.9474,30
C0763,71.095,5.01,0.1963,0.9836,40
C0763,70.788,5.001,0.2,1.0004,50
C0763,71.051,5.023,0.1926,0.9676,60
C0763,70.426,5.02,0.1999,1.0033,70
C0763,71.038,5.007,0.2024,1.0132,80
C0763,71.373,5.007,0.1914,0.9582,90
C0763,70.994,5.013,0.2004,1.0047,100
C0764,72.364,5.001,0.1986,0.993,10
C0764,73.108,4.987,0.2029,1.0119,20
C0764,73.134,4.99,0.1941,0.9686,30
C0764,72.03,4.982,0.1985,0.9891,40
C0764,73.166,4.976,0.2008,0.9993,50
C0764,71.448,4.985,0.2026,1.01,60
C0764,72.166,4.986,0.197,0.9823,70
C0764,72.165,5.005,0.196,0.9811,80
C0764,73.122,5.0,0.2051,1.0255,90
C0764,72.16,5.0,0.1956,0.9779,100
C0765,73.356,4.984,0.1874,0.934,10
C0765,74.946,4.973,0.1951,0.9701,20
C0765,72.575,5.006,0.1984,0.9931,30
C0765,72.976,4.988,0.1924,0.9599,40
C0765,74.026,4.992,0.1902,0.9494,50
C0765,73.9,4.967,0.1937,0.9623,60
C0765,72.697,4.998,0.1875,0.9374,70
C0765,74.109,4.994,0.2009,1.003,80
C0765,74.997,4.999,0.1933,0.9665,90
C0765,74.602,4.988,0.1948,0.9719,100
C0766,71.102,5.019,0.2136,1.0721,10
C0766,70.051,5.028,0.2125,1.0686,20
C0766,72.496,5.034,0.2123,1.069,30
C0766,71.032,5.018,0.2121,1.0644,40
C0766,71.131,5.022,0.207,1.0396,50
C0766,70.781,5.032,0.2099,1.0564,60
C0766,70.439,5.034,0.2139,1.0769,70
C0766,71.142,5.026,0.2142,1.0762,80
C0766,70.955,5.019,0.2159,1.0838,90
C0766,71.282,5.03,0.2055,1.0336,100
C0767,68.156,4.937,0.2141,1.057,10
C0767,68.828,4.929,0.2123,1.0467,20
C0767,70.033,4.94,0.2185,1.0792,30
C0767,68.957,4.947,0.2205,1.0909,40
C0767,70.553,4.931,0.2219,1.0941,50
C0767,68.563,4.932,0.2243,1.1062,60
C0767,70.009,4.954,0.2219,1.0996,70
C0767,70.043,4.942,0.2185,1.0799,80
C0767,68.393,4.934,0.2156,1.0636,90
C0767,69.934,4.947,0.2161,1.069,100
C0768,74.321,4.999,0.2002,1.0009,10
C0768,73.804,4.996,0.1952,0.9752,20
C0768,72.57,5.008,0.2009,1.0064,30
C0768,73.785,5.017,0.1946,0.9763,40
C0768,74.34,5.016,0.1989,0.9975,50
C0768,74.232,5.006,0.1997,0.9995,60
C0768,73.922,5.01,0.2014,1.0089,70
C0768,73.954,5.015,0.1982,0.994,80
C0768,73.982,5.024,0.199,0.9997,90
C0768,74.34,5.022,0.1916,0.9622,100
C0769,73.62,4.979,0.1989,0.9906,10
C0769,72.989,4.98,0.1979,0.9854,20
C0769,74.082,4.979,0.1933,0.9624,30
C0769,74.559,4.983,0.1992,0.9925,40
C0769,73.528,4.967,0.2008,0.9971,50
C0769,74.139,4.996,0.2007,1.0025,60
C0769,73.76,4.991,0.1964,0.9801,70
C0769,73.818,4.971,0.2015,1.0019,80
C0769,74.292,4.962,0.2054,1.0195,90
C0769,73.946,4.98,0.2064,1.0279,100
C0770,70.477,4.978,0.1917,0.9542,10
C0770,69.734,4.982,0.1931,0.9621,20
C0770,70.173,4.963,0.2018,1.0014,30
C0770,70.42,4.97,0.1931,0.9597,40
C0770,70.074,4.963,0.1897,0.9415,50
C0770,71.388,4.972,0.2048,1.0184,60
C0770,70.389,4.962,0.201,0.9976,70
C0770,71.449,4.975,0.1904,0.9474,80
C0770,71.861,4.97,0.1932,0.9601,90
C0770,71.5,4.971,0.1902,0.9456,100
C0771,77.164,5.035,0.2235,1.1253,10
C0771,77.249,5.058,0.2368,1.1979,20
C0771,83.084,5.09,0.2525,1.2851,30
C0771,82.438,5.115,0.253,1.2939,40
C0771,83.497,5.113,0.2645,1.3523,50
C0771,88.113,5.16,0.2765,1.4269,60
C0771,89.192,5.149,0.2856,1.4705,70
C0771,88.896,5.189,0.2922,1.5164,80
C0771,90.848,5.193,0.316,1.6408,90
C0771,92.076,5.212,0.3108,1.62,100
C0772,78.624,5.061,0.2296,1.1621,10
C0772,80.849,5.087,0.2374,1.2076,20
C0772,80.565,5.121,0.2531,1.2963,30
C0772,83.916,5.106,0.2625,1.3404,40
C0772,86.614,5.123,0.2638,1.3514,50
C0772,89.52,5.152,0.2841,1.464,60
C0772,88.531,5.168,0.2956,1.5277,70
C0772,92.06,5.197,0.3063,1.5917,80
C0772,92.318,5.205,0.3126,1.627,90
C0772,95.548,5.219,0.3208,1.6745,100
C0773,73.953,4.987,0.2075,1.0348,10
C0773,73.694,4.988,0.1995,0.9953,20
C0773,73.591,4.995,0.2109,1.0536,30
C0773,73.56,4.985,0.2054,1.0238,40
C0773,73.265,4.991,0.2085,1.0406,50
C0773,73.876,4.978,0.2113,1.0519,60
C0773,72.963,4.985,0.2047,1.0206,70
C0773,73.275,5.004,0.209,1.0458,80
C0773,73.469,4.998,0.1967,0.9831,90
C0773,73.239,4.978,0.2035,1.0133,100
C0774,70.371,5.019,0.1904,0.9556,10
C0774,69.842,4.999,0.1924,0.962,20
C0774,69.177,5.011,0.1961,0.9824,30
C0774,69.082,5.007,0.2044,1.0234,40
C0774,69.3,4.999,0.1968,0.9837,50
C0774,69.032,5.012,0.2011,1.0078,60
C0774,69.438,5.009,0.2,1.002,70
C0774,70.397,5.026,0.1884,0.9471,80
C0774,69.038,5.021,0.1973,0.9905,90
C0774,69.511,5.011,0.1926,0.9652,100
C0775,72.721,5.075,0.1918,0.9732,10
C0775,72.179,5.064,0.1981,1.0033,20
C0775,72.554,5.071,0.1921,0.9741,30
C0775,72.177,5.075,0.2016,1.023,40
C0775,72.208,5.055,0.1993,1.0077,50
C0775,72.394,5.065,0.1983,1.0045,60
C0775,71.502,5.069,0.1958,0.9926,70
C0775,72.757,5.06,0.1975,0.9996,80
C0775,72.347,5.055,0.1916,0.9685,90
C0775,72.556,5.052,0.1939,0.9793,100
C0776,71.277,5.01,0.1998,1.0008,10
C0776,70.57,5.022,0.1996,1.0023,20
C0776,71.153,5.019,0.2072,1.0401,30
C0776,72.008,5.02,0.2081,1.0447,40
C0776,70.243,5.039,0.2058,1.0371,50
C0776,71.512,5.012,0.2013,1.0088,60
C0776,71.816,5.027,0.2057,1.0341,70
C0776,71.013,5.011,0.2038,1.0214,80
C0776,71.912,5.021,0.209,1.0491,90
C0776,71.47,5.021,0.2057,1.0328,100
C0777,72.278,5.007,0.1922,0.9625,10
C0777,73.403,5.008,0.2031,1.0171,20
C0777,71.828,5.004,0.2001,1.0011,30
C0777,73.685,5.015,0.1933,0.9695,40
C0777,72.711,4.985,0.1973,0.9836,50
C0777,73.698,5.007,0.1994,0.9986,60
C0777,73.33,5.004,0.1874,0.9378,70
C0777,73.804,5.011,0.1921,0.9628,80
C0777,73.222,5.009,0.2024,1.0137,90
C0777,73.283,5.012,0.1979,0.992,100
C0778,70.951,4.995,0.2038,1.0182,10
C0778,70.338,5.002,0.195,0.9755,20
C0778,70.067,5.015,0.197,0.988,30
C0778,69.669,4.984,0.209,1.0417,40
C0778,69.77,4.987,0.1962,0.9785,50
C0778,70.681,4.992,0.2001,0.999,60
C0778,71.959,4.985,0.2016,1.005,70
C0778,71.049,4.987,0.204,1.0172,80
C0778,70.606,5.0,0.2016,1.0081,90
C0778,69.615,5.01,0.2103,1.0536,100
C0779,73.746,4.986,0.2027,1.0105,10
C0779,72.761,4.988,0.209,1.0423,20
C0779,73.091,4.985,0.2015,1.0045,30
C0779,72.419,4.994,0.1992,0.9949,40
C0779,73.451,5.015,0.2013,1.0093,50
C0779,72.76,4.997,0.2079,1.0389,60
C0779,73.455,4.994,0.1937,0.9673,70
C0779,73.113,5.004,0.2058,1.0296,80
C0779,73.931,4.989,0.2003,0.9995,90
C0779,73.073,5.003,0.2009,1.0051,100
C0780,72.574,5.034,0.1864,0.9385,10
C0780,72.951,5.034,0.1907,0.9599,20
C0780,72.523,5.022,0.1907,0.9578,30
C0780,73.351,5.022,0.1869,0.9387,40
C0780,72.948,5.037,0.1914,0.964,50
C0780,73.203,5.012,0.186,0.9324,60
C0780,72.654,5.037,0.1862,0.9377,70
C0780,73.539,5.017,0.1852,0.929,80
C0780,73.076,5.039,0.1863,0.9386,90
C0780,71.25,5.007,0.1883,0.9429,100
C0781,70.77,4.938,0.1837,0.9071,10
C0781,70.892,4.948,0.191,0.945,20
C0781,70.563,4.952,0.1927,0.9542,30
C0781,70.439,4.961,0.1879,0.9321,40
C0781,70.276,4.943,0.1829,0.9043,50
C0781,70.024,4.936,0.1856,0.9161,60
C0781,71.261,4.954,0.188,0.9314,70
C0781,70.353,4.953,0.1897,0.9396,80
C0781,70.099,4.959,0.1883,0.9335,90
C0781,70.946,4.954,0.1839,0.9109,100
C0782,80.233,5.022,0.2235,1.1223,10
C0782,82.544,5.037,0.2325,1.1709,20
C0782,81.567,5.044,0.2483,1.2523,30
C0782,85.872,5.068,0.2569,1.3018,40
C0782,87.597,5.073,0.2732,1.3859,50
C0782,87.713,5.091,0.2725,1.3876,60
C0782,89.28,5.123,0.2866,1.4685,70
C0782,91.486,5.123,0.2951,1.5119,80
C0782,96.247,5.146,0.3038,1.5632,90
C0782,96.743,5.147,0.3185,1.6391,100
C0783,73.31,4.985,0.2029,1.0113,10
C0783,71.994,4.972,0.2017,1.0028,20
C0783,73.705,4.988,0.2104,1.0497,30
C0783,72.732,5.005,0.2129,1.0653,40
C0783,73.475,4.98,0.2035,1.0136,50
C0783,73.572,5.006,0.2057,1.0297,60
C0783,72.504,5.006,0.2045,1.0236,70
C0783,74.326,4.993,0.2055,1.026,80
C0783,74.033,4.979,0.2049,1.0204,90
C0783,73.135,4.985,0.2083,1.0382,100
C0784,73.254,4.97,0.1939,0.9637,10
C0784,72.368,4.984,0.1959,0.9764,20
C0784,72.622,4.977,0.193,0.9605,30
C0784,73.176,4.98,0.1997,0.9948,40
C0784,72.143,4.977,0.1964,0.9774,50
C0784,72.734,4.991,0.1956,0.976,60
C0784,73.258,4.987,0.1968,0.9818,70
C0784,72.24,4.991,0.1936,0.9662,80
C0784,72.798,4.983,0.1964,0.9789,90
C0784,72.577,4.976,0.1908,0.9494,100
C0785,70.59,5.0,0.2041,1.0204,10
C0785,70.962,5.021,0.1987,0.9975,20
C0785,70.107,5.018,0.1956,0.9813,30
C0785,70.354,5.005,0.202,1.0109,40
C0785,71.582,5.002,0.2084,1.0423,50
C0785,70.312,5.008,0.2064,1.0338,60
C0785,71.751,4.982,0.2139,1.0659,70
C0785,71.028,5.015,0.2018,1.0118,80
C0785,72.502,5.025,0.2115,1.0629,90
C0785,71.505,5.021,0.1989,0.9988,100
C0786,72.148,4.987,0.1941,0.9678,10
C0786,71.619,4.975,0.2024,1.0069,20
C0786,72.209,4.977,0.1972,0.9817,30
C0786,70.994,4.973,0.2052,1.0203,40
C0786,71.689,4.955,0.197,0.9761,50
C0786,72.018,4.967,0.2017,1.0016,60
C0786,72.242,4.958,0.1995,0.9893,70
C0786,71.289,4.974,0.2043,1.0161,80
C0786,70.715,4.97,0.2047,1.0173,90
C0786,70.49,4.97,0.1963,0.9757,100
C0787,70.754,5.004,0.2041,1.0216,10
C0787,70.335,4.992,0.203,1.0132,20
C0787,69.552,5.006,0.2001,1.0019,30
C0787,70.816,5.002,0.2001,1.001,40
C0787,70.653,4.987,0.197,0.9823,50
C0787,71.613,5.005,0.2038,1.0201,60
C0787,70.34,4.999,0.2017,1.0082,70
C0787,71.27,4.997,0.2015,1.0068,80
C0787,70.973,5.008,0.1988,0.9954,90
C0787,71.316,4.984,0.1951,0.9722,100
C0788,72.865,4.989,0.1939,0.9676,10
C0788,72.379,4.98,0.1952,0.9721,20
C0788,72.831,4.998,0.194,0.9695,30
C0788,73.244,4.99,0.1878,0.9371,40
C0788,72.053,4.983,0.1919,0.9563,50
C0788,72.956,5.005,0.1947,0.9746,60
C0788,73.186,5.006,0.1813,0.9075,70
C0788,72.537,5.007,0.1849,0.9259,80
C0788,72.776,5.003,0.1914,0.9574,90
C0788,72.942,5.004,0.1903,0.9523,100
C0789,70.939,4.981,0.2043,1.0175,10
C0789,70.621,4.982,0.2058,1.0256,20
C0789,70.349,4.971,0.2045,1.0165,30
C0789,70.663,4.977,0.2133,1.0616,40
C0789,71.421,4.982,0.2145,1.0687,50
C0789,70.797,4.984,0.2084,1.0385,60
C0789,71.15,4.972,0.2058,1.0234,70
C0789,70.38,4.983,0.2071,1.0319,80
C0789,69.737,4.984,0.2079,1.0363,90
C0789,71.889,4.989,0.2115,1.0551,100
C0790,68.809,4.979,0.2071,1.0313,10
C0790,69.088,4.997,0.2096,1.0471,20
C0790,69.712,4.99,0.2115,1.0556,30
C0790,69.045,4.978,0.207,1.0302,40
C0790,70.321,4.99,0.2119,1.0572,50
C0790,70.593,4.998,0.2027,1.0132,60
C0790,70.394,4.988,0.2141,1.0681,70
C0790,70.411,4.984,0.2117,1.0552,80
C0790,70.645,4.982,0.2069,1.0309,90
C0790,70.108,5.003,0.2091,1.0462,100
C0791,73.181,5.012,0.2131,1.0682,10
C0791,72.176,5.008,0.2084,1.0436,20
C0791,71.854,5.02,0.2209,1.1088,30
C0791,72.617,5.006,0.2011,1.0069,40
C0791,73.606,5.0,0.2089,1.0443,50
C0791,72.405,5.013,0.2148,1.0767,60
C0791,72.071,5.017,0.2127,1.067,70
C0791,72.285,5.01,0.2121,1.0624,80
C0791,71.831,5.001,0.2103,1.0519,90
C0791,72.857,5.017,0.2137,1.0721,100
C0792,71.778,5.018,0.2027,1.0171,10
C0792,71.55,5.01,0.2041,1.0228,20
C0792,72.207,5.031,0.2028,1.0203,30
C0792,72.31,5.042,0.203,1.0237,40
C0792,72.086,5.0,0.1993,0.9963,50
C0792,71.726,5.013,0.2125,1.065,60
C0792,72.03,5.032,0.2042,1.0275,70
C0792,71.069,5.017,0.2053,1.0302,80
C0792,71.289,5.029,0.2071,1.0418,90
C0792,71.674,5.004,0.2112,1.0567,100
C0793,80.473,5.014,0.2091,1.0483,10
C0793,81.379,5.014,0.2269,1.1375,20
C0793,81.034,5.067,0.2166,1.0974,30
C0793,84.836,5.071,0.2428,1.2315,40
C0793,85.149,5.086,0.2506,1.2746,50
C0793,86.145,5.099,0.258,1.3154,60
C0793,88.595,5.12,0.2613,1.3379,70
C0793,90.276,5.133,0.2797,1.4356,80
C0793,93.108,5.158,0.2896,1.4939,90
C0793,94.917,5.168,0.297,1.5352,100
C0794,74.997,5.142,0.2164,1.1126,10
C0794,77.411,5.15,0.2321,1.1954,20
C0794,79.565,5.156,0.2278,1.1742,30
C0794,83.042,5.211,0.2462,1.2829,40
C0794,82.947,5.22,0.2535,1.3231,50
C0794,85.454,5.235,0.2674,1.4,60
C0794,88.69,5.27,0.2771,1.4602,70
C0794,89.085,5.259,0.2892,1.5211,80
C0794,92.742,5.289,0.2932,1.5509,90
C0794,92.061,5.31,0.3115,1.6541,100
C0795,71.571,4.999,0.1999,0.9995,10
C0795,70.529,5.023,0.1995,1.002,20
C0795,70.482,5.039,0.2023,1.0192,30
C0795,71.597,5.022,0.1931,0.9697,40
C0795,71.528,5.029,0.1858,0.9344,50
C0795,71.012,5.016,0.1909,0.9577,60
C0795,70.757,5.009,0.2,1.002,70
C0795,70.831,5.02,0.1926,0.9669,80
C0795,70.854,5.026,0.1926,0.968,90
C0795,71.547,5.037,0.1894,0.9543,100
C0796,72.611,4.955,0.1959,0.9705,10
C0796,72.456,4.938,0.2132,1.0526,20
C0796,72.853,4.949,0.2054,1.0166,30
C0796,72.723,4.937,0.2067,1.0208,40
C0796,72.137,4.969,0.213,1.0586,50
C0796,73.122,4.932,0.2106,1.0387,60
C0796,72.597,4.959,0.2084,1.0336,70
C0796,72.48,4.949,0.1999,0.9895,80
C0796,72.024,4.951,0.2117,1.048,90
C0796,72.154,4.946,0.2007,0.993,100
C0797,74.397,5.037,0.2013,1.0141,10
C0797,73.55,5.034,0.2024,1.019,20
C0797,74.371,5.038,0.1968,0.9917,30
C0797,74.441,5.04,0.1958,0.987,40
C0797,72.967,5.043,0.1958,0.9875,50
C0797,73.352,5.029,0.1966,0.9886,60
C0797,72.642,5.036,0.2011,1.0129,70
C0797,73.179,5.027,0.1936,0.9731,80
C0797,73.282,5.021,0.1998,1.0031,90
C0797,75.004,5.023,0.201,1.0097,100
C0798,72.529,4.974,0.2095,1.0422,10
C0798,73.601,4.997,0.2092,1.0451,20
C0798,72.758,4.991,0.2015,1.0056,30
C0798,73.537,4.982,0.2018,1.0054,40
C0798,73.37,4.986,0.2022,1.0083,50
C0798,71.87,5.004,0.2021,1.0114,60
C0798,72.537,4.985,0.2032,1.0129,70
C0798,72.248,5.017,0.1953,0.9801,80
C0798,72.926,4.999,0.2018,1.0086,90
C0798,73.324,4.99,0.211,1.0528,100
C0799,71.208,5.007,0.2177,1.09,10
C0799,71.372,5.026,0.2195,1.1031,20
C0799,71.149,5.027,0.2261,1.1364,30
C0799,71.342,5.022,0.2099,1.0542,40
C0799,71.6,5.022,0.2181,1.0955,50
C0799,71.889,5.011,0.2237,1.1212,60
C0799,71.575,5.007,0.2185,1.0942,70
C0799,72.375,5.025,0.2166,1.0884,80
C0799,72.885,5.018,0.2118,1.0631,90
C0799,72.178,5.018,0.2184,1.0958,100
C0800,73.832,5.005,0.1947,0.9745,10
C0800,72.901,4.986,0.197,0.9825,20
C0800,72.629,4.995,0.1851,0.9244,30
C0800,74.344,4.983,0.1998,0.9955,40
C0800,74.37,4.986,0.188,0.9373,50
C0800,73.45,4.985,0.1893,0.9435,60
C0800,72.338,4.982,0.1864,0.9287,70
C0800,73.664,4.997,0.1938,0.9686,80
C0800,73.539,4.978,0.1917,0.9543,90
C0800,73.809,4.981,0.1913,0.9531,100
C0801,75.515,4.988,0.1991,0.9933,10
C0801,74.701,4.995,0.1997,0.9974,20
C0801,74.127,5.003,0.1993,0.9971,30
C0801,74.782,4.995,0.2036,1.0167,40
C0801,74.962,4.992,0.1992,0.9944,50
C0801,74.622,4.984,0.1976,0.9849,60
C0801,75.007,4.998,0.197,0.9845,70
C0801,74.617,4.979,0.2014,1.0027,80
C0801,74.487,5.016,0.2032,1.0192,90
C0801,74.117,4.985,0.2034,1.014,100
C0802,73.562,4.982,0.205,1.0214,10
C0802,73.419,4.982,0.1983,0.9879,20
C0802,73.417,4.972,0.197,0.9796,30
C0802,73.014,4.98,0.2037,1.0142,40
C0802,72.558,4.968,0.2048,1.0175,50
C0802,73.624,4.986,0.2074,1.0341,60
C0802,73.642,4.973,0.2024,1.0065,70
C0802,74.315,5.005,0.2038,1.0199,80
C0802,73.64,4.984,0.202,1.007,90
C0802,74.017,4.987,0.2033,1.0141,100
C0803,74.695,4.959,0.1908,0.9463,10
C0803,75.696,4.973,0.1894,0.9422,20
C0803,75.543,4.974,0.1984,0.9871,30
C0803,74.769,4.959,0.1973,0.9786,40
C0803,75.627,4.96,0.1956,0.97,50
C0803,74.762,4.981,0.1973,0.9826,60
C0803,75.863,4.963,0.1919,0.9521,70
C0803,74.909,4.966,0.1961,0.9738,80
C0803,74.485,4.986,0.2016,1.0052,90
C0803,75.797,4.976,0.1941,0.966,100
C0804,72.022,5.01,0.2175,1.0894,10
C0804,70.676,5.001,0.2223,1.1118,20
C0804,72.254,5.007,0.2106,1.0543,30
C0804,71.452,4.996,0.2192,1.095,40
C0804,73.097,5.001,0.2125,1.0626,50
C0804,72.411,5.0,0.2098,1.0489,60
C0804,72.257,4.991,0.2146,1.0712,70
C0804,72.583,4.983,0.2189,1.0909,80
C0804,72.619,5.005,0.2128,1.0649,90
C0804,71.38,4.997,0.2161,1.0799,100
C0805,74.356,5.0,0.2081,1.0406,10
C0805,73.946,5.021,0.2069,1.039,20
C0805,72.391,5.011,0.2152,1.0782,30
C0805,73.574,5.031,0.2064,1.0381,40
C0805,73.051,4.997,0.2101,1.0496,50
C0805,73.563,4.997,0.2142,1.0703,60
C0805,73.657,4.994,0.2122,1.0595,70
C0805,73.244,5.005,0.2133,1.0674,80
C0805,74.096,5.014,0.2099,1.0524,90
C0805,72.912,5.001,0.2098,1.0492,100
C0806,74.405,5.013,0.187,0.9374,10
C0806,73.803,5.014,0.1969,0.9871,20
C0806,73.977,5.007,0.1924,0.9634,30
C0806,74.337,5.015,0.1912,0.959,40
C0806,74.905,5.026,0.1942,0.9762,50
C0806,73.609,5.049,0.1961,0.99,60
C0806,74.629,5.008,0.1957,0.9799,70
C0806,74.019,5.018,0.1852,0.9291,80
C0806,73.574,5.024,0.1959,0.9843,90
C0806,74.73,5.026,0.1916,0.9631,100
C0807,72.483,4.969,0.2041,1.0142,10
C0807,72.187,4.977,0.202,1.0052,20
C0807,72.854,4.956,0.197,0.9764,30
C0807,72.027,4.977,0.1998,0.9943,40
C0807,72.006,4.979,0.1978,0.9847,50
C0807,71.78,4.974,0.2087,1.038,60
C0807,71.998,4.963,0.1968,0.9768,70
C0807,71.791,4.982,0.1976,0.9847,80
C0807,72.193,4.968,0.1939,0.9631,90
C0807,71.813,4.944,0.1998,0.9879,100
C0808,74.058,4.981,0.1937,0.965,10
C0808,72.273,4.992,0.1866,0.9317,20
C0808,71.991,4.996,0.1918,0.9585,30
C0808,73.421,4.991,0.1991,0.9937,40
C0808,72.895,4.997,0.1848,0.9234,50
C0808,72.366,4.996,0.1899,0.9487,60
C0808,72.847,4.983,0.1907,0.9503,70
C0808,72.805,4.979,0.1928,0.96,80
C0808,71.714,4.993,0.1973,0.985,90
C0808,73.143,4.998,0.1866,0.9328,100
C0809,69.044,5.009,0.2068,1.0358,10
C0809,69.085,5.014,0.2048,1.0269,20
C0809,69.669,5.033,0.2047,1.0304,30
C0809,71.682,5.034,0.2056,1.0353,40
C0809,69.146,5.043,0.201,1.0135,50
C0809,69.129,5.025,0.2048,1.0289,60
C0809,69.398,5.018,0.1994,1.0007,70
C0809,69.798,5.033,0.2056,1.0346,80
C0809,68.742,5.019,0.2067,1.0375,90
C0809,69.42,5.029,0.2135,1.0738,100
C0810,68.797,4.948,0.1846,0.9137,10
C0810,68.153,4.958,0.1814,0.8994,20
C0810,69.669,4.966,0.1883,0.9352,30
C0810,68.633,4.965,0.1833,0.91,40
C0810,69.5,4.956,0.1773,0.8788,50
C0810,67.419,4.973,0.1848,0.9193,60
C0810,68.945,4.972,0.1763,0.8766,70
C0810,68.403,4.954,0.1859,0.921,80
C0810,68.203,4.945,0.1781,0.8805,90
C0810,69.308,4.949,0.1807,0.8944,100
C0811,71.244,5.051,0.2031,1.0257,10
C0811,70.82,5.027,0.2074,1.0427,20
C0811,69.961,5.028,0.2055,1.0332,30
C0811,71.286,5.058,0.2009,1.016,40
C0811,71.758,5.041,0.2057,1.0368,50
C0811,71.398,5.048,0.2043,1.0315,60
C0811,71.472,5.032,0.2038,1.0254,70
C0811,71.658,5.043,0.2031,1.0239,80
C0811,70.167,5.058,0.198,1.0015,90
C0811,70.925,5.035,0.2047,1.0305,100
C0812,72.078,5.008,0.2114,1.0585,10
C0812,72.007,4.99,0.2079,1.0372,20
C0812,72.984,4.977,0.2178,1.0842,30
C0812,71.951,5.001,0.2124,1.0622,40
C0812,72.675,4.987,0.2137,1.0657,50
C0812,72.594,4.979,0.2084,1.0376,60
C0812,72.188,4.986,0.2173,1.0833,70
C0812,72.517,4.985,0.2103,1.0485,80
C0812,72.21,4.99,0.208,1.0378,90
C0812,72.025,5.001,0.213,1.0652,100
C0813,74.708,4.991,0.1937,0.9669,10
C0813,73.425,4.977,0.1977,0.9839,20
C0813,74.183,5.005,0.199,0.996,30
C0813,74.357,4.997,0.2053,1.0258,40
C0813,74.642,4.978,0.1935,0.9635,50
C0813,73.584,4.987,0.1964,0.9794,60
C0813,72.986,4.974,0.2114,1.0513,70
C0813,73.83,5.004,0.1984,0.9928,80
C0813,74.437,4.984,0.1994,0.9937,90
C0813,74.428,4.982,0.1946,0.9693,100
C0814,70.249,4.987,0.1959,0.977,10
C0814,71.46,5.023,0.1876,0.9421,20
C0814,71.253,5.01,0.1911,0.9576,30
C0814,70.242,4.991,0.1913,0.955,40
C0814,70.914,5.015,0.1979,0.9924,50
C0814,69.823,4.994,0.1986,0.992,60
C0814,70.354,5.001,0.1866,0.9334,70
C0814,71.484,4.983,0.1869,0.9312,80
C0814,71.423,5.021,0.1923,0.9655,90
C0814,70.764,5.011,0.1946,0.9752,100
C0815,71.882,4.95,0.1859,0.9201,10
C0815,72.457,4.952,0.1846,0.9142,20
C0815,72.557,4.962,0.1841,0.9134,30
C0815,71.499,4.957,0.1856,0.9202,40
C0815,72.821,4.945,0.1825,0.9025,50
C0815,71.94,4.96,0.1859,0.9222,60
C0815,72.267,4.95,0.1914,0.9473,70
C0815,72.61,4.94,0.1909,0.9431,80
C0815,72.674,4.966,0.1852,0.9197,90
C0815,71.756,4.954,0.188,0.9312,100
C0816,73.787,4.984,0.203,1.0117,10
C0816,73.207,4.996,0.2128,1.063,20
C0816,74.451,5.007,0.2088,1.0457,30
C0816,72.643,5.01,0.2094,1.0489,40
C0816,72.434,5.01,0.1999,1.0016,50
C0816,72.596,5.016,0.2016,1.0111,60
C0816,73.348,5.013,0.2044,1.0245,70
C0816,73.67,5.001,0.207,1.0351,80
C0816,73.642,5.004,0.2036,1.0187,90
C0816,73.989,5.006,0.2132,1.0672,100
C0817,72.665,5.055,0.1962,0.9915,10
C0817,73.968,5.076,0.2007,1.0186,20
C0817,73.556,5.078,0.1935,0.9827,30
C0817,73.919,5.075,0.194,0.9845,40
C0817,73.529,5.058,0.2018,1.0206,50
C0817,73.399,5.061,0.2014,1.0193,60
C0817,73.813,5.066,0.2029,1.0276,70
C0817,73.16,5.08,0.1994,1.0127,80
C0817,74.031,5.062,0.1962,0.9932,90
C0817,72.855,5.073,0.1991,1.0101,100
C0818,72.304,5.029,0.2154,1.0833,10
C0818,73.362,5.017,0.2125,1.0661,20
C0818,72.225,5.024,0.2234,1.1224,30
C0818,72.448,5.015,0.2088,1.047,40
C0818,73.181,5.015,0.216,1.0834,50
C0818,72.022,5.011,0.2158,1.0814,60
C0818,72.051,5.028,0.2154,1.0829,70
C0818,72.758,5.021,0.2161,1.0852,80
C0818,71.876,4.999,0.2162,1.0808,90
C0818,72.529,5.018,0.2075,1.0411,100
C0819,72.732,5.053,0.1969,0.995,10
C0819,71.838,5.054,0.1984,1.0024,20
C0819,71.402,5.039,0.2006,1.0107,30
C0819,71.808,5.07,0.1982,1.0047,40
C0819,70.843,5.056,0.1986,1.0042,50
C0819,71.493,5.059,0.2003,1.0134,60
C0819,71.033,5.048,0.2027,1.0232,70
C0819,71.164,5.051,0.1992,1.0063,80
C0819,71.059,5.052,0.1978,0.9992,90
C0819,71.557,5.038,0.1983,0.999,100
C0820,70.773,5.011,0.2012,1.008,10
C0820,72.299,5.008,0.1962,0.9826,20
C0820,70.529,5.011,0.1949,0.9769,30
C0820,71.558,4.994,0.1996,0.9968,40
C0820,70.436,5.01,0.1933,0.9682,50
C0820,71.236,5.0,0.1986,0.993,60
C0820,70.835,4.998,0.1988,0.9936,70
C0820,70.471,4.992,0.1968,0.9822,80
C0820,70.834,4.992,0.2019,1.0078,90
C0820,70.871,5.0,0.1929,0.9644,100
C0821,80.35,5.101,0.2353,1.2005,10
C0821,80.503,5.107,0.2504,1.2786,20
C0821,80.584,5.105,0.2609,1.3317,30
C0821,84.766,5.151,0.269,1.3856,40
C0821,84.717,5.175,0.2789,1.4432,50
C0821,86.434,5.172,0.2798,1.4474,60
C0821,90.569,5.2,0.2989,1.5543,70
C0821,89.599,5.212,0.3065,1.5975,80
C0821,92.245,5.235,0.3176,1.6627,90
C0821,94.331,5.24,0.3292,1.7253,100
C0822,70.802,5.025,0.1929,0.9691,10
C0822,71.918,5.023,0.195,0.9793,20
C0822,71.751,5.02,0.1918,0.9627,30
C0822,71.294,5.021,0.1912,0.9601,40
C0822,73.008,5.02,0.1923,0.9651,50
C0822,72.577,5.014,0.197,0.9876,60
C0822,73.084,5.023,0.1893,0.9507,70
C0822,73.002,5.031,0.1918,0.9648,80
C0822,72.882,5.036,0.1901,0.9574,90
C0822,72.175,5.029,0.1916,0.9633,100
C0823,72.291,4.955,0.1978,0.98,10
C0823,72.308,4.971,0.1968,0.9784,20
C0823,72.792,4.952,0.194,0.9609,30
C0823,73.645,4.945,0.1983,0.9806,40
C0823,73.729,4.939,0.2042,1.0083,50
C0823,73.188,4.953,0.2021,1.0012,60
C0823,73.251,4.93,0.1989,0.9803,70
C0823,72.626,4.963,0.203,1.0076,80
C0823,73.181,4.971,0.1943,0.9657,90
C0823,74.023,4.953,0.1993,0.9873,100
C0824,71.724,5.044,0.1993,1.0052,10
C0824,71.03,5.035,0.2043,1.0284,20
C0824,70.669,5.02,0.2014,1.0109,30
C0824,71.119,5.015,0.2008,1.0072,40
C0824,71.601,5.021,0.1989,0.9988,50
C0824,70.853,5.013,0.1967,0.9861,60
C0824,71.243,5.009,0.197,0.9868,70
C0824,71.251,5.036,0.1974,0.9943,80
C0824,70.451,5.022,0.1964,0.9864,90
C0824,71.53,5.021,0.1878,0.9431,100
C0825,71.059,4.994,0.1809,0.9036,10
C0825,70.449,5.005,0.179,0.8959,20
C0825,69.348,4.99,0.1771,0.8837,30
C0825,69.75,5.003,0.1752,0.8764,40
C0825,70.326,4.988,0.1814,0.9048,50
C0825,70.199,5.005,0.1857,0.9293,60
C0825,69.932,5.017,0.1683,0.8445,70
C0825,70.251,5.009,0.1811,0.9073,80
C0825,70.059,4.998,0.182,0.9098,90
C0825,70.757,4.984,0.1838,0.9159,100
C0826,78.442,5.05,0.2254,1.1381,10
C0826,78.86,5.072,0.2292,1.1625,20
C0826,79.489,5.094,0.2368,1.2062,30
C0826,83.043,5.11,0.2538,1.297,40
C0826,86.419,5.131,0.2615,1.3418,50
C0826,87.615,5.147,0.2758,1.4195,60
C0826,88.476,5.167,0.2894,1.4954,70
C0826,89.753,5.18,0.2846,1.4742,80
C0826,93.779,5.188,0.3036,1.5753,90
C0826,94.966,5.232,0.3056,1.5988,100
C0827,73.564,5.0,0.2084,1.0423,10
C0827,72.284,5.002,0.1993,0.9968,20
C0827,73.831,4.997,0.2044,1.0215,30
C0827,72.48,4.987,0.204,1.0174,40
C0827,73.878,5.009,0.2038,1.0208,50
C0827,72.577,4.998,0.2074,1.0367,60
C0827,72.956,4.989,0.2051,1.0232,70
C0827,72.686,4.989,0.2022,1.0086,80
C0827,73.229,4.99,0.2022,1.0092,90
C0827,72.915,4.989,0.2086,1.0406,100
C0828,75.17,5.033,0.2006,1.0095,10
C0828,73.995,5.022,0.197,0.9891,20
C0828,74.822,5.032,0.1981,0.9971,30
C0828,74.206,5.019,0.1938,0.9729,40
C0828,74.531,5.03,0.2009,1.0106,50
C0828,75.227,5.038,0.1967,0.9912,60
C0828,74.504,5.024,0.191,0.9599,70
C0828,74.348,5.033,0.1912,0.9623,80
C0828,74.866,5.031,0.1942,0.9773,90
C0828,75.461,5.008,0.1943,0.9731,100
C0829,71.584,4.973,0.1943,0.9663,10
C0829,71.825,4.986,0.1849,0.9218,20
C0829,72.156,4.994,0.1851,0.9244,30
C0829,71.481,4.982,0.1832,0.9126,40
C0829,72.245,4.994,0.1831,0.9142,50
C0829,72.546,4.996,0.1774,0.8863,60
C0829,71.355,4.981,0.1911,0.9516,70
C0829,72.28,4.978,0.1953,0.972,80
C0829,71.597,4.978,0.1841,0.9167,90
C0829,71.91,4.996,0.1852,0.9251,100
C0830,72.889,5.001,0.1892,0.9461,10
C0830,73.056,5.002,0.1919,0.9602,20
C0830,72.103,4.985,0.1954,0.974,30
C0830,72.403,4.994,0.1943,0.9703,40
C0830,71.345,5.001,0.1884,0.9421,50
C0830,72.331,4.98,0.1963,0.9774,60
C0830,72.309,5.002,0.1995,0.998,70
C0830,72.941,4.982,0.1959,0.9757,80
C0830,73.519,4.999,0.1928,0.9636,90
C0830,72.265,4.994,0.1914,0.9557,100
C0831,71.378,5.022,0.191,0.9592,10
C0831,71.327,5.037,0.1968,0.9915,20
C0831,71.83,5.028,0.2009,1.0099,30
C0831,71.196,5.059,0.196,0.9916,40
C0831,72.484,5.046,0.2014,1.0164,50
C0831,71.831,5.038,0.1966,0.9906,60
C0831,71.692,5.045,0.2016,1.0171,70
C0831,70.843,5.04,0.2042,1.0292,80
C0831,71.623,5.051,0.1989,1.0045,90
C0831,70.994,5.043,0.1963,0.99,100
C0832,76.288,4.962,0.1961,0.9732,10
C0832,76.369,4.978,0.2015,1.0031,20
C0832,76.049,4.96,0.2007,0.9955,30
C0832,77.405,4.981,0.1952,0.9722,40
C0832,77.367,4.953,0.1984,0.9826,50
C0832,77.066,4.95,0.2076,1.0274,60
C0832,77.57,4.977,0.1953,0.9722,70
C0832,76.733,4.978,0.1947,0.9693,80
C0832,76.665,4.98,0.1932,0.9622,90
C0832,76.973,4.953,0.1954,0.9679,100
C0833,71.897,4.961,0.2041,1.0126,10
C0833,71.639,4.949,0.1984,0.9819,20
C0833,72.403,4.948,0.1941,0.9605,30
C0833,71.586,4.956,0.1921,0.9521,40
C0833,72.681,4.967,0.1854,0.9209,50
C0833,72.559,4.938,0.196,0.968,60
C0833,73.45,4.957,0.197,0.9767,70
C0833,72.937,4.969,0.1993,0.9904,80
C0833,72.756,4.953,0.1986,0.9836,90
C0833,73.389,4.966,0.1968,0.9771,100
C0834,69.738,4.99,0.204,1.0178,10
C0834,69.174,5.002,0.1976,0.9884,20
C0834,69.582,4.988,0.2076,1.0353,30
C0834,69.694,4.98,0.2059,1.0253,40
C0834,69.581,4.998,0.2063,1.031,50
C0834,68.755,4.986,0.2013,1.0036,60
C0834,69.82,4.995,0.2066,1.032,70
C0834,68.464,4.996,0.2093,1.0459,80
C0834,68.383,4.991,0.2005,1.0008,90
C0834,69.236,4.988,0.2083,1.039,100
C0835,72.383,5.014,0.1861,0.9332,10
C0835,73.277,5.008,0.19,0.9513,20
C0835,72.139,5.004,0.1874,0.9376,30
C0835,73.246,4.988,0.1906,0.951,40
C0835,72.6,5.004,0.1923,0.9623,50
C0835,72.05,4.992,0.1903,0.9499,60
C0835,73.162,4.999,0.1952,0.9756,70
C0835,72.403,4.994,0.1912,0.955,80
C0835,72.255,4.996,0.1905,0.9515,90
C0835,73.142,5.004,0.1899,0.95,100
C0836,75.117,4.999,0.2057,1.0283,10
C0836,74.886,5.004,0.2074,1.0376,20
C0836,74.99,4.979,0.2074,1.0324,30
C0836,73.678,4.989,0.2079,1.0372,40
C0836,75.346,4.984,0.2091,1.0423,50
C0836,75.766,4.988,0.2014,1.0048,60
C0836,75.059,4.982,0.2044,1.0182,70
C0836,75.439,5.013,0.2036,1.0208,80
C0836,74.443,4.99,0.2054,1.0251,90
C0836,76.045,4.989,0.2061,1.0281,100
C0837,70.924,5.042,0.1905,0.9606,10
C0837,69.827,5.038,0.1926,0.9702,20
C0837,70.313,5.044,0.1927,0.9719,30
C0837,70.743,5.014,0.1934,0.9698,40
C0837,70.048,5.025,0.1915,0.9621,50
C0837,71.357,5.023,0.1916,0.9625,60
C0837,71.497,5.026,0.1913,0.9613,70
C0837,71.237,5.03,0.1941,0.9763,80
C0837,70.756,5.043,0.1896,0.9562,90
C0837,71.263,5.015,0.1905,0.9552,100
C0838,75.735,5.109,0.2284,1.1669,10
C0838,77.416,5.13,0.2242,1.1499,20
C0838,81.356,5.137,0.2314,1.1887,30
C0838,81.165,5.155,0.2435,1.2553,40
C0838,82.805,5.172,0.2519,1.3028,50
C0838,84.487,5.189,0.2569,1.333,60
C0838,86.732,5.21,0.274,1.4274,70
C0838,89.206,5.221,0.2897,1.5125,80
C0838,90.081,5.253,0.2986,1.5683,90
C0838,93.043,5.254,0.3006,1.5793,100
C0839,77.623,5.001,0.2278,1.1394,10
C0839,78.657,5.031,0.2281,1.1476,20
C0839,81.347,5.043,0.2457,1.2389,30
C0839,82.969,5.066,0.2506,1.2694,40
C0839,85.536,5.093,0.2683,1.3665,50
C0839,85.489,5.105,0.2727,1.3921,60
C0839,88.229,5.111,0.2799,1.4305,70
C0839,89.406,5.141,0.2921,1.5018,80
C0839,91.67,5.158,0.3065,1.5808,90
C0839,92.459,5.179,0.3205,1.6601,100
C0840,71.411,5.008,0.2015,1.0091,10
C0840,71.604,5.003,0.2017,1.0089,20
C0840,71.141,5.002,0.1978,0.9892,30
C0840,70.906,5.004,0.1981,0.9914,40
C0840,70.916,5.027,0.199,1.0004,50
C0840,71.058,4.995,0.2031,1.0143,60
C0840,70.799,5.001,0.2007,1.0034,70
C0840,71.921,5.004,0.1995,0.9984,80
C0840,71.793,4.993,0.1973,0.9851,90
C0840,71.287,5.022,0.1962,0.9855,100
C0841,72.005,5.025,0.2062,1.0362,10
C0841,72.319,5.016,0.2123,1.0649,20
C0841,73.036,5.029,0.212,1.0661,30
C0841,72.712,5.021,0.2049,1.0288,40
C0841,72.659,5.011,0.21,1.0525,50
C0841,71.45,5.035,0.2086,1.0502,60
C0841,73.598,5.026,0.2092,1.0515,70
C0841,72.845,5.016,0.2023,1.0147,80
C0841,71.867,5.024,0.2066,1.0377,90
C0841,72.448,5.029,0.2036,1.024,100
C0842,73.255,4.948,0.216,1.0689,10
C0842,73.057,4.946,0.2198,1.0869,20
C0842,73.239,4.953,0.2054,1.0175,30
C0842,73.933,4.928,0.2174,1.0715,40
C0842,73.493,4.942,0.213,1.0527,50
C0842,73.107,4.935,0.2126,1.0491,60
C0842,74.583,4.956,0.2099,1.0404,70
C0842,73.419,4.944,0.2128,1.0523,80
C0842,72.657,4.948,0.2168,1.0726,90
C0842,72.758,4.963,0.2195,1.0893,100
C0843,74.261,5.037,0.2058,1.0367,10
C0843,73.006,5.018,0.203,1.0186,20
C0843,74.552,5.019,0.2027,1.0175,30
C0843,73.962,5.021,0.2023,1.0156,40
C0843,73.685,5.017,0.2039,1.0228,50
C0843,74.309,5.046,0.1973,0.9957,60
C0843,74.289,5.033,0.1996,1.0044,70
C0843,74.347,5.015,0.2006,1.0059,80
C0843,73.497,5.018,0.2021,1.0143,90
C0843,74.388,5.004,0.2061,1.0311,100
C0844,78.749,5.089,0.2343,1.1921,10
C0844,80.094,5.093,0.2409,1.2267,20
C0844,85.343,5.124,0.2518,1.2901,30
C0844,83.191,5.147,0.2717,1.3987,40
C0844,85.42,5.166,0.2734,1.412,50
C0844,88.91,5.163,0.2852,1.4721,60
C0844,90.685,5.205,0.3006,1.5647,70
C0844,90.808,5.214,0.3041,1.5855,80
C0844,93.442,5.226,0.314,1.6409,90
C0844,96.558,5.251,0.328,1.7222,100
C0845,73.565,5.007,0.2104,1.0535,10
C0845,72.331,5.002,0.2068,1.0346,20
C0845,72.091,4.998,0.2156,1.0773,30
C0845,72.41,5.016,0.2045,1.0259,40
C0845,72.544,5.007,0.2115,1.0589,50
C0845,71.811,4.988,0.2109,1.0518,60
C0845,72.129,5.006,0.2141,1.0721,70
C0845,72.067,4.995,0.2003,1.0004,80
C0845,72.942,5.021,0.2034,1.0214,90
C0845,73.207,5.013,0.2115,1.0605,100
C0846,70.794,4.979,0.2062,1.0265,10
C0846,70.697,4.997,0.2109,1.0539,20
C0846,71.158,4.993,0.2008,1.0027,30
C0846,70.355,4.988,0.2103,1.0487,40
C0846,71.259,4.964,0.2031,1.008,50
C0846,71.342,5.007,0.2122,1.0624,60
C0846,72.038,4.986,0.2086,1.0404,70
C0846,70.472,4.992,0.207,1.0335,80
C0846,71.507,4.983,0.2084,1.0386,90
C0846,71.039,4.985,0.2113,1.0534,100
C0847,74.844,4.996,0.1887,0.9426,10
C0847,73.843,4.979,0.1909,0.9504,20
C0847,73.761,4.984,0.1855,0.9245,30
C0847,74.151,4.981,0.1856,0.9243,40
C0847,75.029,4.987,0.1871,0.9329,50
C0847,74.447,4.971,0.1896,0.9425,60
C0847,74.136,4.976,0.1851,0.9212,70
C0847,74.274,4.983,0.1899,0.9461,80
C0847,73.503,4.971,0.1825,0.9071,90
C0847,73.708,4.984,0.1842,0.9179,100
C0848,70.923,4.971,0.2043,1.0156,10
C0848,69.211,4.973,0.2007,0.9982,20
C0848,70.728,4.973,0.2016,1.0025,30
C0848,70.707,4.97,0.1988,0.9882,40
C0848,70.641,4.971,0.2044,1.0157,50
C0848,69.718,4.978,0.1926,0.9587,60
C0848,70.281,4.966,0.1964,0.9753,70
C0848,69.267,4.985,0.199,0.9919,80
C0848,70.872,4.973,0.2021,1.0051,90
C0848,70.243,4.978,0.206,1.0256,100
C0849,70.2,4.98,0.2085,1.0383,10
C0849,70.943,4.974,0.2065,1.0273,20
C0849,70.44,4.991,0.2097,1.0464,30
C0849,70.431,4.995,0.2043,1.0206,40
C0849,70.47,4.979,0.2133,1.0619,50
C0849,68.493,4.981,0.2015,1.0037,60
C0849,70.883,4.974,0.2028,1.0085,70
C0849,70.81,4.976,0.2029,1.0097,80
C0849,70.237,4.982,0.2036,1.0144,90
C0849,70.083,4.998,0.2056,1.0274,100
C0850,77.059,5.083,0.2375,1.2069,10
C0850,78.397,5.128,0.2487,1.2755,20
C0850,81.6,5.147,0.254,1.3075,30
C0850,83.748,5.176,0.2616,1.3543,40
C0850,83.911,5.192,0.2724,1.4142,50
C0850,86.574,5.179,0.2905,1.5046,60
C0850,87.783,5.218,0.3011,1.5712,70
C0850,89.673,5.228,0.3046,1.5927,80
C0850,92.906,5.239,0.3198,1.6754,90
C0850,94.677,5.26,0.3301,1.7362,100
C0851,71.27,5.017,0.2045,1.026,10
C0851,71.848,5.023,0.2046,1.0278,20
C0851,70.421,5.013,0.2052,1.0284,30
C0851,70.95,5.008,0.2132,1.0677,40
C0851,70.859,4.985,0.2115,1.0545,50
C0851,71.339,5.005,0.2087,1.0443,60
C0851,70.691,5.0,0.2179,1.0897,70
C0851,70.131,5.015,0.2118,1.0619,80
C0851,70.326,4.996,0.2076,1.0374,90
C0851,71.019,5.009,0.2153,1.0785,100
C0852,70.748,5.003,0.1939,0.9699,10
C0852,70.077,5.041,0.1922,0.9687,20
C0852,71.784,5.039,0.1964,0.9898,30
C0852,71.059,5.007,0.1936,0.9692,40
C0852,72.081,5.024,0.1957,0.9832,50
C0852,71.906,5.027,0.195,0.9803,60
C0852,71.248,5.013,0.1933,0.9691,70
C0852,70.995,5.026,0.1906,0.9579,80
C0852,71.164,5.017,0.192,0.9631,90
C0852,70.888,4.997,0.1925,0.9622,100
C0853,72.84,4.996,0.1921,0.9598,10
C0853,71.966,5.012,0.1942,0.9733,20
C0853,72.184,4.99,0.2038,1.017,30
C0853,71.972,4.995,0.194,0.9692,40
C0853,73.274,5.027,0.1961,0.9859,50
C0853,71.304,5.005,0.1989,0.9954,60
C0853,71.77,5.007,0.2081,1.042,70
C0853,72.783,5.001,0.2033,1.0168,80
C0853,70.857,5.005,0.1995,0.9985,90
C0853,72.544,5.01,0.2017,1.0104,100
C0854,71.425,4.969,0.1882,0.9354,10
C0854,73.182,4.965,0.1858,0.9226,20
C0854,72.618,4.957,0.1874,0.9288,30
C0854,73.24,4.986,0.1943,0.9688,40
C0854,72.674,4.974,0.1967,0.9782,50
C0854,71.855,4.974,0.1929,0.9594,60
C0854,73.403,4.969,0.1889,0.9388,70
C0854,73.91,4.965,0.1881,0.9338,80
C0854,72.994,4.971,0.1902,0.9455,90
C0854,72.926,4.962,0.1872,0.9288,100
C0855,71.918,4.916,0.1992,0.979,10
C0855,70.016,4.937,0.2036,1.0053,20
C0855,70.504,4.93,0.1995,0.9838,30
C0855,71.733,4.921,0.1983,0.9759,40
C0855,71.932,4.927,0.1986,0.9784,50
C0855,71.097,4.958,0.1957,0.9701,60
C0855,71.443,4.923,0.1961,0.9654,70
C0855,70.681,4.939,0.1979,0.9777,80
C0855,71.069,4.928,0.2005,0.9878,90
C0855,70.211,4.922,0.1981,0.9749,100
C0856,73.391,5.033,0.2045,1.0291,10
C0856,73.63,5.037,0.2075,1.0449,20
C0856,72.277,5.039,0.2138,1.0775,30
C0856,73.348,5.058,0.2103,1.0635,40
C0856,72.833,5.041,0.2055,1.0361,50
C0856,72.802,5.066,0.2018,1.0222,60
C0856,72.584,5.039,0.2113,1.065,70
C0856,74.029,5.051,0.2087,1.0542,80
C0856,72.971,5.053,0.2102,1.0622,90
C0856,73.172,5.053,0.2102,1.0623,100
C0857,73.198,4.985,0.2013,1.0033,10
C0857,73.627,4.986,0.2033,1.0136,20
C0857,73.267,4.984,0.2055,1.024,30
C0857,72.69,4.963,0.2061,1.0229,40
C0857,73.075,4.992,0.1963,0.9798,50
C0857,72.108,5.001,0.2048,1.0244,60
C0857,71.782,4.99,0.1983,0.9894,70
C0857,72.574,4.991,0.2056,1.0261,80
C0857,73.522,4.994,0.2067,1.032,90
C0857,72.689,4.98,0.2047,1.0197,100
C0858,72.647,5.071,0.204,1.0343,10
C0858,73.848,5.081,0.2002,1.0171,20
C0858,73.954,5.059,0.1981,1.0023,30
C0858,73.512,5.063,0.196,0.9923,40
C0858,73.666,5.051,0.2002,1.0114,50
C0858,73.003,5.061,0.1983,1.0038,60
C0858,72.974,5.044,0.1955,0.986,70
C0858,72.671,5.071,0.1924,0.9756,80
C0858,74.421,5.064,0.1972,0.9987,90
C0858,72.342,5.065,0.1967,0.9962,100
C0859,71.379,4.97,0.1875,0.9317,10
C0859,71.488,4.988,0.1799,0.8972,20
C0859,71.303,4.978,0.1814,0.9029,30
C0859,71.919,4.984,0.1915,0.9544,40
C0859,71.597,4.995,0.1907,0.9528,50
C0859,70.886,4.962,0.1901,0.9433,60
C0859,71.597,4.982,0.1816,0.9045,70
C0859,71.419,4.987,0.186,0.9275,80
C0859,70.812,4.992,0.1839,0.9178,90
C0859,71.588,4.985,0.1919,0.9565,100
C0860,72.343,5.086,0.1978,1.006,10
C0860,72.629,5.067,0.2013,1.0198,20
C0860,71.739,5.076,0.1988,1.0089,30
C0860,72.36,5.059,0.1918,0.9702,40
C0860,72.174,5.082,0.2,1.0164,50
C0860,72.612,5.068,0.2002,1.0146,60
C0860,71.542,5.053,0.1979,0.9998,70
C0860,72.294,5.087,0.1995,1.0147,80
C0860,73.612,5.072,0.2008,1.0182,90
C0860,72.47,5.091,0.198,1.008,100
C0861,70.531,5.038,0.2,1.0077,10
C0861,70.7,5.036,0.1964,0.9892,20
C0861,69.617,5.038,0.1989,1.0019,30
C0861,71.002,5.046,0.2012,1.0155,40
C0861,70.214,5.054,0.1991,1.006,50
C0861,70.666,5.049,0.197,0.9945,60
C0861,69.869,5.039,0.1937,0.9761,70
C0861,70.653,5.056,0.2053,1.038,80
C0861,70.513,5.048,0.2069,1.0443,90
C0861,70.548,5.043,0.1988,1.0028,100
C0862,71.77,5.053,0.1885,0.9522,10
C0862,71.602,5.033,0.1826,0.9191,20
C0862,70.014,5.038,0.1836,0.9249,30
C0862,70.944,5.038,0.1854,0.9342,40
C0862,70.982,5.054,0.1881,0.9507,50
C0862,71.901,5.037,0.1872,0.9431,60
C0862,70.826,5.045,0.1844,0.9301,70
C0862,70.75,5.038,0.184,0.927,80
C0862,72.757,5.042,0.1915,0.9656,90
C0862,72.042,5.038,0.1834,0.9241,100
C0863,71.634,4.973,0.2009,0.9993,10
C0863,71.609,4.986,0.2028,1.0112,20
C0863,71.808,4.973,0.2055,1.0222,30
C0863,71.837,4.971,0.2082,1.0349,40
C0863,70.914,4.99,0.2062,1.0289,50
C0863,72.14,4.962,0.2047,1.0156,60
C0863,72.708,4.977,0.2054,1.0223,70
C0863,71.101,4.964,0.2058,1.0216,80
C0863,71.38,4.973,0.2051,1.0201,90
C0863,72.199,4.984,0.2053,1.023,100
C0864,74.027,5.008,0.2048,1.0256,10
C0864,73.196,4.992,0.2063,1.0297,20
C0864,74.122,4.991,0.2012,1.0045,30
C0864,72.951,4.976,0.2068,1.0292,40
C0864,73.734,4.986,0.2061,1.0276,50
C0864,73.166,4.994,0.2098,1.0476,60
C0864,73.815,5.015,0.2082,1.0441,70
C0864,73.772,4.976,0.2062,1.0261,80
C0864,73.168,4.982,0.2056,1.0242,90
C0864,73.266,4.987,0.2181,1.0878,100
C0865,68.663,5.043,0.1908,0.9619,10
C0865,68.477,5.038,0.1977,0.996,20
C0865,68.517,5.049,0.185,0.9342,30
C0865,68.058,5.024,0.1962,0.9858,40
C0865,68.738,5.022,0.1875,0.9416,50
C0865,67.703,5.034,0.1904,0.9586,60
C0865,69.208,5.014,0.1937,0.9713,70
C0865,68.574,5.022,0.1898,0.9534,80
C0865,68.661,5.028,0.1884,0.9475,90
C0865,68.909,5.041,0.191,0.9629,100
C0866,73.219,5.021,0.1976,0.9923,10
C0866,72.205,5.028,0.2026,1.0185,20
C0866,73.27,5.025,0.2037,1.0236,30
C0866,73.716,5.002,0.1905,0.9531,40
C0866,73.903,5.008,0.1956,0.9793,50
C0866,72.7,5.005,0.1984,0.9928,60
C0866,72.304,5.019,0.201,1.0089,70
C0866,72.666,5.017,0.2009,1.0081,80
C0866,73.499,5.037,0.199,1.0025,90
C0866,73.967,5.03,0.195,0.9807,100
C0867,72.281,4.967,0.1967,0.9773,10
C0867,71.223,4.969,0.2044,1.0156,20
C0867,70.397,4.96,0.1974,0.9792,30
C0867,71.035,4.972,0.1934,0.9616,40
C0867,71.81,4.936,0.1959,0.9671,50
C0867,71.348,4.946,0.2076,1.0269,60
C0867,70.897,4.951,0.1961,0.9706,70
C0867,71.678,4.968,0.1971,0.979,80
C0867,71.517,4.963,0.1931,0.9581,90
C0867,71.256,4.952,0.1926,0.9538,100
C0868,73.363,4.99,0.2036,1.016,10
C0868,72.263,4.989,0.2096,1.0459,20
C0868,72.278,5.0,0.2082,1.041,30
C0868,72.277,4.991,0.2055,1.0255,40
C0868,71.806,5.0,0.2097,1.0486,50
C0868,71.615,4.984,0.2059,1.0262,60
C0868,71.859,5.0,0.207,1.0349,70
C0868,71.034,5.006,0.201,1.0064,80
C0868,72.306,4.993,0.2035,1.016,90
C0868,73.336,5.002,0.2093,1.0472,100
C0869,72.78,4.997,0.2152,1.0756,10
C0869,72.478,5.007,0.2069,1.0359,20
C0869,73.68,4.998,0.207,1.0347,30
C0869,72.851,5.009,0.2075,1.0394,40
C0869,72.118,5.006,0.2139,1.0706,50
C0869,72.137,4.994,0.2066,1.0317,60
C0869,71.808,4.979,0.2102,1.0467,70
C0869,72.808,4.993,0.2161,1.0789,80
C0869,72.014,4.981,0.2162,1.077,90
C0869,72.621,5.008,0.2103,1.053,100
C0870,74.693,5.0,0.1915,0.9576,10
C0870,74.697,4.997,0.2011,1.0049,20
C0870,75.026,4.994,0.2036,1.0167,30
C0870,73.852,4.986,0.2003,0.9988,40
C0870,74.164,4.998,0.2066,1.0324,50
C0870,74.622,4.997,0.1951,0.9751,60
C0870,73.366,4.994,0.2029,1.0133,70
C0870,74.192,4.999,0.2043,1.0214,80
C0870,75.227,4.999,0.1993,0.9963,90
C0870,73.475,4.989,0.1975,0.9852,100
C0871,71.914,4.979,0.2021,1.006,10
C0871,73.366,4.955,0.1978,0.9803,20
C0871,72.18,4.975,0.2024,1.007,30
C0871,72.726,4.964,0.1937,0.9615,40
C0871,72.015,4.984,0.1988,0.9911,50
C0871,72.577,4.971,0.2021,1.0044,60
C0871,71.67,4.978,0.2009,1.0003,70
C0871,73.857,4.966,0.2052,1.0193,80
C0871,72.238,4.989,0.2042,1.0191,90
C0871,71.7,4.984,0.2044,1.0189,100
C0872,72.11,5.043,0.1847,0.9314,10
C0872,71.509,5.032,0.1886,0.9493,20
C0872,71.076,5.038,0.1865,0.9394,30
C0872,71.04,5.035,0.197,0.992,40
C0872,70.888,5.031,0.1835,0.9232,50
C0872,70.961,5.042,0.189,0.9531,60
C0872,71.296,5.044,0.1894,0.955,70
C0872,71.202,5.018,0.1895,0.9509,80
C0872,71.401,5.034,0.1843,0.9278,90
C0872,71.746,5.037,0.1852,0.933,100
C0873,71.424,4.992,0.2121,1.0588,10
C0873,72.6,4.991,0.2133,1.0646,20
C0873,71.705,5.0,0.2122,1.0609,30
C0873,71.323,5.005,0.202,1.0111,40
C0873,72.368,4.988,0.2126,1.0606,50
C0873,72.341,5.01,0.2131,1.0679,60
C0873,72.223,5.004,0.2082,1.0418,70
C0873,71.49,4.988,0.2081,1.0381,80
C0873,70.279,5.006,0.2082,1.0423,90
C0873,72.722,4.994,0.2024,1.0109,100
C0874,72.127,5.028,0.1857,0.9338,10
C0874,71.802,5.037,0.184,0.9266,20
C0874,71.224,5.03,0.1786,0.8982,30
C0874,72.687,5.038,0.1793,0.9036,40
C0874,71.491,5.042,0.18,0.9076,50
C0874,71.148,5.016,0.182,0.9131,60
C0874,71.354,5.05,0.1765,0.8915,70
C0874,72.119,5.033,0.1774,0.8927,80
C0874,70.775,5.034,0.1773,0.8923,90
C0874,72.189,5.03,0.1813,0.9122,100
C0875,78.827,5.018,0.2174,1.091,10
C0875,77.173,5.025,0.2264,1.1377,20
C0875,80.882,5.063,0.244,1.2353,30
C0875,82.069,5.083,0.2469,1.2547,40
C0875,85.027,5.066,0.2574,1.304,50
C0875,86.721,5.095,0.2672,1.3612,60
C0875,88.547,5.117,0.2812,1.4388,70
C0875,89.389,5.12,0.2896,1.4827,80
C0875,94.433,5.155,0.2971,1.5313,90
C0875,92.48,5.17,0.3031,1.5674,100
C0876,70.6,4.974,0.2049,1.0191,10
C0876,71.553,4.995,0.2121,1.0596,20
C0876,70.436,4.999,0.2043,1.0216,30
C0876,70.881,4.98,0.2078,1.0346,40
C0876,70.864,4.983,0.207,1.0315,50
C0876,70.132,4.964,0.2118,1.0515,60
C0876,69.825,5.003,0.2076,1.0386,70
C0876,71.214,4.966,0.2117,1.0512,80
C0876,71.022,4.997,0.2026,1.0127,90
C0876,70.007,4.99,0.2093,1.0447,100
C0877,72.321,5.054,0.2059,1.0408,10
C0877,71.307,5.043,0.2064,1.0409,20
C0877,72.436,5.038,0.2063,1.0394,30
C0877,72.413,5.022,0.1992,1.0002,40
C0877,72.489,5.05,0.2014,1.0168,50
C0877,72.745,5.047,0.2037,1.0282,60
C0877,72.559,5.046,0.208,1.0495,70
C0877,72.857,5.032,0.2015,1.0141,80
C0877,73.189,5.051,0.207,1.0457,90
C0877,72.78,5.054,0.205,1.036,100
C0878,71.273,4.998,0.1984,0.9917,10
C0878,72.091,5.011,0.2024,1.0142,20
C0878,70.891,5.005,0.2016,1.0091,30
C0878,71.298,4.991,0.2045,1.0205,40
C0878,71.574,5.014,0.203,1.0179,50
C0878,71.231,4.988,0.208,1.0375,60
C0878,71.967,5.003,0.1983,0.9922,70
C0878,70.703,4.998,0.2075,1.0369,80
C0878,71.606,4.988,0.2052,1.0237,90
C0878,70.928,4.998,0.2075,1.0371,100
C0879,72.907,5.008,0.2046,1.0246,10
C0879,72.645,5.015,0.205,1.0281,20
C0879,72.232,5.019,0.2035,1.0214,30
C0879,72.475,5.008,0.2001,1.0023,40
C0879,73.554,5.02,0.212,1.0641,50
C0879,73.866,5.031,0.1996,1.0042,60
C0879,73.596,5.018,0.2036,1.0217,70
C0879,72.497,5.016,0.2063,1.0348,80
C0879,74.129,5.003,0.2125,1.063,90
C0879,73.655,5.017,0.2027,1.0172,100
C0880,69.738,4.972,0.1912,0.9505,10
C0880,70.778,4.974,0.1952,0.971,20
C0880,70.437,4.971,0.1894,0.9415,30
C0880,70.621,4.973,0.1925,0.9574,40
C0880,71.203,4.992,0.1931,0.9639,50
C0880,70.484,4.981,0.1968,0.9805,60
C0880,68.752,4.981,0.1844,0.9185,70
C0880,70.076,4.98,0.1982,0.987,80
C0880,70.406,4.977,0.1911,0.9513,90
C0880,70.208,4.976,0.1926,0.9586,100
C0881,70.034,5.043,0.2018,1.0179,10
C0881,71.129,5.034,0.1984,0.9988,20
C0881,70.98,5.004,0.204,1.0209,30
C0881,70.613,5.029,0.1999,1.0051,40
C0881,71.744,5.036,0.1897,0.9554,50
C0881,70.985,5.021,0.2025,1.0168,60
C0881,71.001,5.016,0.1997,1.0017,70
C0881,70.042,5.039,0.2015,1.0151,80
C0881,70.913,5.027,0.1959,0.9848,90
C0881,71.034,5.042,0.1939,0.9777,100
C0882,71.555,5.022,0.2064,1.0363,10
C0882,72.048,5.006,0.2086,1.0442,20
C0882,71.748,5.012,0.2179,1.0921,30
C0882,70.852,5.006,0.2117,1.0596,40
C0882,72.185,5.001,0.207,1.035,50
C0882,73.046,5.016,0.2117,1.0619,60
C0882,71.827,4.998,0.2018,1.0085,70
C0882,72.333,5.012,0.2127,1.0659,80
C0882,72.069,5.006,0.2087,1.0447,90
C0882,71.821,5.003,0.2149,1.0751,100
C0883,71.486,5.057,0.202,1.0216,10
C0883,71.584,5.046,0.203,1.0243,20
C0883,71.549,5.044,0.1971,0.9942,30
C0883,71.375,5.044,0.2004,1.0109,40
C0883,72.117,5.034,0.2071,1.0425,50
C0883,71.797,5.048,0.2019,1.0193,60
C0883,70.596,5.051,0.1987,1.0037,70
C0883,71.933,5.041,0.201,1.0134,80
C0883,70.721,5.043,0.2004,1.0106,90
C0883,73.388,5.029,0.2005,1.0081,100
C0884,72.477,5.024,0.2081,1.0453,10
C0884,71.491,5.024,0.2079,1.0445,20
C0884,71.559,5.041,0.2155,1.0862,30
C0884,71.158,5.037,0.2113,1.0644,40
C0884,71.285,5.024,0.2066,1.0379,50
C0884,71.674,5.024,0.2033,1.0211,60
C0884,71.255,5.047,0.1992,1.0052,70
C0884,71.101,5.039,0.2031,1.0232,80
C0884,71.146,5.021,0.2063,1.0359,90
C0884,71.033,5.021,0.2055,1.032,100
C0885,74.87,5.004,0.1934,0.9676,10
C0885,74.788,5.001,0.1935,0.9678,20
C0885,75.182,5.001,0.195,0.9751,30
C0885,73.046,5.003,0.2018,1.0094,40
C0885,73.293,5.019,0.1946,0.9766,50
C0885,73.347,5.0,0.1933,0.9664,60
C0885,74.912,4.995,0.1945,0.9714,70
C0885,75.197,5.008,0.1965,0.9839,80
C0885,74.098,5.006,0.2009,1.0057,90
C0885,73.717,5.004,0.1872,0.9368,100
C0886,74.531,4.994,0.1754,0.8761,10
C0886,73.768,5.01,0.183,0.917,20
C0886,73.283,4.973,0.1765,0.8777,30
C0886,74.203,4.986,0.1821,0.9081,40
C0886,73.624,4.989,0.1786,0.8911,50
C0886,74.072,4.976,0.1805,0.8982,60
C0886,74.489,4.994,0.1863,0.9303,70
C0886,75.172,4.99,0.1836,0.9162,80
C0886,73.723,4.986,0.1795,0.8949,90
C0886,73.933,4.994,0.1852,0.9247,100
C0887,74.446,5.005,0.2025,1.0136,10
C0887,73.99,5.012,0.1965,0.9846,20
C0887,73.296,4.996,0.2075,1.0365,30
C0887,74.476,4.998,0.1993,0.996,40
C0887,74.161,5.008,0.2079,1.0413,50
C0887,75.441,5.003,0.2113,1.0571,60
C0887,74.257,5.007,0.2064,1.0335,70
C0887,74.883,5.02,0.1973,0.9906,80
C0887,74.282,5.017,0.1982,0.9944,90
C0887,73.086,4.989,0.202,1.0078,100
C0888,74.4,4.954,0.2036,1.0084,10
C0888,74.622,4.984,0.1952,0.9726,20
C0888,74.354,4.975,0.1945,0.9675,30
C0888,74.908,4.971,0.1928,0.9584,40
C0888,74.06,4.969,0.1999,0.9933,50
C0888,74.491,4.971,0.2021,1.0045,60
C0888,74.979,4.97,0.1963,0.9755,70
C0888,74.623,4.96,0.1921,0.9527,80
C0888,75.253,4.977,0.1993,0.9918,90
C0888,74.805,4.981,0.1973,0.9825,100
C0889,68.009,5.001,0.2119,1.0597,10
C0889,68.967,5.01,0.2136,1.0701,20
C0889,68.827,4.996,0.2049,1.0238,30
C0889,69.389,5.002,0.2096,1.0483,40
C0889,69.258,4.992,0.2038,1.0175,50
C0889,69.465,4.998,0.2054,1.0268,60
C0889,68.763,5.009,0.213,1.067,70
C0889,69.596,5.0,0.2068,1.0341,80
C0889,69.991,4.997,0.2106,1.0526,90
C0889,68.688,4.998,0.1989,0.994,100
C0890,70.983,4.969,0.1947,0.9672,10
C0890,71.16,4.987,0.1958,0.9765,20
C0890,71.464,4.975,0.1924,0.9573,30
C0890,70.78,4.964,0.1958,0.9721,40
C0890,71.006,4.963,0.1942,0.9636,50
C0890,70.923,4.957,0.1865,0.9246,60
C0890,70.637,4.98,0.1952,0.9719,70
C0890,71.509,4.984,0.1919,0.9563,80
C0890,72.09,4.985,0.1929,0.9616,90
C0890,71.397,4.974,0.1918,0.9539,100
C0891,70.682,5.006,0.2025,1.0135,10
C0891,71.439,5.02,0.1984,0.9959,20
C0891,71.959,4.999,0.2054,1.0266,30
C0891,72.22,5.021,0.2017,1.0126,40
C0891,71.531,5.032,0.2087,1.0501,50
C0891,71.906,5.01,0.1951,0.9776,60
C0891,72.084,5.009,0.2001,1.0024,70
C0891,72.527,5.006,0.2097,1.0499,80
C0891,71.339,4.995,0.1994,0.9961,90
C0891,72.163,5.017,0.2028,1.0173,100
C0892,71.139,5.029,0.2035,1.0234,10
C0892,71.609,5.015,0.198,0.9932,20
C0892,72.054,5.027,0.2026,1.0186,30
C0892,72.104,5.027,0.1978,0.9943,40
C0892,70.479,5.04,0.1963,0.9893,50
C0892,71.344,5.023,0.1994,1.0016,60
C0892,70.907,5.018,0.1974,0.9905,70
C0892,71.208,5.031,0.1952,0.9823,80
C0892,72.541,5.035,0.2003,1.0086,90
C0892,71.221,5.052,0.1958,0.9894,100
C0893,72.867,4.99,0.2072,1.0341,10
C0893,73.898,4.994,0.1816,0.9069,20
C0893,73.031,4.98,0.2015,1.0037,30
C0893,72.087,4.987,0.19,0.9475,40
C0893,73.568,4.963,0.2032,1.0087,50
C0893,73.656,4.976,0.2001,0.9957,60
C0893,72.95,4.965,0.2006,0.9959,70
C0893,73.664,4.976,0.2009,0.9997,80
C0893,72.425,4.989,0.1984,0.9896,90
C0893,72.943,4.984,0.2045,1.019,100
C0894,73.029,5.008,0.2083,1.0434,10
C0894,73.049,5.008,0.214,1.0715,20
C0894,72.008,5.022,0.2016,1.0124,30
C0894,72.877,5.007,0.203,1.0165,40
C0894,71.554,4.999,0.2093,1.0462,50
C0894,72.428,5.0,0.2145,1.0724,60
C0894,72.05,5.017,0.2055,1.0311,70
C0894,72.116,5.004,0.2116,1.0587,80
C0894,71.967,5.013,0.2052,1.0289,90
C0894,72.321,5.014,0.2178,1.092,100
C0895,70.27,5.017,0.199,0.9983,10
C0895,71.136,4.998,0.1902,0.9507,20
C0895,71.825,5.018,0.189,0.9483,30
C0895,70.48,5.012,0.1929,0.9669,40
C0895,72.161,5.003,0.1959,0.98,50
C0895,71.086,4.994,0.1839,0.9184,60
C0895,70.677,5.014,0.1998,1.0021,70
C0895,70.438,5.015,0.1923,0.9645,80
C0895,71.944,5.01,0.1917,0.9605,90
C0895,71.01,5.012,0.1991,0.9978,100
C0896,71.467,4.939,0.211,1.042,10
C0896,72.134,4.937,0.2044,1.009,20
C0896,71.474,4.948,0.2069,1.024,30
C0896,71.946,4.923,0.2128,1.0475,40
C0896,71.216,4.947,0.2051,1.0146,50
C0896,72.616,4.938,0.2071,1.0227,60
C0896,72.968,4.937,0.2079,1.0265,70
C0896,72.553,4.923,0.1992,0.9809,80
C0896,72.702,4.93,0.2128,1.049,90
C0896,72.035,4.927,0.2118,1.0433,100
C0897,69.572,4.947,0.1868,0.9243,10
C0897,69.767,4.939,0.196,0.9682,20
C0897,70.859,4.973,0.1917,0.9532,30
C0897,69.986,4.968,0.1904,0.9462,40
C0897,69.899,4.947,0.1906,0.9426,50
C0897,70.089,4.967,0.1947,0.9669,60
C0897,70.672,4.958,0.1856,0.92,70
C0897,70.544,4.97,0.1878,0.9333,80
C0897,69.656,4.96,0.1912,0.9483,90
C0897,70.652,4.954,0.1913,0.9476,100
C0898,73.569,5.052,0.1914,0.9669,10
C0898,71.766,5.013,0.198,0.9928,20
C0898,71.657,5.028,0.2037,1.0241,30
C0898,71.331,5.037,0.1998,1.0066,40
C0898,72.335,5.037,0.1904,0.9591,50
C0898,71.898,5.051,0.1945,0.9827,60
C0898,73.384,5.022,0.1932,0.9704,70
C0898,71.813,5.047,0.1972,0.9951,80
C0898,72.591,5.037,0.1991,1.0029,90
C0898,73.148,5.044,0.1948,0.9823,100
C0899,69.907,4.996,0.1894,0.9461,10
C0899,69.11,4.987,0.1911,0.9529,20
C0899,70.301,5.011,0.1928,0.9661,30
C0899,68.693,5.006,0.187,0.9361,40
C0899,70.119,4.99,0.1835,0.9156,50
C0899,69.512,4.994,0.1883,0.9404,60
C0899,70.267,4.983,0.1826,0.9101,70
C0899,68.705,4.992,0.1836,0.9166,80
C0899,69.484,4.994,0.18,0.8989,90
C0899,69.349,4.997,0.1874,0.9365,100
C0900,78.057,5.001,0.2282,1.1414,10
C0900,80.869,5.027,0.2296,1.1542,20
C0900,81.957,5.028,0.2485,1.2494,30
C0900,83.187,5.053,0.2486,1.256,40
C0900,84.196,5.062,0.2659,1.3461,50
C0900,84.802,5.088,0.2713,1.3805,60
C0900,88.774,5.104,0.2834,1.4461,70
C0900,88.502,5.109,0.2993,1.5291,80
C0900,91.7,5.129,0.3024,1.5511,90
C0900,93.01,5.173,0.3153,1.6309,100
C0901,71.923,5.006,0.2023,1.0127,10
C0901,72.382,4.997,0.2032,1.0153,20
C0901,73.822,4.996,0.2082,1.0399,30
C0901,73.093,5.013,0.1965,0.9853,40
C0901,72.997,5.008,0.1943,0.9733,50
C0901,73.835,5.004,0.1959,0.9804,60
C0901,72.147,5.01,0.199,0.9968,70
C0901,72.257,5.005,0.1999,1.0006,80
C0901,72.605,5.008,0.198,0.9914,90
C0901,72.711,4.994,0.1987,0.9926,100
C0902,68.418,4.967,0.2078,1.032,10
C0902,68.45,4.989,0.2077,1.0361,20
C0902,68.974,4.971,0.2065,1.0263,30
C0902,69.156,4.974,0.2003,0.9962,40
C0902,68.248,4.995,0.1984,0.9909,50
C0902,69.387,4.992,0.2053,1.0249,60
C0902,68.001,4.98,0.2095,1.0432,70
C0902,69.643,4.977,0.2109,1.0499,80
C0902,69.3,4.988,0.2034,1.0145,90
C0902,68.54,5.006,0.2071,1.0366,100
C0903,71.671,5.012,0.1983,0.9939,10
C0903,73.0,5.014,0.1992,0.9988,20
C0903,73.284,5.008,0.2015,1.0091,30
C0903,73.375,5.005,0.1965,0.9835,40
C0903,72.141,4.997,0.2055,1.027,50
C0903,74.513,5.013,0.1968,0.9866,60
C0903,73.645,5.017,0.1951,0.9789,70
C0903,72.075,5.019,0.1997,1.0021,80
C0903,73.276,5.018,0.1932,0.9697,90
C0903,72.138,5.002,0.199,0.9954,100
C0904,71.792,4.982,0.1944,0.9685,10
C0904,71.346,4.992,0.1844,0.9204,20
C0904,71.008,4.979,0.1852,0.9219,30
C0904,71.0,5.001,0.1871,0.9359,40
C0904,73.202,4.972,0.1821,0.9054,50
C0904,72.59,4.974,0.1895,0.9426,60
C0904,71.002,4.981,0.1835,0.9138,70
C0904,71.771,4.977,0.1899,0.9449,80
C0904,72.191,4.984,0.1908,0.9507,90
C0904,71.75,4.977,0.1908,0.9498,100
C0905,71.448,5.065,0.1935,0.9802,10
C0905,70.909,5.065,0.1879,0.9519,20
C0905,70.746,5.063,0.1936,0.9804,30
C0905,69.519,5.06,0.2014,1.019,40
C0905,71.123,5.052,0.1985,1.003,50
C0905,70.128,5.066,0.1961,0.9932,60
C0905,70.572,5.073,0.198,1.0044,70
C0905,70.327,5.06,0.1915,0.9691,80
C0905,70.449,5.069,0.1949,0.988,90
C0905,71.41,5.047,0.1961,0.9895,100
C0906,72.796,5.038,0.2001,1.008,10
C0906,73.414,5.04,0.1975,0.9952,20
C0906,73.861,5.046,0.1967,0.9924,30
C0906,73.422,5.045,0.198,0.999,40
C0906,73.964,5.044,0.2,1.0091,50
C0906,73.197,5.048,0.2006,1.0126,60
C0906,73.198,5.054,0.1952,0.9866,70
C0906,72.496,5.051,0.2106,1.0635,80
C0906,73.773,5.062,0.1992,1.0081,90
C0906,72.865,5.048,0.2047,1.0333,100
C0907,71.446,5.003,0.2087,1.0442,10
C0907,71.072,4.999,0.2067,1.0332,20
C0907,71.734,4.987,0.2122,1.058,30
C0907,72.231,4.976,0.2089,1.0396,40
C0907,70.314,4.993,0.2119,1.0581,50
C0907,71.286,4.974,0.2142,1.0654,60
C0907,70.614,5.004,0.2076,1.0388,70
C0907,70.968,4.996,0.2149,1.0734,80
C0907,72.664,4.992,0.2054,1.0252,90
C0907,71.698,4.982,0.2136,1.064,100
C0908,72.304,5.023,0.209,1.0497,10
C0908,72.646,5.026,0.2056,1.0335,20
C0908,72.273,5.042,0.2136,1.077,30
C0908,73.095,5.026,0.2051,1.0308,40
C0908,72.588,5.038,0.2079,1.0473,50
C0908,73.114,5.01,0.2127,1.0658,60
C0908,72.992,5.024,0.2225,1.118,70
C0908,72.369,5.021,0.2135,1.0719,80
C0908,72.212,5.013,0.2083,1.0439,90
C0908,73.12,5.024,0.2195,1.1026,100
C0909,71.252,4.994,0.1944,0.9708,10
C0909,70.157,5.001,0.1993,0.9965,20
C0909,70.215,4.984,0.1944,0.9687,30
C0909,69.909,4.977,0.1905,0.9483,40
C0909,70.392,4.976,0.1938,0.9647,50
C0909,71.227,4.984,0.1935,0.9642,60
C0909,70.874,4.993,0.1927,0.9622,70
C0909,69.892,4.969,0.1975,0.9815,80
C0909,71.574,4.989,0.2011,1.0035,90
C0909,69.361,4.972,0.1915,0.9523,100
C0910,72.948,5.07,0.1971,0.9992,10
C0910,73.231,5.041,0.2011,1.0138,20
C0910,72.959,5.057,0.2047,1.0349,30
C0910,72.49,5.063,0.2058,1.0418,40
C0910,72.688,5.049,0.1978,0.9989,50
C0910,72.655,5.037,0.2029,1.0221,60
C0910,71.608,5.042,0.1996,1.0066,70
C0910,73.618,5.043,0.2015,1.0164,80
C0910,72.789,5.058,0.2013,1.0184,90
C0910,73.336,5.043,0.1958,0.9873,100
C0911,75.487,5.009,0.1864,0.9337,10
C0911,75.703,5.021,0.1926,0.9673,20
C0911,74.048,5.015,0.1942,0.9739,30
C0911,74.348,5.019,0.1996,1.0019,40
C0911,75.183,5.024,0.1917,0.963,50
C0911,74.417,5.013,0.1977,0.9908,60
C0911,74.989,5.016,0.1914,0.9602,70
C0911,74.285,5.032,0.1926,0.9692,80
C0911,74.728,5.019,0.1913,0.9602,90
C0911,75.235,5.011,0.1939,0.9718,100
C0912,70.888,5.028,0.1908,0.9593,10
C0912,72.026,4.999,0.194,0.9696,20
C0912,71.601,4.979,0.1881,0.9365,30
C0912,71.752,5.005,0.1896,0.9488,40
C0912,71.534,4.999,0.1892,0.9457,50
C0912,70.934,4.987,0.1908,0.9513,60
C0912,71.99,5.015,0.1893,0.9496,70
C0912,71.205,4.987,0.1868,0.9316,80
C0912,72.175,5.021,0.1906,0.9569,90
C0912,71.193,4.998,0.187,0.9345,100
C0913,71.764,4.948,0.211,1.0438,10
C0913,70.636,4.942,0.2127,1.0511,20
C0913,68.798,4.945,0.217,1.0728,30
C0913,71.311,4.94,0.2159,1.0666,40
C0913,69.82,4.935,0.2094,1.0333,50
C0913,71.539,4.937,0.2114,1.044,60
C0913,70.057,4.925,0.2076,1.0222,70
C0913,71.115,4.941,0.2131,1.0529,80
C0913,71.143,4.927,0.2047,1.0087,90
C0913,71.078,4.935,0.2154,1.063,100
C0914,73.012,4.99,0.1838,0.917,10
C0914,73.172,4.976,0.1843,0.917,20
C0914,73.691,4.976,0.1833,0.912,30
C0914,71.517,4.986,0.1818,0.9066,40
C0914,72.727,4.976,0.1829,0.91,50
C0914,72.568,4.979,0.1894,0.9428,60
C0914,73.551,4.986,0.1897,0.946,70
C0914,73.152,4.984,0.1905,0.9494,80
C0914,71.854,4.972,0.1814,0.9019,90
C0914,72.458,4.986,0.1802,0.8985,100
C0915,71.783,4.981,0.2007,0.9996,10
C0915,72.128,4.973,0.2,0.9946,20
C0915,71.924,4.98,0.2056,1.024,30
C0915,72.386,4.976,0.1951,0.971,40
C0915,72.168,4.981,0.2017,1.0045,50
C0915,72.222,4.973,0.1944,0.9667,60
C0915,71.233,4.947,0.2026,1.0021,70
C0915,71.718,4.985,0.2038,1.0159,80
C0915,71.464,4.968,0.1976,0.9818,90
C0915,72.907,4.975,0.1997,0.9934,100
C0916,72.885,4.958,0.193,0.9566,10
C0916,72.287,4.985,0.1941,0.9675,20
C0916,72.758,4.969,0.1882,0.9353,30
C0916,72.242,4.982,0.1962,0.9778,40
C0916,72.179,4.966,0.1889,0.9382,50
C0916,72.355,4.976,0.199,0.9904,60
C0916,72.511,4.981,0.19,0.9465,70
C0916,72.462,4.976,0.1926,0.9583,80
C0916,72.424,4.976,0.1951,0.9706,90
C0916,73.139,4.952,0.1976,0.9785,100
C0917,72.1,4.956,0.1985,0.9836,10
C0917,71.858,4.957,0.1941,0.9623,20
C0917,71.547,4.951,0.1907,0.9442,30
C0917,71.894,4.943,0.1882,0.93,40
C0917,72.172,4.949,0.199,0.9847,50
C0917,70.853,4.94,0.1989,0.9825,60
C0917,72.292,4.955,0.2002,0.9918,70
C0917,71.516,4.939,0.1978,0.9768,80
C0917,72.355,4.946,0.1938,0.9583,90
C0917,71.392,4.963,0.2025,1.0049,100
C0918,73.047,4.982,0.2079,1.0357,10
C0918,73.817,4.973,0.2049,1.0191,20
C0918,73.752,4.974,0.208,1.0346,30
C0918,73.307,4.991,0.2132,1.064,40
C0918,73.497,4.991,0.2061,1.0284,50
C0918,73.114,4.977,0.2073,1.0315,60
C0918,72.603,4.988,0.2073,1.0337,70
C0918,74.276,4.987,0.2074,1.0344,80
C0918,73.462,4.997,0.2156,1.0772,90
C0918,73.472,4.992,0.2041,1.0188,100
C0919,72.441,4.976,0.2127,1.0582,10
C0919,71.437,4.996,0.2106,1.0521,20
C0919,71.515,4.988,0.2106,1.0505,30
C0919,70.845,4.976,0.2163,1.0761,40
C0919,72.204,4.997,0.2073,1.036,50
C0919,70.52,4.982,0.2096,1.0441,60
C0919,72.194,4.991,0.2098,1.0471,70
C0919,71.4,4.993,0.2043,1.0203,80
C0919,71.578,4.985,0.2137,1.0654,90
C0919,69.79,4.985,0.209,1.0417,100
C0920,74.4,5.051,0.2222,1.1224,10
C0920,77.879,5.065,0.2317,1.1738,20
C0920,81.064,5.075,0.2452,1.2445,30
C0920,80.203,5.105,0.2536,1.2949,40
C0920,83.134,5.121,0.2658,1.361,50
C0920,84.892,5.138,0.2727,1.4013,60
C0920,85.564,5.141,0.2879,1.48,70
C0920,87.9,5.164,0.2962,1.5293,80
C0920,89.611,5.188,0.31,1.6082,90
C0920,91.131,5.21,0.31,1.6152,100
C0921,72.049,4.988,0.2084,1.0394,10
C0921,71.045,4.999,0.2092,1.0459,20
C0921,71.913,4.997,0.2084,1.0413,30
C0921,72.376,4.999,0.2106,1.0527,40
C0921,70.804,4.993,0.2056,1.0264,50
C0921,71.839,5.001,0.2063,1.0315,60
C0921,71.8,4.997,0.1997,0.9979,70
C0921,72.681,4.991,0.2117,1.0563,80
C0921,71.235,4.983,0.2048,1.0207,90
C0921,71.769,4.987,0.2025,1.01,100
C0922,73.431,4.962,0.2112,1.0481,10
C0922,72.19,4.97,0.2033,1.0105,20
C0922,72.495,4.947,0.1999,0.989,30
C0922,72.676,4.967,0.2049,1.0178,40
C0922,73.01,4.965,0.1985,0.9858,50
C0922,73.485,4.954,0.2,0.9908,60
C0922,72.046,4.975,0.2077,1.0331,70
C0922,72.452,4.97,0.2041,1.0144,80
C0922,73.638,4.95,0.2054,1.0165,90
C0922,72.782,4.964,0.2037,1.0111,100
C0923,72.782,4.996,0.2104,1.051,10
C0923,73.273,4.997,0.2006,1.0022,20
C0923,71.939,5.011,0.1998,1.0012,30
C0923,71.17,4.996,0.2054,1.0264,40
C0923,72.167,5.003,0.2028,1.0146,50
C0923,72.863,5.004,0.1915,0.9582,60
C0923,71.817,4.984,0.1945,0.9695,70
C0923,72.345,5.005,0.2052,1.0273,80
C0923,72.279,4.996,0.205,1.024,90
C0923,73.349,5.014,0.1999,1.0022,100
C0924,71.069,4.951,0.2043,1.0115,10
C0924,71.295,4.954,0.2056,1.0187,20
C0924,70.906,4.961,0.2061,1.0226,30
C0924,71.174,4.936,0.2171,1.0717,40
C0924,72.103,4.953,0.2058,1.0191,50
C0924,71.544,4.957,0.2043,1.0126,60
C0924,70.008,4.952,0.2031,1.0059,70
C0924,71.641,4.959,0.2055,1.019,80
C0924,71.217,4.975,0.2125,1.0571,90
C0924,71.267,4.98,0.2046,1.0189,100
C0925,72.163,4.976,0.1935,0.9632,10
C0925,72.641,4.971,0.1939,0.9639,20
C0925,72.058,4.994,0.1863,0.9301,30
C0925,73.546,4.968,0.1892,0.9398,40
C0925,72.081,4.979,0.192,0.9562,50
C0925,72.617,4.973,0.1909,0.9494,60
C0925,71.704,4.99,0.195,0.9732,70
C0925,71.565,4.973,0.1882,0.9359,80
C0925,73.894,4.979,0.1855,0.9238,90
C0925,71.443,4.965,0.1947,0.9665,100
C0926,68.378,4.948,0.2041,1.0098,10
C0926,69.632,4.949,0.197,0.9747,20
C0926,69.117,4.955,0.2001,0.9914,30
C0926,69.255,4.958,0.198,0.9819,40
C0926,69.258,4.949,0.195,0.9649,50
C0926,69.873,4.964,0.1925,0.9557,60
C0926,69.297,4.949,0.2003,0.9911,70
C0926,69.171,4.978,0.198,0.9855,80
C0926,70.162,4.946,0.1971,0.975,90
C0926,69.823,4.946,0.1972,0.9752,100
C0927,71.016,5.014,0.2085,1.0456,10
C0927,71.879,5.003,0.2097,1.049,20
C0927,72.786,5.006,0.2109,1.0558,30
C0927,72.615,5.035,0.2131,1.0729,40
C0927,72.312,5.021,0.2136,1.0726,50
C0927,72.436,5.026,0.2092,1.0516,60
C0927,73.083,5.013,0.2078,1.0418,70
C0927,72.082,5.008,0.2136,1.0697,80
C0927,71.42,5.014,0.2119,1.0622,90
C0927,72.37,5.018,0.21,1.0537,100
C0928,72.323,4.997,0.196,0.9795,10
C0928,71.585,4.997,0.1837,0.9179,20
C0928,71.57,4.977,0.1871,0.9311,30
C0928,71.688,4.982,0.1848,0.9205,40
C0928,71.803,4.98,0.1768,0.8805,50
C0928,72.299,4.989,0.1833,0.9146,60
C0928,72.463,5.002,0.1866,0.9335,70
C0928,73.045,5.01,0.1967,0.9853,80
C0928,71.534,4.976,0.1848,0.9193,90
C0928,72.324,5.004,0.189,0.9459,100
C0929,70.352,4.975,0.1904,0.9473,10
C0929,70.293,4.98,0.1827,0.9097,20
C0929,71.066,4.99,0.1907,0.9515,30
C0929,71.218,4.978,0.2022,1.0065,40
C0929,71.589,4.972,0.198,0.9842,50
C0929,72.452,4.978,0.1947,0.9694,60
C0929,71.613,4.969,0.1855,0.9216,70
C0929,71.101,4.972,0.1919,0.9542,80
C0929,71.62,4.986,0.195,0.9724,90
C0929,70.928,4.974,0.19,0.9448,100
C0930,74.375,4.966,0.2026,1.0059,10
C0930,73.901,4.956,0.2033,1.0076,20
C0930,74.216,4.98,0.2016,1.0041,30
C0930,75.047,4.971,0.2,0.9942,40
C0930,73.427,4.979,0.1985,0.9881,50
C0930,74.373,4.965,0.2022,1.0039,60
C0930,75.193,4.967,0.2019,1.0027,70
C0930,75.227,4.973,0.1994,0.9918,80
C0930,73.927,4.959,0.2022,1.0026,90
C0930,73.868,4.968,0.2019,1.0029,100
C0931,71.742,5.039,0.21,1.0582,10
C0931,71.218,5.064,0.21,1.0636,20
C0931,71.413,5.03,0.2098,1.0553,30
C0931,71.772,5.053,0.2196,1.1094,40
C0931,70.706,5.056,0.219,1.1074,50
C0931,71.583,5.031,0.2144,1.0787,60
C0931,71.572,5.055,0.2143,1.0832,70
C0931,71.502,5.043,0.2126,1.0721,80
C0931,70.802,5.03,0.2097,1.0548,90
C0931,72.182,5.046,0.2171,1.0957,100
C0932,71.665,4.971,0.1921,0.9547,10
C0932,70.643,4.971,0.1983,0.986,20
C0932,70.847,4.979,0.1962,0.977,30
C0932,70.416,4.963,0.1925,0.9555,40
C0932,70.141,4.966,0.2004,0.9952,50
C0932,70.924,4.964,0.202,1.0027,60
C0932,70.385,4.962,0.1993,0.9886,70
C0932,71.34,4.97,0.1977,0.9824,80
C0932,71.123,4.96,0.1847,0.9162,90
C0932,70.603,4.982,0.1926,0.9597,100
C0933,71.646,5.031,0.197,0.991,10
C0933,71.972,5.02,0.1905,0.9563,20
C0933,71.918,5.024,0.204,1.0248,30
C0933,71.819,5.018,0.1963,0.9848,40
C0933,72.736,5.025,0.1944,0.9769,50
C0933,71.395,5.013,0.1983,0.9939,60
C0933,71.694,5.041,0.1955,0.9854,70
C0933,72.159,5.016,0.1918,0.9623,80
C0933,72.325,5.033,0.1912,0.9622,90
C0933,71.426,5.015,0.1978,0.9921,100
C0934,78.173,5.127,0.2168,1.1117,10
C0934,78.494,5.127,0.2307,1.1829,20
C0934,82.807,5.152,0.2387,1.2298,30
C0934,83.034,5.165,0.251,1.2965,40
C0934,86.277,5.192,0.254,1.3187,50
C0934,84.027,5.187,0.2653,1.376,60
C0934,89.379,5.203,0.2775,1.4438,70
C0934,90.609,5.242,0.2872,1.5056,80
C0934,94.914,5.26,0.2995,1.5752,90
C0934,94.937,5.295,0.3071,1.6257,100
C0935,71.349,4.995,0.1982,0.9899,10
C0935,72.278,4.994,0.199,0.9937,20
C0935,71.153,4.995,0.2013,1.0058,30
C0935,72.35,4.988,0.1987,0.9913,40
C0935,72.106,4.994,0.204,1.019,50
C0935,71.749,5.001,0.204,1.0199,60
C0935,72.547,5.011,0.1943,0.9737,70
C0935,73.405,4.986,0.2023,1.0088,80
C0935,72.261,4.979,0.2035,1.0131,90
C0935,72.753,4.997,0.1954,0.9766,100
C0936,71.878,5.017,0.1915,0.9609,10
C0936,70.845,5.008,0.1982,0.9926,20
C0936,69.736,5.014,0.1997,1.0014,30
C0936,69.752,5.007,0.1994,0.9984,40
C0936,68.734,4.998,0.2057,1.0279,50
C0936,70.336,5.007,0.1922,0.9624,60
C0936,70.106,5.022,0.2096,1.0524,70
C0936,71.275,5.003,0.197,0.9857,80
C0936,69.257,5.004,0.1981,0.9915,90
C0936,69.919,5.033,0.1937,0.975,100
C0937,70.768,4.997,0.1895,0.947,10
C0937,71.133,4.987,0.1823,0.9092,20
C0937,70.388,4.993,0.1862,0.9298,30
C0937,69.926,4.976,0.1888,0.9396,40
C0937,69.782,4.988,0.1912,0.9538,50
C0937,69.443,4.992,0.1778,0.8878,60
C0937,70.221,5.0,0.1781,0.8904,70
C0937,70.012,5.008,0.1869,0.9359,80
C0937,70.659,4.993,0.1921,0.9593,90
C0937,69.867,5.007,0.1902,0.9522,100
C0938,76.41,4.969,0.2046,1.0165,10
C0938,76.062,4.964,0.2113,1.0489,20
C0938,76.308,5.0,0.2064,1.0318,30
C0938,75.792,4.969,0.2077,1.032,40
C0938,76.591,4.968,0.216,1.0732,50
C0938,76.324,4.966,0.2052,1.0188,60
C0938,76.599,4.971,0.2082,1.0348,70
C0938,75.615,4.97,0.2056,1.0217,80
C0938,76.791,4.978,0.2074,1.0326,90
C0938,75.861,4.971,0.2081,1.0346,100
C0939,68.779,4.968,0.2047,1.0169,10
C0939,69.86,4.933,0.2076,1.0238,20
C0939,70.246,4.941,0.2025,1.0003,30
C0939,69.174,4.942,0.2029,1.0025,40
C0939,70.389,4.944,0.2119,1.0478,50
C0939,70.042,4.961,0.2018,1.001,60
C0939,69.784,4.939,0.2062,1.0186,70
C0939,68.749,4.967,0.2039,1.0127,80
C0939,69.789,4.931,0.2058,1.0148,90
C0939,70.034,4.948,0.203,1.0045,100
C0940,71.232,5.051,0.1942,0.9807,10
C0940,71.15,5.037,0.1994,1.0042,20
C0940,71.501,5.051,0.1873,0.946,30
C0940,70.34,5.053,0.1846,0.9328,40
C0940,71.131,5.033,0.1891,0.952,50
C0940,70.081,5.049,0.1971,0.995,60
C0940,71.136,5.051,0.1933,0.9763,70
C0940,71.337,5.051,0.1818,0.918,80
C0940,71.471,5.054,0.1912,0.9662,90
C0940,69.743,5.049,0.1939,0.9791,100
C0941,72.374,4.958,0.2096,1.0394,10
C0941,72.483,4.967,0.2138,1.0618,20
C0941,72.013,4.96,0.2061,1.0222,30
C0941,72.247,4.963,0.2111,1.0479,40
C0941,71.667,4.972,0.2058,1.0235,50
C0941,72.334,4.981,0.2137,1.0644,60
C0941,72.341,4.978,0.2056,1.0237,70
C0941,72.388,4.974,0.2062,1.0254,80
C0941,71.794,4.982,0.2073,1.0328,90
C0941,72.312,4.963,0.2067,1.0256,100
C0942,71.651,4.986,0.1999,0.9964,10
C0942,71.207,4.993,0.2017,1.0068,20
C0942,71.795,4.989,0.2079,1.0375,30
C0942,71.971,4.991,0.2036,1.0161,40
C0942,70.755,4.976,0.209,1.04,50
C0942,70.915,4.975,0.2019,1.0043,60
C0942,70.528,4.974,0.2101,1.0448,70
C0942,71.205,4.968,0.204,1.0135,80
C0942,71.942,4.967,0.2099,1.0424,90
C0942,70.771,4.981,0.2044,1.0183,100
C0943,71.555,4.999,0.2111,1.0551,10
C0943,71.72,4.98,0.2115,1.0534,20
C0943,71.796,4.973,0.2129,1.0587,30
C0943,72.552,4.993,0.2097,1.0471,40
C0943,72.612,4.986,0.2092,1.043,50
C0943,71.621,4.992,0.2036,1.0165,60
C0943,72.79,4.984,0.208,1.0365,70
C0943,71.528,4.978,0.2132,1.0613,80
C0943,72.144,4.978,0.2082,1.0364,90
C0943,72.146,5.01,0.2213,1.1087,100
C0944,73.508,4.973,0.1863,0.9265,10
C0944,72.727,4.984,0.188,0.937,20
C0944,73.898,4.986,0.1904,0.9495,30
C0944,75.172,4.99,0.1845,0.9205,40
C0944,73.852,4.981,0.1842,0.9172,50
C0944,72.724,4.986,0.1923,0.9588,60
C0944,72.949,4.991,0.1907,0.9516,70
C0944,74.294,4.992,0.1889,0.943,80
C0944,74.558,4.97,0.1991,0.9895,90
C0944,73.05,4.981,0.1872,0.9327,100
C0945,73.6,5.016,0.2024,1.0152,10
C0945,73.832,5.009,0.2024,1.0136,20
C0945,73.886,4.989,0.2041,1.018,30
C0945,75.384,5.013,0.2083,1.0443,40
C0945,74.031,4.984,0.2049,1.0212,50
C0945,74.363,4.995,0.2071,1.0344,60
C0945,73.207,4.988,0.2148,1.0714,70
C0945,75.087,4.998,0.2025,1.0124,80
C0945,73.244,5.003,0.2134,1.0677,90
C0945,73.39,5.001,0.2063,1.0315,100
C0946,74.603,5.065,0.2076,1.0514,10
C0946,74.284,5.064,0.2109,1.0681,20
C0946,75.105,5.072,0.2124,1.0773,30
C0946,73.899,5.053,0.2068,1.0447,40
C0946,74.64,5.042,0.2103,1.0603,50
C0946,75.344,5.069,0.2089,1.059,60
C0946,74.08,5.07,0.2115,1.0726,70
C0946,74.351,5.056,0.2106,1.065,80
C0946,74.317,5.07,0.2153,1.0915,90
C0946,73.678,5.05,0.2157,1.0894,100
C0947,75.847,5.022,0.2002,1.0055,10
C0947,74.976,5.033,0.2024,1.0188,20
C0947,75.296,5.031,0.2042,1.0272,30
C0947,75.442,5.029,0.2013,1.0123,40
C0947,75.889,5.017,0.2013,1.0098,50
C0947,74.03,5.024,0.2071,1.0406,60
C0947,74.688,5.01,0.1958,0.9811,70
C0947,75.589,5.025,0.1956,0.9828,80
C0947,75.887,5.031,0.195,0.9809,90
C0947,75.029,5.048,0.1984,1.0013,100
C0948,70.051,5.001,0.2077,1.0387,10
C0948,69.857,5.007,0.2085,1.0441,20
C0948,69.217,5.004,0.2169,1.0855,30
C0948,70.728,4.988,0.2076,1.0358,40
C0948,68.841,4.993,0.2044,1.0208,50
C0948,69.143,4.999,0.2103,1.0513,60
C0948,68.373,5.008,0.2044,1.0235,70
C0948,68.882,4.98,0.2061,1.0263,80
C0948,68.921,4.983,0.1989,0.9911,90
C0948,69.537,4.994,0.2177,1.0873,100
C0949,71.645,5.048,0.2016,1.0176,10
C0949,70.649,5.042,0.2064,1.0408,20
C0949,71.442,5.043,0.2019,1.0181,30
C0949,72.107,5.031,0.1975,0.9938,40
C0949,71.072,5.03,0.2022,1.0174,50
C0949,72.329,5.059,0.2015,1.0194,60
C0949,71.73,5.031,0.2034,1.0233,70
C0949,72.191,5.049,0.2001,1.0103,80
C0949,72.527,5.026,0.193,0.9698,90
C0949,71.292,5.045,0.196,0.9887,100
C0950,74.135,5.122,0.1978,1.0132,10
C0950,73.623,5.103,0.1951,0.9954,20
C0950,73.855,5.107,0.1966,1.0038,30
C0950,73.422,5.114,0.1954,0.9993,40
C0950,73.544,5.117,0.1996,1.0213,50
C0950,73.063,5.108,0.2004,1.0234,60
C0950,74.286,5.101,0.1964,1.0016,70
C0950,73.275,5.102,0.2002,1.0215,80
C0950,74.049,5.119,0.1982,1.0147,90
C0950,72.849,5.115,0.1992,1.0191,100
C0951,70.002,4.997,0.1917,0.9579,10
C0951,69.104,4.986,0.1905,0.9497,20
C0951,70.483,4.98,0.195,0.9713,30
C0951,70.683,4.995,0.1893,0.9457,40
C0951,68.975,5.009,0.1856,0.9294,50
C0951,69.944,5.001,0.1938,0.969,60
C0951,70.438,4.998,0.1866,0.9326,70
C0951,70.293,5.001,0.188,0.94,80
C0951,70.161,4.999,0.1827,0.9132,90
C0951,70.123,5.001,0.1895,0.9477,100
C0952,70.22,5.056,0.1974,0.9981,10
C0952,70.438,5.034,0.1996,1.0045,20
C0952,72.001,5.03,0.2005,1.0088,30
C0952,70.214,5.043,0.196,0.9884,40
C0952,69.772,5.046,0.1885,0.951,50
C0952,70.781,5.068,0.1924,0.975,60
C0952,70.394,5.045,0.1989,1.0033,70
C0952,70.738,5.055,0.1929,0.9752,80
C0952,70.755,5.012,0.1976,0.9904,90
C0952,69.764,5.043,0.1979,0.998,100
C0953,73.435,4.973,0.1826,0.908,10
C0953,72.719,4.98,0.1809,0.9011,20
C0953,74.824,4.983,0.1842,0.9176,30
C0953,73.494,4.994,0.1852,0.9247,40
C0953,74.539,4.992,0.1817,0.907,50
C0953,74.069,4.989,0.187,0.9331,60
C0953,73.872,4.968,0.1831,0.9097,70
C0953,73.698,4.982,0.1878,0.9358,80
C0953,73.245,4.983,0.183,0.9116,90
C0953,74.041,4.999,0.1857,0.9285,100
C0954,72.754,5.005,0.2048,1.025,10
C0954,72.467,4.995,0.2045,1.0214,20
C0954,72.495,5.004,0.197,0.9857,30
C0954,71.827,5.004,0.2038,1.0198,40
C0954,72.797,4.987,0.1998,0.9963,50
C0954,72.381,4.976,0.199,0.9903,60
C0954,73.145,5.014,0.2064,1.0347,70
C0954,73.225,5.011,0.1942,0.9732,80
C0954,73.807,5.015,0.1979,0.9923,90
C0954,73.243,5.008,0.2052,1.0277,100
C0955,75.615,5.063,0.2226,1.1268,10
C0955,80.536,5.062,0.2326,1.1772,20
C0955,82.92,5.083,0.2456,1.2483,30
C0955,85.206,5.09,0.2518,1.2817,40
C0955,88.885,5.102,0.2652,1.3528,50
C0955,88.83,5.122,0.273,1.3983,60
C0955,92.784,5.146,0.2817,1.4498,70
C0955,92.739,5.182,0.2963,1.5355,80
C0955,92.467,5.201,0.3055,1.5891,90
C0955,95.244,5.216,0.3184,1.6609,100
C0956,72.497,5.013,0.2124,1.0645,10
C0956,72.119,5.029,0.2147,1.0795,20
C0956,71.585,5.034,0.2076,1.0451,30
C0956,72.472,5.03,0.2053,1.0329,40
C0956,71.875,5.007,0.2134,1.0683,50
C0956,72.357,5.031,0.2065,1.0388,60
C0956,71.883,5.031,0.2097,1.0553,70
C0956,72.438,5.028,0.2046,1.0286,80
C0956,73.217,5.038,0.2115,1.0653,90
C0956,72.357,5.025,0.2147,1.079,100
C0957,73.166,4.998,0.1986,0.9929,10
C0957,72.766,4.982,0.1961,0.9769,20
C0957,73.52,5.008,0.1971,0.9872,30
C0957,73.006,4.995,0.1953,0.9753,40
C0957,72.951,5.001,0.195,0.9753,50
C0957,72.907,4.992,0.2044,1.0201,60
C0957,73.484,4.981,0.2014,1.0032,70
C0957,72.723,4.997,0.2011,1.0048,80
C0957,72.861,4.999,0.1927,0.9635,90
C0957,73.496,5.013,0.1987,0.9961,100
C0958,70.739,4.976,0.2023,1.0068,10
C0958,70.861,4.974,0.2097,1.0432,20
C0958,69.797,4.968,0.1997,0.992,30
C0958,70.108,4.976,0.198,0.9852,40
C0958,70.309,4.982,0.1974,0.9835,50
C0958,69.938,4.982,0.1989,0.991,60
C0958,70.062,4.987,0.2105,1.0496,70
C0958,70.515,4.975,0.2013,1.0012,80
C0958,70.798,4.988,0.1986,0.9908,90
C0958,70.797,4.97,0.1998,0.9932,100
C0959,72.271,5.003,0.2145,1.0732,10
C0959,73.253,5.002,0.213,1.0654,20
C0959,71.9,5.013,0.2139,1.0723,30
C0959,72.247,5.017,0.2092,1.0495,40
C0959,72.427,5.01,0.2064,1.034,50
C0959,71.597,5.009,0.2072,1.0381,60
C0959,71.68,5.014,0.2163,1.0845,70
C0959,72.927,4.995,0.2109,1.0535,80
C0959,72.227,4.998,0.2106,1.0523,90
C0959,72.372,5.004,0.2142,1.0717,100
C0960,73.314,4.987,0.1947,0.9711,10
C0960,73.929,4.98,0.198,0.9863,20
C0960,74.347,4.978,0.1943,0.9675,30
C0960,72.834,4.981,0.1967,0.9798,40
C0960,73.524,4.981,0.2007,0.9999,50
C0960,74.617,4.965,0.1959,0.9725,60
C0960,74.526,4.996,0.194,0.9695,70
C0960,74.777,4.967,0.2019,1.0029,80
C0960,73.781,4.996,0.1955,0.9765,90
C0960,73.764,4.979,0.1912,0.9518,100
C0961,77.131,5.082,0.2381,1.2102,10
C0961,80.019,5.092,0.2453,1.2493,20
C0961,82.819,5.113,0.2582,1.3203,30
C0961,83.584,5.126,0.2695,1.3813,40
C0961,86.822,5.146,0.2712,1.3955,50
C0961,88.632,5.173,0.2756,1.4258,60
C0961,88.45,5.186,0.2904,1.5058,70
C0961,91.694,5.194,0.3003,1.5599,80
C0961,93.54,5.218,0.3103,1.6192,90
C0961,92.27,5.23,0.3216,1.6817,100
C0962,71.435,5.055,0.1995,1.0086,10
C0962,72.489,5.055,0.1915,0.9682,20
C0962,71.227,5.061,0.2012,1.0184,30
C0962,72.625,5.059,0.2012,1.0178,40
C0962,73.102,5.07,0.201,1.0189,50
C0962,71.47,5.067,0.1991,1.0091,60
C0962,72.345,5.07,0.1987,1.0076,70
C0962,71.893,5.047,0.1961,0.9898,80
C0962,72.082,5.061,0.1983,1.0034,90
C0962,72.53,5.066,0.197,0.9983,100
C0963,72.25,4.976,0.2036,1.0131,10
C0963,71.889,4.969,0.2065,1.026,20
C0963,71.917,4.969,0.212,1.0534,30
C0963,72.363,4.978,0.2056,1.0235,40
C0963,72.121,4.969,0.2045,1.0161,50
C0963,72.239,4.982,0.2132,1.0625,60
C0963,72.914,4.97,0.2034,1.0108,70
C0963,73.557,4.962,0.2124,1.0537,80
C0963,72.308,4.956,0.2003,0.9929,90
C0963,72.923,4.961,0.2012,0.9983,100
C0964,72.31,4.979,0.2087,1.0392,10
C0964,71.599,4.966,0.1955,0.9708,20
C0964,71.376,4.959,0.1927,0.9555,30
C0964,72.775,4.971,0.2102,1.045,40
C0964,71.093,4.966,0.1968,0.9771,50
C0964,71.212,4.979,0.2021,1.0064,60
C0964,72.122,4.984,0.2043,1.0181,70
C0964,70.992,4.965,0.2004,0.9947,80
C0964,73.834,4.978,0.2003,0.997,90
C0964,72.001,4.964,0.2009,0.9974,100
C0965,71.6,5.012,0.1838,0.9211,10
C0965,71.477,5.025,0.1893,0.9516,20
C0965,72.265,5.042,0.1943,0.9799,30
C0965,72.555,5.024,0.1889,0.9489,40
C0965,71.506,5.031,0.1873,0.9422,50
C0965,71.158,5.043,0.1948,0.9821,60
C0965,71.389,5.033,0.1851,0.9315,70
C0965,71.796,5.023,0.1854,0.9314,80
C0965,71.958,5.01,0.1858,0.9311,90
C0965,74.253,5.013,0.1864,0.9344,100
C0966,72.547,5.039,0.1987,1.0011,10
C0966,72.533,5.02,0.196,0.9839,20
C0966,71.824,5.02,0.2031,1.0198,30
C0966,73.517,5.015,0.1997,1.0016,40
C0966,72.242,5.041,0.1987,1.0017,50
C0966,72.428,5.02,0.192,0.9639,60
C0966,72.889,5.031,0.1997,1.0045,70
C0966,72.073,5.026,0.2013,1.0118,80
C0966,73.021,5.016,0.1956,0.9811,90
C0966,71.598,5.03,0.2017,1.0144,100
C0967,73.514,4.954,0.2233,1.1064,10
C0967,73.627,4.955,0.2132,1.0565,20
C0967,73.314,4.948,0.2098,1.0384,30
C0967,72.413,4.953,0.2114,1.047,40
C0967,74.052,4.953,0.2105,1.0428,50
C0967,74.576,4.951,0.219,1.0841,60
C0967,74.647,4.955,0.217,1.0751,70
C0967,74.524,4.953,0.2212,1.0955,80
C0967,73.616,4.957,0.2175,1.0783,90
C0967,73.439,4.95,0.2143,1.0608,100
C0968,69.811,5.011,0.1921,0.963,10
C0968,70.304,4.977,0.1889,0.9403,20
C0968,70.616,5.01,0.1942,0.9731,30
C0968,69.873,4.998,0.183,0.9145,40
C0968,70.194,4.983,0.1965,0.9792,50
C0968,68.741,4.987,0.1932,0.9634,60
C0968,69.599,4.99,0.197,0.9828,70
C0968,70.042,4.984,0.1971,0.9824,80
C0968,70.207,4.996,0.1898,0.9482,90
C0968,68.528,4.984,0.1893,0.9436,100
C0969,71.644,5.023,0.1975,0.9922,10
C0969,71.368,5.011,0.1957,0.9808,20
C0969,72.281,5.002,0.1923,0.962,30
C0969,70.835,5.016,0.1983,0.9945,40
C0969,72.05,5.011,0.2005,1.0046,50
C0969,70.826,5.005,0.1883,0.9425,60
C0969,71.599,5.007,0.1941,0.9722,70
C0969,72.893,5.001,0.1925,0.9626,80
C0969,71.855,4.994,0.192,0.959,90
C0969,72.398,5.014,0.1962,0.9836,100
C0970,73.234,5.03,0.2092,1.0524,10
C0970,73.265,5.039,0.2086,1.0509,20
C0970,72.677,5.04,0.2061,1.0385,30
C0970,73.338,5.017,0.2136,1.0716,40
C0970,72.128,5.026,0.2098,1.0546,50
C0970,73.239,5.058,0.2094,1.0589,60
C0970,72.891,5.039,0.2145,1.081,70
C0970,74.37,5.035,0.2103,1.0591,80
C0970,72.871,5.036,0.2157,1.0862,90
C0970,72.36,5.014,0.2094,1.0501,100
C0971,71.71,5.018,0.1925,0.9657,10
C0971,72.151,5.015,0.2005,1.0055,20
C0971,72.592,5.012,0.192,0.962,30
C0971,72.202,5.017,0.1913,0.9596,40
C0971,72.737,5.024,0.195,0.9797,50
C0971,71.673,4.995,0.1971,0.9844,60
C0971,72.37,5.011,0.1889,0.9465,70
C0971,72.807,5.028,0.1926,0.9686,80
C0971,72.826,5.021,0.1988,0.998,90
C0971,72.029,5.013,0.1971,0.9882,100
C0972,74.699,5.014,0.2007,1.0062,10
C0972,73.802,5.007,0.1962,0.9826,20
C0972,74.828,5.006,0.2014,1.0082,30
C0972,73.346,5.015,0.1915,0.9606,40
C0972,72.765,5.021,0.1965,0.9866,50
C0972,73.493,5.012,0.199,0.9973,60
C0972,74.11,5.016,0.1956,0.9811,70
C0972,73.982,5.012,0.1947,0.9758,80
C0972,73.879,5.007,0.1957,0.9799,90
C0972,73.947,5.007,0.2003,1.0027,100
C0973,72.35,4.987,0.2176,1.0849,10
C0973,72.843,4.966,0.2144,1.0645,20
C0973,71.51,4.975,0.2229,1.1092,30
C0973,73.32,4.987,0.2162,1.0782,40
C0973,72.672,4.992,0.2213,1.1048,50
C0973,71.92,4.976,0.214,1.0647,60
C0973,71.853,4.969,0.2163,1.075,70
C0973,71.986,4.968,0.2273,1.1296,80
C0973,72.178,4.99,0.2214,1.1048,90
C0973,73.166,4.968,0.2144,1.0653,100
C0974,69.286,4.957,0.1858,0.9213,10
C0974,69.557,4.966,0.1956,0.9715,20
C0974,69.382,4.975,0.1937,0.9636,30
C0974,69.886,4.958,0.1911,0.9475,40
C0974,70.105,4.979,0.1963,0.9773,50
C0974,68.745,4.956,0.1993,0.9877,60
C0974,70.043,4.965,0.2034,1.0097,70
C0974,69.554,4.954,0.1929,0.9557,80
C0974,69.282,4.966,0.199,0.9883,90
C0974,68.705,4.952,0.1964,0.9726,100
C0975,72.107,4.984,0.1882,0.938,10
C0975,71.961,4.994,0.1834,0.916,20
C0975,72.539,4.987,0.1843,0.9191,30
C0975,72.198,4.995,0.1773,0.8856,40
C0975,72.278,4.961,0.1769,0.8776,50
C0975,72.22,4.974,0.1924,0.957,60
C0975,72.1,4.991,0.1843,0.9198,70
C0975,71.531,4.962,0.1786,0.8863,80
C0975,72.449,4.996,0.1804,0.9013,90
C0975,72.755,4.978,0.1798,0.8951,100
C0976,72.722,5.025,0.2051,1.0306,10
C0976,72.956,5.034,0.2116,1.0653,20
C0976,71.454,5.037,0.2062,1.0388,30
C0976,72.765,5.03,0.2143,1.0781,40
C0976,71.452,5.022,0.2102,1.0556,50
C0976,73.395,5.025,0.2158,1.0844,60
C0976,72.856,5.02,0.2108,1.0581,70
C0976,73.446,5.007,0.2136,1.0698,80
C0976,72.155,5.012,0.2141,1.0731,90
C0976,72.002,5.024,0.2081,1.0453,100
C0977,69.802,4.99,0.1821,0.9086,10
C0977,70.534,4.981,0.1875,0.9337,20
C0977,70.067,4.992,0.1832,0.9145,30
C0977,70.127,4.992,0.1799,0.8981,40
C0977,69.586,4.979,0.1806,0.8991,50
C0977,69.175,4.994,0.1808,0.9026,60
C0977,69.495,4.976,0.1857,0.9241,70
C0977,69.388,4.971,0.18,0.8948,80
C0977,69.383,4.981,0.1876,0.9345,90
C0977,70.326,4.974,0.1832,0.9112,100
C0978,68.883,5.005,0.2047,1.0247,10
C0978,69.772,4.986,0.194,0.9671,20
C0978,70.089,4.983,0.1932,0.9628,30
C0978,70.647,4.996,0.2001,0.9998,40
C0978,70.257,4.984,0.1927,0.9606,50
C0978,70.187,4.983,0.19,0.947,60
C0978,69.323,5.0,0.1936,0.9679,70
C0978,70.748,4.986,0.1852,0.9234,80
C0978,69.96,5.011,0.1952,0.9781,90
C0978,69.215,4.978,0.1998,0.9949,100
C0979,73.065,4.99,0.1992,0.9942,10
C0979,72.785,4.991,0.1888,0.942,20
C0979,73.023,4.987,0.193,0.9625,30
C0979,72.802,5.003,0.1927,0.9642,40
C0979,71.946,5.005,0.186,0.9311,50
C0979,72.54,4.985,0.19,0.9474,60
C0979,72.605,4.991,0.1982,0.989,70
C0979,72.808,4.991,0.1926,0.9615,80
C0979,71.722,5.003,0.1998,0.9997,90
C0979,71.667,5.0,0.1948,0.9742,100
C0980,75.866,5.032,0.2334,1.1744,10
C0980,76.776,5.042,0.2395,1.2075,20
C0980,78.631,5.056,0.25,1.2638,30
C0980,81.721,5.088,0.264,1.3431,40
C0980,84.151,5.092,0.2744,1.3974,50
C0980,86.908,5.137,0.2879,1.4788,60
C0980,87.513,5.146,0.2917,1.5009,70
C0980,88.688,5.162,0.2974,1.5349,80
C0980,90.335,5.182,0.3141,1.6274,90
C0980,92.101,5.197,0.324,1.684,100
C0981,70.975,4.979,0.204,1.0156,10
C0981,70.5,4.992,0.1932,0.9645,20
C0981,70.702,4.991,0.204,1.018,30
C0981,70.35,4.984,0.2088,1.0405,40
C0981,72.271,4.998,0.2068,1.0337,50
C0981,70.855,4.999,0.2041,1.0205,60
C0981,70.527,4.995,0.2005,1.0016,70
C0981,71.312,4.987,0.1959,0.977,80
C0981,71.102,5.001,0.205,1.0254,90
C0981,70.026,4.994,0.2045,1.0212,100
C0982,78.223,5.033,0.2146,1.0799,10
C0982,79.583,5.039,0.2232,1.1248,20
C0982,78.962,5.069,0.23,1.166,30
C0982,83.73,5.062,0.2451,1.2405,40
C0982,85.61,5.09,0.2642,1.3448,50
C0982,88.778,5.113,0.2756,1.4092,60
C0982,88.561,5.135,0.276,1.4173,70
C0982,88.619,5.138,0.2953,1.5174,80
C0982,92.396,5.164,0.2968,1.5327,90
C0982,95.191,5.187,0.3116,1.6164,100
C0983,71.453,4.989,0.1905,0.9507,10
C0983,70.673,4.982,0.1909,0.9514,20
C0983,70.486,4.969,0.1931,0.9596,30
C0983,71.06,4.995,0.1989,0.9933,40
C0983,71.517,5.002,0.1928,0.9642,50
C0983,70.117,4.991,0.199,0.9934,60
C0983,70.441,4.993,0.2041,1.0193,70
C0983,70.141,4.99,0.201,1.0031,80
C0983,70.824,4.994,0.2005,1.0014,90
C0983,70.762,4.98,0.1965,0.9783,100
C0984,71.008,5.051,0.205,1.0354,10
C0984,70.81,5.041,0.2013,1.0146,20
C0984,70.568,5.066,0.1973,0.9997,30
C0984,69.14,5.044,0.2076,1.0472,40
C0984,70.389,5.035,0.2038,1.0262,50
C0984,69.318,5.053,0.2022,1.022,60
C0984,70.309,5.051,0.2043,1.032,70
C0984,70.033,5.057,0.2067,1.0452,80
C0984,69.293,5.045,0.1992,1.0047,90
C0984,69.597,5.052,0.2018,1.0196,100
C0985,80.985,5.031,0.2255,1.1347,10
C0985,81.252,5.047,0.2355,1.1886,20
C0985,82.295,5.063,0.2463,1.2471,30
C0985,84.703,5.087,0.2514,1.279,40
C0985,87.76,5.098,0.2659,1.3556,50
C0985,87.755,5.113,0.2711,1.3861,60
C0985,92.018,5.162,0.2805,1.448,70
C0985,92.436,5.144,0.2967,1.5261,80
C0985,93.336,5.168,0.2961,1.5302,90
C0985,98.224,5.205,0.319,1.6603,100
C0986,70.638,5.042,0.206,1.0384,10
C0986,70.739,5.041,0.197,0.9931,20
C0986,70.725,5.035,0.2009,1.0117,30
C0986,70.631,5.02,0.2094,1.0509,40
C0986,70.405,5.018,0.2122,1.0649,50
C0986,70.211,5.03,0.213,1.0716,60
C0986,69.912,5.028,0.2058,1.0347,70
C0986,70.299,5.049,0.2096,1.0583,80
C0986,70.65,5.033,0.2095,1.0544,90
C0986,69.366,5.051,0.2019,1.0198,100
C0987,71.514,5.007,0.1932,0.9674,10
C0987,70.973,5.008,0.2068,1.0355,20
C0987,72.039,5.008,0.1943,0.9731,30
C0987,71.629,5.001,0.1941,0.9708,40
C0987,70.084,5.008,0.1955,0.979,50
C0987,70.929,5.012,0.1955,0.9799,60
C0987,70.936,5.015,0.1943,0.9745,70
C0987,70.627,4.99,0.2008,1.0017,80
C0987,71.331,5.008,0.1949,0.9758,90
C0987,71.986,5.009,0.2012,1.0078,100
C0988,77.819,5.05,0.234,1.1818,10
C0988,79.191,5.067,0.2436,1.2342,20
C0988,81.672,5.067,0.2472,1.2525,30
C0988,82.299,5.103,0.2649,1.3518,40
C0988,83.303,5.139,0.2798,1.4378,50
C0988,86.795,5.157,0.2836,1.4624,60
C0988,88.751,5.154,0.3009,1.5508,70
C0988,89.391,5.19,0.3081,1.5992,80
C0988,92.006,5.185,0.321,1.6644,90
C0988,94.872,5.216,0.3324,1.7338,100
C0989,70.367,4.992,0.2092,1.0446,10
C0989,70.903,4.976,0.2074,1.0322,20
C0989,70.697,4.997,0.2054,1.0265,30
C0989,69.988,4.997,0.2069,1.0341,40
C0989,70.775,4.99,0.2046,1.0208,50
C0989,69.06,4.987,0.2012,1.0031,60
C0989,69.021,4.98,0.2089,1.0403,70
C0989,69.973,4.991,0.2088,1.0419,80
C0989,70.097,4.982,0.2043,1.0178,90
C0989,70.582,4.989,0.1959,0.9773,100
C0990,71.635,4.977,0.1921,0.9561,10
C0990,70.455,4.978,0.1932,0.9616,20
C0990,72.473,4.996,0.1961,0.9795,30
C0990,72.278,4.996,0.1977,0.9878,40
C0990,71.186,4.986,0.1906,0.9501,50
C0990,71.11,4.99,0.1972,0.9839,60
C0990,71.448,4.989,0.1922,0.9586,70
C0990,71.71,4.988,0.1972,0.9836,80
C0990,70.322,4.996,0.1988,0.9931,90
C0990,71.842,4.991,0.1995,0.9954,100
C0991,72.441,5.001,0.1857,0.9289,10
C0991,73.46,5.019,0.1794,0.9004,20
C0991,73.716,5.011,0.1886,0.9449,30
C0991,74.125,5.006,0.1871,0.9363,40
C0991,73.391,4.989,0.1874,0.9349,50
C0991,73.348,4.997,0.1876,0.9373,60
C0991,73.866,4.997,0.1871,0.9349,70
C0991,73.54,5.006,0.1911,0.9566,80
C0991,73.855,5.008,0.1825,0.9141,90
C0991,73.142,5.009,0.1797,0.9003,100
C0992,70.916,5.021,0.1975,0.9916,10
C0992,71.637,4.997,0.1968,0.9834,20
C0992,71.66,5.0,0.1985,0.9924,30
C0992,71.95,4.998,0.1931,0.9653,40
C0992,70.55,5.018,0.2022,1.0145,50
C0992,71.859,4.999,0.1931,0.9654,60
C0992,71.296,5.003,0.1939,0.9701,70
C0992,70.584,4.986,0.2011,1.0026,80
C0992,70.742,5.007,0.1969,0.9856,90
C0992,71.819,5.007,0.1975,0.989,100
C0993,72.868,5.009,0.1963,0.9831,10
C0993,71.932,5.001,0.2001,1.0009,20
C0993,71.952,5.009,0.1948,0.9759,30
C0993,72.224,5.008,0.2077,1.04,40
C0993,71.54,5.016,0.1951,0.9789,50
C0993,73.135,5.001,0.2024,1.0121,60
C0993,72.458,4.995,0.199,0.9941,70
C0993,72.634,5.014,0.1973,0.9891,80
C0993,73.881,5.028,0.1996,1.0034,90
C0993,71.535,4.998,0.1971,0.9854,100
C0994,72.793,4.993,0.1769,0.8831,10
C0994,71.976,5.001,0.1881,0.9405,20
C0994,71.042,4.994,0.1878,0.9381,30
C0994,71.271,4.984,0.1904,0.949,40
C0994,72.398,5.0,0.1829,0.9142,50
C0994,72.225,5.003,0.1953,0.9772,60
C0994,71.286,4.994,0.192,0.9591,70
C0994,71.539,5.001,0.1897,0.9484,80
C0994,71.348,4.987,0.1948,0.9714,90
C0994,71.258,4.983,0.1911,0.9525,100
C0995,71.978,4.989,0.2052,1.0238,10
C0995,73.224,4.998,0.2058,1.0285,20
C0995,73.317,4.987,0.2079,1.0367,30
C0995,73.583,4.996,0.202,1.0092,40
C0995,73.486,5.017,0.206,1.0336,50
C0995,72.423,5.0,0.2021,1.0104,60
C0995,73.383,4.999,0.2017,1.0085,70
C0995,73.073,4.993,0.2002,0.9995,80
C0995,73.408,5.003,0.2036,1.0184,90
C0995,73.716,4.992,0.2037,1.0169,100
C0996,71.838,4.977,0.2079,1.0347,10
C0996,72.089,4.996,0.2036,1.0174,20
C0996,72.709,4.991,0.2047,1.0219,30
C0996,72.419,4.981,0.2066,1.029,40
C0996,71.986,4.986,0.2097,1.0453,50
C0996,71.881,4.983,0.2087,1.0401,60
C0996,71.316,5.006,0.2108,1.0556,70
C0996,71.64,4.967,0.2068,1.027,80
C0996,71.89,4.997,0.2082,1.0407,90
C0996,72.637,4.982,0.2131,1.0615,100
C0997,72.187,5.025,0.1991,1.0003,10
C0997,71.208,5.037,0.1915,0.9646,20
C0997,70.038,5.021,0.1939,0.9737,30
C0997,71.018,5.026,0.187,0.9397,40
C0997,70.755,5.031,0.1946,0.9788,50
C0997,70.914,5.026,0.1958,0.9839,60
C0997,70.51,5.028,0.1939,0.9749,70
C0997,70.389,5.029,0.1876,0.9433,80
C0997,70.731,5.034,0.1972,0.9926,90
C0997,71.146,5.033,0.198,0.9965,100
C0998,71.665,4.938,0.2048,1.0113,10
C0998,71.784,4.935,0.208,1.0266,20
C0998,72.141,4.937,0.2012,0.9934,30
C0998,73.556,4.94,0.2094,1.0346,40
C0998,71.953,4.929,0.2083,1.0266,50
C0998,72.331,4.95,0.216,1.0693,60
C0998,73.043,4.92,0.2059,1.0127,70
C0998,72.358,4.933,0.2075,1.0238,80
C0998,70.87,4.946,0.2002,0.9903,90
C0998,71.213,4.927,0.2073,1.0214,100
C0999,71.569,4.934,0.1978,0.9762,10
C0999,71.169,4.919,0.1978,0.9727,20
C0999,70.875,4.925,0.2001,0.9858,30
C0999,71.507,4.932,0.1968,0.9708,40
C0999,71.442,4.922,0.1929,0.9492,50
C0999,70.69,4.944,0.2037,1.007,60
C0999,71.7,4.94,0.1933,0.955,70
C0999,71.79,4.935,0.1934,0.9544,80
C0999,71.779,4.952,0.2004,0.9923,90
C0999,72.773,4.931,0.1956,0.9643,100
C1000,70.916,4.945,0.1893,0.9362,10
C1000,71.502,4.957,0.1868,0.9258,20
C1000,70.754,4.957,0.1917,0.9501,30
C1000,71.65,4.961,0.198,0.9824,40
C1000,70.952,4.95,0.199,0.9851,50
C1000,70.604,4.947,0.1992,0.9853,60
C1000,70.239,4.95,0.1877,0.9289,70
C1000,70.778,4.967,0.1793,0.8904,80
C1000,71.235,4.952,0.1882,0.9321,90
C1000,71.708,4.96,0.1917,0.9506,100
